{
    "task": "put_a_book_in_the_carton",
    "0_detect_surroundings": {
        "hardback_188": {
            "ability": [
                [
                    "heatable",
                    0
                ],
                [
                    "freezable",
                    0
                ]
            ],
            "position_in_bot": {
                "rho": 0.7875151204680019,
                "theta_deg": 110.8566251974409,
                "phi_deg": 83.92158397179921
            },
            "orientation_in_bot": [
                -0.004024413571999652,
                0.8762435327594446,
                -0.48179642933589695,
                -0.007299045953385744
            ],
            "position_in_world": [
                -1.6931486129760742,
                -3.0457704067230225,
                0.009212100878357887
            ],
            "bot_in_world": [
                -2.292344331741333,
                -3.4731650352478027,
                0.28935208916664124
            ],
            "path": "./prompt_files/data/put_a_book_in_the_carton/subtask_13/seg_instance0_detect_surroundings.png"
        },
        "shelf_owvfik_1": {
            "ability": [
                [
                    "heatable",
                    0
                ],
                [
                    "freezable",
                    0
                ]
            ],
            "position_in_bot": {
                "rho": 2.224144548027209,
                "theta_deg": 94.26517039368063,
                "phi_deg": 70.77330214833827
            },
            "orientation_in_bot": [
                0.3599290337231674,
                0.6154538335788534,
                0.3539950006661438,
                0.6052728384122128
            ],
            "position_in_world": [
                -0.8248105049133301,
                -1.810388207435608,
                0.12101665139198303
            ],
            "bot_in_world": [
                -2.292344331741333,
                -3.4731650352478027,
                0.28935208916664124
            ],
            "path": "./prompt_files/data/put_a_book_in_the_carton/subtask_13/seg_instance0_detect_surroundings.png"
        },
        "carton_195": {
            "ability": [
                [
                    "openable",
                    0
                ],
                [
                    "heatable",
                    0
                ],
                [
                    "freezable",
                    0
                ]
            ],
            "position_in_bot": {
                "rho": 1.1922773226329029,
                "theta_deg": 79.53722082330961,
                "phi_deg": 82.94554957863403
            },
            "orientation_in_bot": [
                0.05239763550760327,
                0.7114130881777696,
                0.04636764488629739,
                0.6992824517105226
            ],
            "position_in_world": [
                -1.3517491817474365,
                -2.771965503692627,
                0.5017791390419006
            ],
            "bot_in_world": [
                -2.292344331741333,
                -3.4731650352478027,
                0.28935208916664124
            ],
            "path": "./prompt_files/data/put_a_book_in_the_carton/subtask_13/seg_instance0_detect_surroundings.png"
        },
        "scene_graph": [],
        "inventory": []
    },
    "1_detect_surroundings": {
        "hardback_188": {
            "ability": [
                [
                    "heatable",
                    0
                ],
                [
                    "freezable",
                    0
                ]
            ],
            "position_in_bot": {
                "rho": 0.7875151204680019,
                "theta_deg": 110.8566251974409,
                "phi_deg": 83.92158397179921
            },
            "orientation_in_bot": [
                -0.004024413571999652,
                0.8762435327594446,
                -0.48179642933589695,
                -0.007299045953385744
            ],
            "position_in_world": [
                -1.6931486129760742,
                -3.0457704067230225,
                0.009212100878357887
            ],
            "bot_in_world": [
                -2.292344331741333,
                -3.4731650352478027,
                0.28935208916664124
            ],
            "path": "./prompt_files/data/put_a_book_in_the_carton/subtask_13/seg_instance1_detect_surroundings.png"
        },
        "shelf_owvfik_1": {
            "ability": [
                [
                    "heatable",
                    0
                ],
                [
                    "freezable",
                    0
                ]
            ],
            "position_in_bot": {
                "rho": 2.224144548027209,
                "theta_deg": 94.26517039368063,
                "phi_deg": 70.77330214833827
            },
            "orientation_in_bot": [
                0.3599290337231674,
                0.6154538335788534,
                0.3539950006661438,
                0.6052728384122128
            ],
            "position_in_world": [
                -0.8248105049133301,
                -1.810388207435608,
                0.12101665139198303
            ],
            "bot_in_world": [
                -2.292344331741333,
                -3.4731650352478027,
                0.28935208916664124
            ],
            "path": "./prompt_files/data/put_a_book_in_the_carton/subtask_13/seg_instance1_detect_surroundings.png"
        },
        "carton_195": {
            "ability": [
                [
                    "openable",
                    0
                ],
                [
                    "heatable",
                    0
                ],
                [
                    "freezable",
                    0
                ]
            ],
            "position_in_bot": {
                "rho": 1.1922773226329029,
                "theta_deg": 79.53722082330961,
                "phi_deg": 82.94554957863403
            },
            "orientation_in_bot": [
                0.05239763550760327,
                0.7114130881777696,
                0.04636764488629739,
                0.6992824517105226
            ],
            "position_in_world": [
                -1.3517491817474365,
                -2.771965503692627,
                0.5017791390419006
            ],
            "bot_in_world": [
                -2.292344331741333,
                -3.4731650352478027,
                0.28935208916664124
            ],
            "path": "./prompt_files/data/put_a_book_in_the_carton/subtask_13/seg_instance1_detect_surroundings.png"
        },
        "scene_graph": [],
        "inventory": []
    },
    "2_detect_surroundings": {
        "hardback_188": {
            "ability": [
                [
                    "heatable",
                    0
                ],
                [
                    "freezable",
                    0
                ]
            ],
            "position_in_bot": {
                "rho": 0.7875151204680019,
                "theta_deg": 110.8566251974409,
                "phi_deg": 83.92158397179921
            },
            "orientation_in_bot": [
                -0.004024413571999652,
                0.8762435327594446,
                -0.48179642933589695,
                -0.007299045953385744
            ],
            "position_in_world": [
                -1.6931486129760742,
                -3.0457704067230225,
                0.009212100878357887
            ],
            "bot_in_world": [
                -2.292344331741333,
                -3.4731650352478027,
                0.28935208916664124
            ],
            "path": "./prompt_files/data/put_a_book_in_the_carton/subtask_13/seg_instance2_detect_surroundings.png"
        },