{
    "task": "cook_a_frozen_pie",
    "0_detect_surroundings": {
        "fridge_dszchb_0": {
            "ability": [
                [
                    "openable",
                    1
                ],
                [
                    "heatable",
                    0
                ],
                [
                    "freezable",
                    0
                ]
            ],
            "position_in_bot": {
                "rho": 1.6305270655945532,
                "theta_deg": -63.12454290711847,
                "phi_deg": 68.1727786589127
            },
            "orientation_in_bot": [
                0.010815845863192059,
                0.019025066916604626,
                0.5211523685784909,
                0.8531830243459555
            ],
            "position_in_world": [
                -6.848034381866455,
                -1.78300940990448,
                0.8840970396995544
            ],
            "bot_in_world": [
                -5.946043968200684,
                -0.581588864326477,
                0.25036174058914185
            ],
            "path": "./prompt_files/data/cook_a_frozen_pie/subtask_14/seg_instance0_detect_surroundings.png"
        },
        "oven_wuinhm_0": {
            "ability": [
                [
                    "togglable",
                    1
                ],
                [
                    "openable",
                    1
                ],
                [
                    "heatable",
                    0
                ],
                [
                    "freezable",
                    0
                ]
            ],
            "position_in_bot": {
                "rho": 1.363768625292164,
                "theta_deg": -26.614724807584956,
                "phi_deg": 63.19129338194901
            },
            "orientation_in_bot": [
                0.010815845863192059,
                0.019025066916604626,
                0.5211523685784909,
                0.8531830243459555
            ],
            "position_in_world": [
                -5.947904109954834,
                -1.7742741107940674,
                0.911696195602417
            ],
            "bot_in_world": [
                -5.946043968200684,
                -0.581588864326477,
                0.25036174058914185
            ],
            "path": "./prompt_files/data/cook_a_frozen_pie/subtask_14/seg_instance0_detect_surroundings.png"
        },
        "cheese_tart_188": {
            "ability": [
                [
                    "heatable",
                    0
                ],
                [
                    "freezable",
                    0
                ],
                [
                    "burnable",
                    0
                ],
                [
                    "cookable",
                    0
                ]
            ],
            "position_in_bot": {
                "rho": 0.11248867122002622,
                "theta_deg": -7.870356357645044,
                "phi_deg": 2.853324803895537
            },
            "orientation_in_bot": [
                0.002378572546684281,
                0.03834646321411566,
                -0.044426824424727694,
                0.998273583955392
            ],
            "position_in_world": [
                -5.946577072143555,
                -0.5825679898262024,
                0.36284488439559937
            ],
            "bot_in_world": [
                -5.946043968200684,
                -0.581588864326477,
                0.25036174058914185
            ],
            "path": "./prompt_files/data/cook_a_frozen_pie/subtask_14/seg_instance0_detect_surroundings.png"
        },
        "scene_graph": [],
        "inventory": [
            "cheese_tart_188"
        ]
    },
    "1_detect_surroundings": {
        "fridge_dszchb_0": {
            "ability": [
                [
                    "openable",
                    1
                ],
                [
                    "heatable",
                    0
                ],
                [
                    "freezable",
                    0
                ]
            ],
            "position_in_bot": {
                "rho": 1.6305270655945532,
                "theta_deg": -63.12454290711847,
                "phi_deg": 68.1727786589127
            },
            "orientation_in_bot": [
                0.010815845863192059,
                0.019025066916604626,
                0.5211523685784909,
                0.8531830243459555
            ],
            "position_in_world": [
                -6.848034381866455,
                -1.78300940990448,
                0.8840970396995544
            ],
            "bot_in_world": [
                -5.946043968200684,
                -0.581588864326477,
                0.25036174058914185
            ],
            "path": "./prompt_files/data/cook_a_frozen_pie/subtask_14/seg_instance1_detect_surroundings.png"
        },
        "oven_wuinhm_0": {
            "ability": [
                [
                    "togglable",
                    1
                ],
                [
                    "openable",
                    1
                ],
                [
                    "heatable",
                    0
                ],
                [
                    "freezable",
                    0
                ]
            ],
            "position_in_bot": {
                "rho": 1.363768625292164,
                "theta_deg": -26.614724807584956,
                "phi_deg": 63.19129338194901
            },
            "orientation_in_bot": [
                0.010815845863192059,
                0.019025066916604626,
                0.5211523685784909,
                0.8531830243459555
            ],
            "position_in_world": [
                -5.947904109954834,
                -1.7742741107940674,
                0.911696195602417
            ],
            "bot_in_world": [
                -5.946043968200684,
                -0.581588864326477,
                0.25036174058914185
            ],
            "path": "./prompt_files/data/cook_a_frozen_pie/subtask_14/seg_instance1_detect_surroundings.png"
        },
        "cheese_tart_188": {
            "ability": [
                [
                    "heatable",
                    0
                ],
                [
                    "freezable",
                    0
                ],
                [
                    "burnable",
                    0
                ],
                [
                    "cookable",
                    0
                ]
            ],
            "position_in_bot": {
                "rho": 0.11248867122002622,
                "theta_deg": -7.870356357645044,
                "phi_deg": 2.853324803895537
            },
            "orientation_in_bot": [
                0.002378572546684281,
                0.03834646321411566,
                -0.044426824424727694,
                0.998273583955392
            ],
            "position_in_world": [
                -5.946577072143555,
                -0.5825679898262024,
                0.36284488439559937
            ],
            "bot_in_world": [
                -5.946043968200684,
                -0.581588864326477,
                0.25036174058914185
            ],
            "path": "./prompt_files/data/cook_a_frozen_pie/subtask_14/seg_instance1_detect_surroundings.png"
        },
        "scene_graph": [],
        "inventory": [
            "cheese_tart_188"
        ]
    },
    "2_detect_surroundings": {
        "fridge_dszchb_0": {
            "ability": [
                [
                    "openable",
                    1
                ],
                [
                    "heatable",
                    0
                ],
                [
                    "freezable",
                    0
                ]
            ],