{
    "task": "place_scrub_brush_on_the_floor",
    "0_detect_surroundings": {
        "scrub_brush_34": {
            "ability": [
                [
                    "heatable",
                    0
                ],
                [
                    "freezable",
                    0
                ]
            ],
            "position_in_bot": {
                "rho": 0.9697964822449477,
                "theta_deg": 127.97702510215488,
                "phi_deg": 91.31512570850478
            },
            "orientation_in_bot": [
                0.23726853849050883,
                0.677563525887055,
                0.2201210310543568,
                -0.6604226228087942
            ],
            "position_in_world": [
                3.6933727264404297,
                0.08120964467525482,
                0.009984799660742283
            ],
            "bot_in_world": [
                3.5339372158050537,
                -0.8753353953361511,
                -0.00036457180976867676
            ],
            "path": "./prompt_files/data/place_scrub_brush_on_the_floor/subtask_1/seg_instance0_detect_surroundings.png"
        },
        "scene_graph": [],
        "inventory": []
    },
    "1_detect_surroundings": {
        "scrub_brush_34": {
            "ability": [
                [
                    "heatable",
                    0
                ],
                [
                    "freezable",
                    0
                ]
            ],
            "position_in_bot": {
                "rho": 0.9697964822449477,
                "theta_deg": 127.97702510215488,
                "phi_deg": 91.31512570850478
            },
            "orientation_in_bot": [
                0.23726853849050883,
                0.677563525887055,
                0.2201210310543568,
                -0.6604226228087942
            ],
            "position_in_world": [
                3.6933727264404297,
                0.08120964467525482,
                0.009984799660742283
            ],
            "bot_in_world": [
                3.5339372158050537,
                -0.8753353953361511,
                -0.00036457180976867676
            ],
            "path": "./prompt_files/data/place_scrub_brush_on_the_floor/subtask_1/seg_instance1_detect_surroundings.png"
        },
        "scene_graph": [],
        "inventory": []
    },
    "2_detect_surroundings": {
        "scrub_brush_34": {
            "ability": [
                [
                    "heatable",
                    0
                ],
                [
                    "freezable",
                    0
                ]
            ],
            "position_in_bot": {
                "rho": 0.9697964822449477,
                "theta_deg": 127.97702510215488,
                "phi_deg": 91.31512570850478
            },
            "orientation_in_bot": [
                0.23726853849050883,
                0.677563525887055,
                0.2201210310543568,
                -0.6604226228087942
            ],
            "position_in_world": [
                3.6933727264404297,
                0.08120964467525482,
                0.009984799660742283
            ],
            "bot_in_world": [
                3.5339372158050537,
                -0.8753353953361511,
                -0.00036457180976867676
            ],
            "path": "./prompt_files/data/place_scrub_brush_on_the_floor/subtask_1/seg_instance2_detect_surroundings.png"
        },
        "scene_graph": [],
        "inventory": []
    },
    "3_detect_surroundings": {
        "scrub_brush_34": {
            "ability": [
                [
                    "heatable",
                    0
                ],
                [
                    "freezable",
                    0
                ]
            ],
            "position_in_bot": {
                "rho": 0.9697964822449477,
                "theta_deg": 127.97702510215488,
                "phi_deg": 91.31512570850478
            },
            "orientation_in_bot": [
                0.23726853849050883,
                0.677563525887055,
                0.2201210310543568,
                -0.6604226228087942
            ],
            "position_in_world": [
                3.6933727264404297,
                0.08120964467525482,
                0.009984799660742283
            ],
            "bot_in_world": [
                3.5339372158050537,
                -0.8753353953361511,
                -0.00036457180976867676
            ],
            "path": "./prompt_files/data/place_scrub_brush_on_the_floor/subtask_1/seg_instance3_detect_surroundings.png"
        },
        "scene_graph": [],
        "inventory": []
    },
    "4_detect_surroundings": {
        "scrub_brush_34": {
            "ability": [
                [
                    "heatable",
                    0
                ],
                [
                    "freezable",
                    0
                ]
            ],
            "position_in_bot": {
                "rho": 0.9697964822449477,
                "theta_deg": 127.97702510215488,
                "phi_deg": 91.31512570850478
            },
            "orientation_in_bot": [
                0.23726853849050883,
                0.677563525887055,
                0.2201210310543568,
                -0.6604226228087942
            ],
            "position_in_world": [
                3.6933727264404297,
                0.08120964467525482,
                0.009984799660742283
            ],
            "bot_in_world": [
                3.5339372158050537,
                -0.8753353953361511,
                -0.00036457180976867676
            ],
            "path": "./prompt_files/data/place_scrub_brush_on_the_floor/subtask_1/seg_instance4_detect_surroundings.png"
        },
        "scene_graph": [],
        "inventory": []
    },
    "5_detect_surroundings": {
        "scrub_brush_34": {
            "ability": [
                [
                    "heatable",
                    0
                ],
                [
                    "freezable",
                    0
                ]
            ],
            "position_in_bot": {
                "rho": 0.9697964822449477,
                "theta_deg": 127.97702510215488,
                "phi_deg": 91.31512570850478
            },
            "orientation_in_bot": [
                0.23726853849050883,
                0.677563525887055,
                0.2201210310543568,
                -0.6604226228087942
            ],
            "position_in_world": [
                3.6933727264404297,
                0.08120964467525482,
                0.009984799660742283
            ],
            "bot_in_world": [
                3.5339372158050537,
                -0.8753353953361511,
                -0.00036457180976867676
            ],
            "path": "./prompt_files/data/place_scrub_brush_on_the_floor/subtask_1/seg_instance5_detect_surroundings.png"
        },
        "scene_graph": [],
        "inventory": []
    },
    "6_detect_surroundings": {
        "scrub_brush_34": {
            "ability": [
                [
                    "heatable",
                    0
                ],
                [
                    "freezable",
                    0
                ]
            ],
            "position_in_bot": {
                "rho": 0.9697964822449477,
                "theta_deg": 127.97702510215488,
                "phi_deg": 91.31512570850478
            },
            "orientation_in_bot": [
                0.23726853849050883,
                0.677563525887055,
                0.2201210310543568,
                -0.6604226228087942
            ],
            "position_in_world": [
                3.6933727264404297,
                0.08120964467525482,
                0.009984799660742283
            ],