{
    "task": "put_a_teaspoon_in_the_bowl",
    "0_detect_surroundings": {
        "bottom_cabinet_no_top_qudfwe_0": {
            "ability": [
                [
                    "openable",
                    0
                ],
                [
                    "heatable",
                    0
                ],
                [
                    "freezable",
                    0
                ]
            ],
            "position_in_bot": {
                "rho": 1.513343697105963,
                "theta_deg": -32.42169361508841,
                "phi_deg": 76.92050357203429
            },
            "orientation_in_bot": [
                0.0309371379526359,
                -0.011388571200132043,
                0.9915485580063728,
                -0.12547769147064386
            ],
            "position_in_world": [
                -0.4690432846546173,
                -0.6071784496307373,
                0.4398816227912903
            ],
            "bot_in_world": [
                -1.4656221866607666,
                0.4460342228412628,
                0.006542563438415527
            ],
            "path": "./prompt_files/data/put_a_teaspoon_in_the_bowl/subtask_7/seg_instance0_detect_surroundings.png"
        },
        "scene_graph": [],
        "inventory": []
    },
    "1_detect_surroundings": {
        "bottom_cabinet_no_top_qudfwe_0": {
            "ability": [
                [
                    "openable",
                    0
                ],
                [
                    "heatable",
                    0
                ],
                [
                    "freezable",
                    0
                ]
            ],
            "position_in_bot": {
                "rho": 1.513343697105963,
                "theta_deg": -32.42169361508841,
                "phi_deg": 76.92050357203429
            },
            "orientation_in_bot": [
                0.0309371379526359,
                -0.011388571200132043,
                0.9915485580063728,
                -0.12547769147064386
            ],
            "position_in_world": [
                -0.4690432846546173,
                -0.6071784496307373,
                0.4398816227912903
            ],
            "bot_in_world": [
                -1.4656221866607666,
                0.4460342228412628,
                0.006542563438415527
            ],
            "path": "./prompt_files/data/put_a_teaspoon_in_the_bowl/subtask_7/seg_instance1_detect_surroundings.png"
        },
        "scene_graph": [],
        "inventory": []
    },
    "2_detect_surroundings": {
        "bottom_cabinet_no_top_qudfwe_0": {
            "ability": [
                [
                    "openable",
                    0
                ],
                [
                    "heatable",
                    0
                ],
                [
                    "freezable",
                    0
                ]
            ],
            "position_in_bot": {
                "rho": 1.513343697105963,
                "theta_deg": -32.42169361508841,
                "phi_deg": 76.92050357203429
            },
            "orientation_in_bot": [
                0.0309371379526359,
                -0.011388571200132043,
                0.9915485580063728,
                -0.12547769147064386
            ],
            "position_in_world": [
                -0.4690432846546173,
                -0.6071784496307373,
                0.4398816227912903
            ],
            "bot_in_world": [
                -1.4656221866607666,
                0.4460342228412628,
                0.006542563438415527
            ],
            "path": "./prompt_files/data/put_a_teaspoon_in_the_bowl/subtask_7/seg_instance2_detect_surroundings.png"
        },
        "scene_graph": [],
        "inventory": []
    },
    "3_detect_surroundings": {
        "bottom_cabinet_no_top_qudfwe_0": {
            "ability": [
                [
                    "openable",
                    0
                ],
                [
                    "heatable",
                    0
                ],
                [
                    "freezable",
                    0
                ]
            ],
            "position_in_bot": {
                "rho": 1.513343697105963,
                "theta_deg": -32.42169361508841,
                "phi_deg": 76.92050357203429
            },
            "orientation_in_bot": [
                0.0309371379526359,
                -0.011388571200132043,
                0.9915485580063728,
                -0.12547769147064386
            ],
            "position_in_world": [
                -0.4690432846546173,
                -0.6071784496307373,
                0.4398816227912903
            ],
            "bot_in_world": [
                -1.4656221866607666,
                0.4460342228412628,
                0.006542563438415527
            ],
            "path": "./prompt_files/data/put_a_teaspoon_in_the_bowl/subtask_7/seg_instance3_detect_surroundings.png"
        },
        "scene_graph": [],
        "inventory": []
    },
    "4_detect_surroundings": {
        "bottom_cabinet_no_top_qudfwe_0": {
            "ability": [
                [
                    "openable",
                    0
                ],
                [
                    "heatable",
                    0
                ],
                [
                    "freezable",
                    0
                ]
            ],
            "position_in_bot": {
                "rho": 1.513343697105963,
                "theta_deg": -32.42169361508841,
                "phi_deg": 76.92050357203429
            },
            "orientation_in_bot": [
                0.0309371379526359,
                -0.011388571200132043,
                0.9915485580063728,
                -0.12547769147064386
            ],
            "position_in_world": [
                -0.4690432846546173,
                -0.6071784496307373,
                0.4398816227912903
            ],
            "bot_in_world": [
                -1.4656221866607666,
                0.4460342228412628,
                0.006542563438415527
            ],
            "path": "./prompt_files/data/put_a_teaspoon_in_the_bowl/subtask_7/seg_instance4_detect_surroundings.png"
        },
        "scene_graph": [],
        "inventory": []
    },
    "5_detect_surroundings": {
        "bottom_cabinet_no_top_qudfwe_0": {
            "ability": [
                [
                    "openable",
                    0
                ],
                [
                    "heatable",
                    0
                ],
                [
                    "freezable",
                    0
                ]
            ],
            "position_in_bot": {
                "rho": 1.513343697105963,
                "theta_deg": -32.42169361508841,
                "phi_deg": 76.92050357203429
            },
            "orientation_in_bot": [
                0.0309371379526359,
                -0.011388571200132043,
                0.9915485580063728,
                -0.12547769147064386
            ],
            "position_in_world": [
                -0.4690432846546173,
                -0.6071784496307373,
                0.4398816227912903
            ],
            "bot_in_world": [
                -1.4656221866607666,
                0.4460342228412628,
                0.006542563438415527
            ],
            "path": "./prompt_files/data/put_a_teaspoon_in_the_bowl/subtask_7/seg_instance5_detect_surroundings.png"
        },
        "scene_graph": [],
        "inventory": []
    },