{
    "task": "cook_a_frozen_pie",
    "0_detect_surroundings": {
        "cheese_tart_188": {
            "ability": [
                [
                    "heatable",
                    0
                ],
                [
                    "freezable",
                    1
                ],
                [
                    "burnable",
                    0
                ],
                [
                    "cookable",
                    1
                ]
            ],
            "position_in_bot": {
                "rho": 1.7893040704272447,
                "theta_deg": 8.322539323623014,
                "phi_deg": 68.19027513772879
            },
            "orientation_in_bot": [
                0.0029449002494271524,
                0.02524893396132457,
                0.2143111996726751,
                0.976434600263221
            ],
            "position_in_world": [
                -5.889651775360107,
                -1.7979024648666382,
                0.9870314598083496
            ],
            "bot_in_world": [
                -6.844211578369141,
                -0.4756454825401306,
                0.25078344345092773
            ],
            "path": "./prompt_files/data/cook_a_frozen_pie/subtask_7/seg_instance0_detect_surroundings.png"
        },
        "oven_wuinhm_0": {
            "ability": [
                [
                    "openable",
                    1
                ],
                [
                    "togglable",
                    0
                ],
                [
                    "heatable",
                    0
                ],
                [
                    "freezable",
                    0
                ]
            ],
            "position_in_bot": {
                "rho": 1.7107334779978374,
                "theta_deg": 7.1380532125352145,
                "phi_deg": 69.76569119746796
            },
            "orientation_in_bot": [
                0.010438214169813985,
                0.019153430802694014,
                0.5194058686160089,
                0.8542492220778903
            ],
            "position_in_world": [
                -5.947904109954834,
                -1.7742741107940674,
                0.911696195602417
            ],
            "bot_in_world": [
                -6.844211578369141,
                -0.4756454825401306,
                0.25078344345092773
            ],
            "path": "./prompt_files/data/cook_a_frozen_pie/subtask_7/seg_instance0_detect_surroundings.png"
        },
        "fridge_dszchb_0": {
            "ability": [
                [
                    "openable",
                    1
                ],
                [
                    "heatable",
                    0
                ],
                [
                    "freezable",
                    0
                ]
            ],
            "position_in_bot": {
                "rho": 1.4526875528703975,
                "theta_deg": -26.98966581727557,
                "phi_deg": 66.31884151195212
            },
            "orientation_in_bot": [
                0.010438214169813985,
                0.019153430802694014,
                0.5194058686160089,
                0.8542492220778903
            ],
            "position_in_world": [
                -6.848034381866455,
                -1.78300940990448,
                0.8840970396995544
            ],
            "bot_in_world": [
                -6.844211578369141,
                -0.4756454825401306,
                0.25078344345092773
            ],
            "path": "./prompt_files/data/cook_a_frozen_pie/subtask_7/seg_instance0_detect_surroundings.png"
        },
        "scene_graph": [
            [
                "cheese_tart_188",
                "inside",
                "oven_wuinhm_0"
            ]
        ],
        "inventory": []
    },
    "1_detect_surroundings": {
        "cheese_tart_188": {
            "ability": [
                [
                    "heatable",
                    0
                ],
                [
                    "freezable",
                    1
                ],
                [
                    "burnable",
                    0
                ],
                [
                    "cookable",
                    1
                ]
            ],
            "position_in_bot": {
                "rho": 1.7893040704272447,
                "theta_deg": 8.322539323623014,
                "phi_deg": 68.19027513772879
            },
            "orientation_in_bot": [
                0.0029449002494271524,
                0.02524893396132457,
                0.2143111996726751,
                0.976434600263221
            ],
            "position_in_world": [
                -5.889651775360107,
                -1.7979024648666382,
                0.9870314598083496
            ],
            "bot_in_world": [
                -6.844211578369141,
                -0.4756454825401306,
                0.25078344345092773
            ],
            "path": "./prompt_files/data/cook_a_frozen_pie/subtask_7/seg_instance1_detect_surroundings.png"
        },
        "oven_wuinhm_0": {
            "ability": [
                [
                    "openable",
                    1
                ],
                [
                    "togglable",
                    0
                ],
                [
                    "heatable",
                    0
                ],
                [
                    "freezable",
                    0
                ]
            ],
            "position_in_bot": {
                "rho": 1.7107334779978374,
                "theta_deg": 7.1380532125352145,
                "phi_deg": 69.76569119746796
            },
            "orientation_in_bot": [
                0.010438214169813985,
                0.019153430802694014,
                0.5194058686160089,
                0.8542492220778903
            ],
            "position_in_world": [
                -5.947904109954834,
                -1.7742741107940674,
                0.911696195602417
            ],
            "bot_in_world": [
                -6.844211578369141,
                -0.4756454825401306,
                0.25078344345092773
            ],
            "path": "./prompt_files/data/cook_a_frozen_pie/subtask_7/seg_instance1_detect_surroundings.png"
        },
        "fridge_dszchb_0": {
            "ability": [
                [
                    "openable",
                    1
                ],
                [
                    "heatable",
                    0
                ],
                [
                    "freezable",
                    0
                ]
            ],
            "position_in_bot": {
                "rho": 1.4526875528703975,
                "theta_deg": -26.98966581727557,
                "phi_deg": 66.31884151195212
            },
            "orientation_in_bot": [
                0.010438214169813985,
                0.019153430802694014,
                0.5194058686160089,
                0.8542492220778903
            ],
            "position_in_world": [
                -6.848034381866455,
                -1.78300940990448,
                0.8840970396995544
            ],
            "bot_in_world": [
                -6.844211578369141,
                -0.4756454825401306,
                0.25078344345092773
            ],
            "path": "./prompt_files/data/cook_a_frozen_pie/subtask_7/seg_instance1_detect_surroundings.png"
        },
        "scene_graph": [
            [
                "cheese_tart_188",
                "inside",
                "oven_wuinhm_0"
            ]
        ],
        "inventory": []
    },