{
    "task": "cook_a_frozen_pie",
    "0_detect_surroundings": {
        "fridge_dszchb_0": {
            "ability": [
                [
                    "openable",
                    1
                ],
                [
                    "heatable",
                    0
                ],
                [
                    "freezable",
                    0
                ]
            ],
            "position_in_bot": {
                "rho": 1.6294294093036599,
                "theta_deg": -63.22917961779768,
                "phi_deg": 68.1302824780678
            },
            "orientation_in_bot": [
                0.010647209712142969,
                0.019075184357294193,
                0.5203785783744572,
                0.8536562009591799
            ],
            "position_in_world": [
                -6.848034381866455,
                -1.78300940990448,
                0.8840970396995544
            ],
            "bot_in_world": [
                -5.946699619293213,
                -0.5826457142829895,
                0.2502494156360626
            ],
            "path": "./prompt_files/data/cook_a_frozen_pie/subtask_7/seg_instance0_detect_surroundings.png"
        },
        "oven_wuinhm_0": {
            "ability": [
                [
                    "togglable",
                    0
                ],
                [
                    "openable",
                    1
                ],
                [
                    "heatable",
                    0
                ],
                [
                    "freezable",
                    0
                ]
            ],
            "position_in_bot": {
                "rho": 1.362898237170675,
                "theta_deg": -26.67806510553911,
                "phi_deg": 63.15182572187647
            },
            "orientation_in_bot": [
                0.010647209712142969,
                0.019075184357294193,
                0.5203785783744572,
                0.8536562009591799
            ],
            "position_in_world": [
                -5.947904109954834,
                -1.7742741107940674,
                0.911696195602417
            ],
            "bot_in_world": [
                -5.946699619293213,
                -0.5826457142829895,
                0.2502494156360626
            ],
            "path": "./prompt_files/data/cook_a_frozen_pie/subtask_7/seg_instance0_detect_surroundings.png"
        },
        "cheese_tart_188": {
            "ability": [
                [
                    "heatable",
                    0
                ],
                [
                    "freezable",
                    1
                ],
                [
                    "burnable",
                    0
                ],
                [
                    "cookable",
                    0
                ]
            ],
            "position_in_bot": {
                "rho": 0.22074201409523697,
                "theta_deg": -31.586596138472967,
                "phi_deg": 174.1958000692051
            },
            "orientation_in_bot": [
                -0.0008814868469823018,
                0.024600650791209436,
                0.001598967454409822,
                0.9996956908302983
            ],
            "position_in_world": [
                -5.943670749664307,
                -0.6132423281669617,
                0.03165912255644798
            ],
            "bot_in_world": [
                -5.946699619293213,
                -0.5826457142829895,
                0.2502494156360626
            ],
            "path": "./prompt_files/data/cook_a_frozen_pie/subtask_7/seg_instance0_detect_surroundings.png"
        },
        "scene_graph": [],
        "inventory": [
            "cheese_tart_188"
        ]
    },
    "1_detect_surroundings": {
        "fridge_dszchb_0": {
            "ability": [
                [
                    "openable",
                    1
                ],
                [
                    "heatable",
                    0
                ],
                [
                    "freezable",
                    0
                ]
            ],
            "position_in_bot": {
                "rho": 1.6294294093036599,
                "theta_deg": -63.22917961779768,
                "phi_deg": 68.1302824780678
            },
            "orientation_in_bot": [
                0.010647209712142969,
                0.019075184357294193,
                0.5203785783744572,
                0.8536562009591799
            ],
            "position_in_world": [
                -6.848034381866455,
                -1.78300940990448,
                0.8840970396995544
            ],
            "bot_in_world": [
                -5.946699619293213,
                -0.5826457142829895,
                0.2502494156360626
            ],
            "path": "./prompt_files/data/cook_a_frozen_pie/subtask_7/seg_instance1_detect_surroundings.png"
        },
        "oven_wuinhm_0": {
            "ability": [
                [
                    "togglable",
                    0
                ],
                [
                    "openable",
                    1
                ],
                [
                    "heatable",
                    0
                ],
                [
                    "freezable",
                    0
                ]
            ],
            "position_in_bot": {
                "rho": 1.362898237170675,
                "theta_deg": -26.67806510553911,
                "phi_deg": 63.15182572187647
            },
            "orientation_in_bot": [
                0.010647209712142969,
                0.019075184357294193,
                0.5203785783744572,
                0.8536562009591799
            ],
            "position_in_world": [
                -5.947904109954834,
                -1.7742741107940674,
                0.911696195602417
            ],
            "bot_in_world": [
                -5.946699619293213,
                -0.5826457142829895,
                0.2502494156360626
            ],
            "path": "./prompt_files/data/cook_a_frozen_pie/subtask_7/seg_instance1_detect_surroundings.png"
        },
        "cheese_tart_188": {
            "ability": [
                [
                    "heatable",
                    0
                ],
                [
                    "freezable",
                    1
                ],
                [
                    "burnable",
                    0
                ],
                [
                    "cookable",
                    0
                ]
            ],
            "position_in_bot": {
                "rho": 0.22074201409523697,
                "theta_deg": -31.586596138472967,
                "phi_deg": 174.1958000692051
            },
            "orientation_in_bot": [
                -0.0008814868469823018,
                0.024600650791209436,
                0.001598967454409822,
                0.9996956908302983
            ],
            "position_in_world": [
                -5.943670749664307,
                -0.6132423281669617,
                0.03165912255644798
            ],
            "bot_in_world": [
                -5.946699619293213,
                -0.5826457142829895,
                0.2502494156360626
            ],
            "path": "./prompt_files/data/cook_a_frozen_pie/subtask_7/seg_instance1_detect_surroundings.png"
        },
        "scene_graph": [],
        "inventory": [
            "cheese_tart_188"
        ]
    },
    "2_detect_surroundings": {
        "fridge_dszchb_0": {
            "ability": [
                [
                    "openable",
                    1
                ],
                [
                    "heatable",
                    0
                ],
                [
                    "freezable",
                    0
                ]
            ],