{
    "task": "buy_a_air_conditioner",
    "0_detect_surroundings": {
        "shopping_cart_kmgltg_1": {
            "ability": [
                [
                    "heatable",
                    0
                ],
                [
                    "freezable",
                    0
                ]
            ],
            "position_in_bot": {
                "rho": 88.7258325076001,
                "theta_deg": 24.46994428190979,
                "phi_deg": 2.5412636085627005
            },
            "orientation_in_bot": [
                -0.001082644067593987,
                0.01976899030374845,
                0.0707558524561116,
                0.9972971594501823
            ],
            "position_in_world": [
                3.391177177429199,
                -0.5582025051116943,
                0.43117740750312805
            ],
            "bot_in_world": [
                3.3911216259002686,
                -1.8382208347320557,
                -88.2854232788086
            ],
            "path": "./prompt_files/data/buy_a_air_conditioner/subtask_9/seg_instance0_detect_surroundings.png"
        },
        "checkout_counter_sckdal_0": {
            "ability": [
                [
                    "heatable",
                    0
                ],
                [
                    "freezable",
                    0
                ]
            ],
            "position_in_bot": {
                "rho": 88.93512012838504,
                "theta_deg": 81.31050112143033,
                "phi_deg": 2.5122097462237427
            },
            "orientation_in_bot": [
                0.9972672511271943,
                0.07074107693933036,
                -0.021294164188327164,
                0.000537060698532886
            ],
            "position_in_world": [
                0.7368888761418364,
                2.0660888102035844,
                0.5243021984952884
            ],
            "bot_in_world": [
                3.3911216259002686,
                -1.8382208347320557,
                -88.2854232788086
            ],
            "path": "./prompt_files/data/buy_a_air_conditioner/subtask_9/seg_instance0_detect_surroundings.png"
        },
        "ceiling_air_conditioner_143": {
            "ability": [
                [
                    "togglable",
                    0
                ],
                [
                    "heatable",
                    0
                ],
                [
                    "freezable",
                    0
                ]
            ],
            "position_in_bot": {
                "rho": 88.81447780247402,
                "theta_deg": 121.97822710070578,
                "phi_deg": 4.695476430217592
            },
            "orientation_in_bot": [
                -0.014810849174744243,
                0.01496673896728525,
                -0.6169897406728597,
                0.7866894529455987
            ],
            "position_in_world": [
                -3.313384771347046,
                4.982326030731201,
                0.012603465467691422
            ],
            "bot_in_world": [
                3.3911216259002686,
                -1.8382208347320557,
                -88.2854232788086
            ],
            "path": "./prompt_files/data/buy_a_air_conditioner/subtask_9/seg_instance0_detect_surroundings.png"
        },
        "money_142": {
            "ability": [
                [
                    "heatable",
                    0
                ],
                [
                    "freezable",
                    0
                ]
            ],
            "position_in_bot": {
                "rho": 88.6930521879718,
                "theta_deg": 23.51341972317331,
                "phi_deg": 2.5909670660193336
            },
            "orientation_in_bot": [
                -0.0099818234107096,
                0.004655442960629486,
                -0.4082710615990589,
                0.9127942979187672
            ],
            "position_in_world": [
                3.483302593231201,
                -0.6014155149459839,
                0.3989589512348175
            ],
            "bot_in_world": [
                3.3911216259002686,
                -1.8382208347320557,
                -88.2854232788086
            ],
            "path": "./prompt_files/data/buy_a_air_conditioner/subtask_9/seg_instance0_detect_surroundings.png"
        },
        "scene_graph": [
            [
                "money_142",
                "inside",
                "shopping_cart_kmgltg_1"
            ]
        ],
        "inventory": []
    },
    "1_detect_surroundings": {
        "shopping_cart_kmgltg_1": {
            "ability": [
                [
                    "heatable",
                    0
                ],
                [
                    "freezable",
                    0
                ]
            ],
            "position_in_bot": {
                "rho": 88.7258325076001,
                "theta_deg": 24.46994428190979,
                "phi_deg": 2.5412636085627005
            },
            "orientation_in_bot": [
                -0.001082644067593987,
                0.01976899030374845,
                0.0707558524561116,
                0.9972971594501823
            ],
            "position_in_world": [
                3.391177177429199,
                -0.5582025051116943,
                0.43117740750312805
            ],
            "bot_in_world": [
                3.3911216259002686,
                -1.8382208347320557,
                -88.2854232788086
            ],
            "path": "./prompt_files/data/buy_a_air_conditioner/subtask_9/seg_instance1_detect_surroundings.png"
        },
        "checkout_counter_sckdal_0": {
            "ability": [
                [
                    "heatable",
                    0
                ],
                [
                    "freezable",
                    0
                ]
            ],
            "position_in_bot": {
                "rho": 88.93512012838504,
                "theta_deg": 81.31050112143033,
                "phi_deg": 2.5122097462237427
            },
            "orientation_in_bot": [
                0.9972672511271943,
                0.07074107693933036,
                -0.021294164188327164,
                0.000537060698532886
            ],
            "position_in_world": [
                0.7368888761418364,
                2.0660888102035844,
                0.5243021984952884
            ],
            "bot_in_world": [
                3.3911216259002686,
                -1.8382208347320557,
                -88.2854232788086
            ],
            "path": "./prompt_files/data/buy_a_air_conditioner/subtask_9/seg_instance1_detect_surroundings.png"
        },
        "ceiling_air_conditioner_143": {
            "ability": [
                [
                    "togglable",
                    0
                ],
                [
                    "heatable",
                    0
                ],
                [
                    "freezable",
                    0
                ]
            ],
            "position_in_bot": {
                "rho": 88.81447780247402,
                "theta_deg": 121.97822710070578,
                "phi_deg": 4.695476430217592
            },
            "orientation_in_bot": [
                -0.014810849174744243,
                0.01496673896728525,
                -0.6169897406728597,
                0.7866894529455987
            ],
            "position_in_world": [
                -3.313384771347046,
                4.982326030731201,
                0.012603465467691422
            ],
            "bot_in_world": [
                3.3911216259002686,
                -1.8382208347320557,
                -88.2854232788086
            ],
            "path": "./prompt_files/data/buy_a_air_conditioner/subtask_9/seg_instance1_detect_surroundings.png"
        },