{
    "task": "cook_a_frozen_pie",
    "0_detect_surroundings": {
        "cheese_tart_188": {
            "ability": [
                [
                    "heatable",
                    0
                ],
                [
                    "freezable",
                    0
                ],
                [
                    "burnable",
                    0
                ],
                [
                    "cookable",
                    1
                ]
            ],
            "position_in_bot": {
                "rho": 0.2215900547072368,
                "theta_deg": 57.32660033254069,
                "phi_deg": 172.1771194953189
            },
            "orientation_in_bot": [
                0.004387280320308702,
                0.02301518197696072,
                0.21404291987931343,
                0.9765432307990752
            ],
            "position_in_world": [
                -5.912124156951904,
                -0.593873143196106,
                0.03169862926006317
            ],
            "bot_in_world": [
                -5.946961879730225,
                -0.5828461050987244,
                0.2502550184726715
            ],
            "path": "./prompt_files/data/cook_a_frozen_pie/subtask_9/seg_instance0_detect_surroundings.png"
        },
        "oven_wuinhm_0": {
            "ability": [
                [
                    "openable",
                    1
                ],
                [
                    "togglable",
                    0
                ],
                [
                    "heatable",
                    0
                ],
                [
                    "freezable",
                    0
                ]
            ],
            "position_in_bot": {
                "rho": 1.3627200663385617,
                "theta_deg": -26.795828488693502,
                "phi_deg": 63.12933021968572
            },
            "orientation_in_bot": [
                0.010415379104736291,
                0.019160927044101963,
                0.5193086984790726,
                0.85430840709716
            ],
            "position_in_world": [
                -5.947904109954834,
                -1.7742741107940674,
                0.911696195602417
            ],
            "bot_in_world": [
                -5.946961879730225,
                -0.5828461050987244,
                0.2502550184726715
            ],
            "path": "./prompt_files/data/cook_a_frozen_pie/subtask_9/seg_instance0_detect_surroundings.png"
        },
        "fridge_dszchb_0": {
            "ability": [
                [
                    "openable",
                    1
                ],
                [
                    "heatable",
                    0
                ],
                [
                    "freezable",
                    0
                ]
            ],
            "position_in_bot": {
                "rho": 1.6291345279392657,
                "theta_deg": -63.364950683621906,
                "phi_deg": 68.09613243211746
            },
            "orientation_in_bot": [
                0.010415379104736291,
                0.019160927044101963,
                0.5193086984790726,
                0.85430840709716
            ],
            "position_in_world": [
                -6.848034381866455,
                -1.78300940990448,
                0.8840970396995544
            ],
            "bot_in_world": [
                -5.946961879730225,
                -0.5828461050987244,
                0.2502550184726715
            ],
            "path": "./prompt_files/data/cook_a_frozen_pie/subtask_9/seg_instance0_detect_surroundings.png"
        },
        "scene_graph": [],
        "inventory": [
            "cheese_tart_188"
        ]
    },
    "1_detect_surroundings": {
        "cheese_tart_188": {
            "ability": [
                [
                    "heatable",
                    0
                ],
                [
                    "freezable",
                    0
                ],
                [
                    "burnable",
                    0
                ],
                [
                    "cookable",
                    1
                ]
            ],
            "position_in_bot": {
                "rho": 0.2215900547072368,
                "theta_deg": 57.32660033254069,
                "phi_deg": 172.1771194953189
            },
            "orientation_in_bot": [
                0.004387280320308702,
                0.02301518197696072,
                0.21404291987931343,
                0.9765432307990752
            ],
            "position_in_world": [
                -5.912124156951904,
                -0.593873143196106,
                0.03169862926006317
            ],
            "bot_in_world": [
                -5.946961879730225,
                -0.5828461050987244,
                0.2502550184726715
            ],
            "path": "./prompt_files/data/cook_a_frozen_pie/subtask_9/seg_instance1_detect_surroundings.png"
        },
        "oven_wuinhm_0": {
            "ability": [
                [
                    "openable",
                    1
                ],
                [
                    "togglable",
                    0
                ],
                [
                    "heatable",
                    0
                ],
                [
                    "freezable",
                    0
                ]
            ],
            "position_in_bot": {
                "rho": 1.3627200663385617,
                "theta_deg": -26.795828488693502,
                "phi_deg": 63.12933021968572
            },
            "orientation_in_bot": [
                0.010415379104736291,
                0.019160927044101963,
                0.5193086984790726,
                0.85430840709716
            ],
            "position_in_world": [
                -5.947904109954834,
                -1.7742741107940674,
                0.911696195602417
            ],
            "bot_in_world": [
                -5.946961879730225,
                -0.5828461050987244,
                0.2502550184726715
            ],
            "path": "./prompt_files/data/cook_a_frozen_pie/subtask_9/seg_instance1_detect_surroundings.png"
        },
        "fridge_dszchb_0": {
            "ability": [
                [
                    "openable",
                    1
                ],
                [
                    "heatable",
                    0
                ],
                [
                    "freezable",
                    0
                ]
            ],
            "position_in_bot": {
                "rho": 1.6291345279392657,
                "theta_deg": -63.364950683621906,
                "phi_deg": 68.09613243211746
            },
            "orientation_in_bot": [
                0.010415379104736291,
                0.019160927044101963,
                0.5193086984790726,
                0.85430840709716
            ],
            "position_in_world": [
                -6.848034381866455,
                -1.78300940990448,
                0.8840970396995544
            ],
            "bot_in_world": [
                -5.946961879730225,
                -0.5828461050987244,
                0.2502550184726715
            ],
            "path": "./prompt_files/data/cook_a_frozen_pie/subtask_9/seg_instance1_detect_surroundings.png"
        },
        "scene_graph": [],
        "inventory": [
            "cheese_tart_188"
        ]
    },