{
    "task": "put_a_teaspoon_in_the_bowl",
    "0_detect_surroundings": {
        "bottom_cabinet_no_top_qudfwe_0": {
            "ability": [
                [
                    "openable",
                    1
                ],
                [
                    "heatable",
                    0
                ],
                [
                    "freezable",
                    0
                ]
            ],
            "position_in_bot": {
                "rho": 1.2990584362349828,
                "theta_deg": -76.08411765784356,
                "phi_deg": 70.95796214682142
            },
            "orientation_in_bot": [
                0.02191670922454649,
                -0.0023939244314819604,
                0.9930779916214642,
                -0.11536910132120379
            ],
            "position_in_world": [
                -0.4690432846546173,
                -0.6071784496307373,
                0.4398816227912903
            ],
            "bot_in_world": [
                -0.47757360339164734,
                0.6164697408676147,
                0.003802269697189331
            ],
            "path": "./prompt_files/data/put_a_teaspoon_in_the_bowl/subtask_4/seg_instance0_detect_surroundings.png"
        },
        "scene_graph": [],
        "inventory": []
    },
    "1_detect_surroundings": {
        "bottom_cabinet_no_top_qudfwe_0": {
            "ability": [
                [
                    "openable",
                    1
                ],
                [
                    "heatable",
                    0
                ],
                [
                    "freezable",
                    0
                ]
            ],
            "position_in_bot": {
                "rho": 1.2990584362349828,
                "theta_deg": -76.08411765784356,
                "phi_deg": 70.95796214682142
            },
            "orientation_in_bot": [
                0.02191670922454649,
                -0.0023939244314819604,
                0.9930779916214642,
                -0.11536910132120379
            ],
            "position_in_world": [
                -0.4690432846546173,
                -0.6071784496307373,
                0.4398816227912903
            ],
            "bot_in_world": [
                -0.47757360339164734,
                0.6164697408676147,
                0.003802269697189331
            ],
            "path": "./prompt_files/data/put_a_teaspoon_in_the_bowl/subtask_4/seg_instance1_detect_surroundings.png"
        },
        "scene_graph": [],
        "inventory": []
    },
    "2_detect_surroundings": {
        "bottom_cabinet_no_top_qudfwe_0": {
            "ability": [
                [
                    "openable",
                    1
                ],
                [
                    "heatable",
                    0
                ],
                [
                    "freezable",
                    0
                ]
            ],
            "position_in_bot": {
                "rho": 1.2990584362349828,
                "theta_deg": -76.08411765784356,
                "phi_deg": 70.95796214682142
            },
            "orientation_in_bot": [
                0.02191670922454649,
                -0.0023939244314819604,
                0.9930779916214642,
                -0.11536910132120379
            ],
            "position_in_world": [
                -0.4690432846546173,
                -0.6071784496307373,
                0.4398816227912903
            ],
            "bot_in_world": [
                -0.47757360339164734,
                0.6164697408676147,
                0.003802269697189331
            ],
            "path": "./prompt_files/data/put_a_teaspoon_in_the_bowl/subtask_4/seg_instance2_detect_surroundings.png"
        },
        "scene_graph": [],
        "inventory": []
    },
    "3_detect_surroundings": {
        "bottom_cabinet_no_top_qudfwe_0": {
            "ability": [
                [
                    "openable",
                    1
                ],
                [
                    "heatable",
                    0
                ],
                [
                    "freezable",
                    0
                ]
            ],
            "position_in_bot": {
                "rho": 1.2990584362349828,
                "theta_deg": -76.08411765784356,
                "phi_deg": 70.95796214682142
            },
            "orientation_in_bot": [
                0.02191670922454649,
                -0.0023939244314819604,
                0.9930779916214642,
                -0.11536910132120379
            ],
            "position_in_world": [
                -0.4690432846546173,
                -0.6071784496307373,
                0.4398816227912903
            ],
            "bot_in_world": [
                -0.47757360339164734,
                0.6164697408676147,
                0.003802269697189331
            ],
            "path": "./prompt_files/data/put_a_teaspoon_in_the_bowl/subtask_4/seg_instance3_detect_surroundings.png"
        },
        "scene_graph": [],
        "inventory": []
    },
    "4_detect_surroundings": {
        "bottom_cabinet_no_top_qudfwe_0": {
            "ability": [
                [
                    "openable",
                    1
                ],
                [
                    "heatable",
                    0
                ],
                [
                    "freezable",
                    0
                ]
            ],
            "position_in_bot": {
                "rho": 1.2990584362349828,
                "theta_deg": -76.08411765784356,
                "phi_deg": 70.95796214682142
            },
            "orientation_in_bot": [
                0.02191670922454649,
                -0.0023939244314819604,
                0.9930779916214642,
                -0.11536910132120379
            ],
            "position_in_world": [
                -0.4690432846546173,
                -0.6071784496307373,
                0.4398816227912903
            ],
            "bot_in_world": [
                -0.47757360339164734,
                0.6164697408676147,
                0.003802269697189331
            ],
            "path": "./prompt_files/data/put_a_teaspoon_in_the_bowl/subtask_4/seg_instance4_detect_surroundings.png"
        },
        "scene_graph": [],
        "inventory": []
    },
    "5_detect_surroundings": {
        "bottom_cabinet_no_top_qudfwe_0": {
            "ability": [
                [
                    "openable",
                    1
                ],
                [
                    "heatable",
                    0
                ],
                [
                    "freezable",
                    0
                ]
            ],
            "position_in_bot": {
                "rho": 1.2990584362349828,
                "theta_deg": -76.08411765784356,
                "phi_deg": 70.95796214682142
            },
            "orientation_in_bot": [
                0.02191670922454649,
                -0.0023939244314819604,
                0.9930779916214642,
                -0.11536910132120379
            ],
            "position_in_world": [
                -0.4690432846546173,
                -0.6071784496307373,
                0.4398816227912903
            ],
            "bot_in_world": [
                -0.47757360339164734,
                0.6164697408676147,
                0.003802269697189331
            ],
            "path": "./prompt_files/data/put_a_teaspoon_in_the_bowl/subtask_4/seg_instance5_detect_surroundings.png"
        },
        "scene_graph": [],
        "inventory": []
    },