{
    "task": "put_a_teaspoon_in_the_bowl",
    "0_detect_surroundings": {
        "bottom_cabinet_no_top_qudfwe_0": {
            "ability": [
                [
                    "openable",
                    1
                ],
                [
                    "heatable",
                    0
                ],
                [
                    "freezable",
                    0
                ]
            ],
            "position_in_bot": {
                "rho": 1.512670893600891,
                "theta_deg": -32.45992020438964,
                "phi_deg": 78.44009277227899
            },
            "orientation_in_bot": [
                0.03987557517407527,
                -0.020007037037165453,
                0.9910946721870527,
                -0.1254631728276016
            ],
            "position_in_world": [
                -0.4690432846546173,
                -0.6071784496307373,
                0.4398816227912903
            ],
            "bot_in_world": [
                -1.46571946144104,
                0.44609054923057556,
                0.00926092267036438
            ],
            "path": "./prompt_files/data/put_a_teaspoon_in_the_bowl/subtask_5/seg_instance0_detect_surroundings.png"
        },
        "scene_graph": [],
        "inventory": []
    },
    "1_detect_surroundings": {
        "bottom_cabinet_no_top_qudfwe_0": {
            "ability": [
                [
                    "openable",
                    1
                ],
                [
                    "heatable",
                    0
                ],
                [
                    "freezable",
                    0
                ]
            ],
            "position_in_bot": {
                "rho": 1.512670893600891,
                "theta_deg": -32.45992020438964,
                "phi_deg": 78.44009277227899
            },
            "orientation_in_bot": [
                0.03987557517407527,
                -0.020007037037165453,
                0.9910946721870527,
                -0.1254631728276016
            ],
            "position_in_world": [
                -0.4690432846546173,
                -0.6071784496307373,
                0.4398816227912903
            ],
            "bot_in_world": [
                -1.46571946144104,
                0.44609054923057556,
                0.00926092267036438
            ],
            "path": "./prompt_files/data/put_a_teaspoon_in_the_bowl/subtask_5/seg_instance1_detect_surroundings.png"
        },
        "scene_graph": [],
        "inventory": []
    },
    "2_detect_surroundings": {
        "bottom_cabinet_no_top_qudfwe_0": {
            "ability": [
                [
                    "openable",
                    1
                ],
                [
                    "heatable",
                    0
                ],
                [
                    "freezable",
                    0
                ]
            ],
            "position_in_bot": {
                "rho": 1.512670893600891,
                "theta_deg": -32.45992020438964,
                "phi_deg": 78.44009277227899
            },
            "orientation_in_bot": [
                0.03987557517407527,
                -0.020007037037165453,
                0.9910946721870527,
                -0.1254631728276016
            ],
            "position_in_world": [
                -0.4690432846546173,
                -0.6071784496307373,
                0.4398816227912903
            ],
            "bot_in_world": [
                -1.46571946144104,
                0.44609054923057556,
                0.00926092267036438
            ],
            "path": "./prompt_files/data/put_a_teaspoon_in_the_bowl/subtask_5/seg_instance2_detect_surroundings.png"
        },
        "scene_graph": [],
        "inventory": []
    },
    "3_detect_surroundings": {
        "bottom_cabinet_no_top_qudfwe_0": {
            "ability": [
                [
                    "openable",
                    1
                ],
                [
                    "heatable",
                    0
                ],
                [
                    "freezable",
                    0
                ]
            ],
            "position_in_bot": {
                "rho": 1.512670893600891,
                "theta_deg": -32.45992020438964,
                "phi_deg": 78.44009277227899
            },
            "orientation_in_bot": [
                0.03987557517407527,
                -0.020007037037165453,
                0.9910946721870527,
                -0.1254631728276016
            ],
            "position_in_world": [
                -0.4690432846546173,
                -0.6071784496307373,
                0.4398816227912903
            ],
            "bot_in_world": [
                -1.46571946144104,
                0.44609054923057556,
                0.00926092267036438
            ],
            "path": "./prompt_files/data/put_a_teaspoon_in_the_bowl/subtask_5/seg_instance3_detect_surroundings.png"
        },
        "scene_graph": [],
        "inventory": []
    },
    "4_detect_surroundings": {
        "bottom_cabinet_no_top_qudfwe_0": {
            "ability": [
                [
                    "openable",
                    1
                ],
                [
                    "heatable",
                    0
                ],
                [
                    "freezable",
                    0
                ]
            ],
            "position_in_bot": {
                "rho": 1.512670893600891,
                "theta_deg": -32.45992020438964,
                "phi_deg": 78.44009277227899
            },
            "orientation_in_bot": [
                0.03987557517407527,
                -0.020007037037165453,
                0.9910946721870527,
                -0.1254631728276016
            ],
            "position_in_world": [
                -0.4690432846546173,
                -0.6071784496307373,
                0.4398816227912903
            ],
            "bot_in_world": [
                -1.46571946144104,
                0.44609054923057556,
                0.00926092267036438
            ],
            "path": "./prompt_files/data/put_a_teaspoon_in_the_bowl/subtask_5/seg_instance4_detect_surroundings.png"
        },
        "scene_graph": [],
        "inventory": []
    },
    "5_detect_surroundings": {
        "bottom_cabinet_no_top_qudfwe_0": {
            "ability": [
                [
                    "openable",
                    1
                ],
                [
                    "heatable",
                    0
                ],
                [
                    "freezable",
                    0
                ]
            ],
            "position_in_bot": {
                "rho": 1.512670893600891,
                "theta_deg": -32.45992020438964,
                "phi_deg": 78.44009277227899
            },
            "orientation_in_bot": [
                0.03987557517407527,
                -0.020007037037165453,
                0.9910946721870527,
                -0.1254631728276016
            ],
            "position_in_world": [
                -0.4690432846546173,
                -0.6071784496307373,
                0.4398816227912903
            ],
            "bot_in_world": [
                -1.46571946144104,
                0.44609054923057556,
                0.00926092267036438
            ],
            "path": "./prompt_files/data/put_a_teaspoon_in_the_bowl/subtask_5/seg_instance5_detect_surroundings.png"
        },
        "scene_graph": [],
        "inventory": []
    },