{
    "task": "buy_a_good_avocado",
    "0_detect_surroundings": {
        "money_143": {
            "ability": [
                [
                    "heatable",
                    0
                ],
                [
                    "freezable",
                    0
                ]
            ],
            "position_in_bot": {
                "rho": 4.046270844873448,
                "theta_deg": 11.25356382408196,
                "phi_deg": 48.26725581538719
            },
            "orientation_in_bot": [
                0.7155492324596222,
                0.0448242802669835,
                -0.002175938379211616,
                -0.6971193191392433
            ],
            "position_in_world": [
                0.7368772625923157,
                2.0660617351531982,
                0.7624160647392273
            ],
            "bot_in_world": [
                0.6229956150054932,
                6.080077171325684,
                0.2654056251049042
            ],
            "path": "./prompt_files/data/buy_a_good_avocado/subtask_4/seg_instance0_detect_surroundings.png"
        },
        "checkout_counter_sckdal_0": {
            "ability": [
                [
                    "heatable",
                    0
                ],
                [
                    "freezable",
                    0
                ]
            ],
            "position_in_bot": {
                "rho": 4.023940885816019,
                "theta_deg": 6.762054673262658,
                "phi_deg": 47.84809040750259
            },
            "orientation_in_bot": [
                0.6407478621298284,
                0.27316203890479956,
                -0.27867591586537394,
                0.6611840981103693
            ],
            "position_in_world": [
                0.7368888761418364,
                2.0660888102035844,
                0.5243021984952884
            ],
            "bot_in_world": [
                0.6229956150054932,
                6.080077171325684,
                0.2654056251049042
            ],
            "path": "./prompt_files/data/buy_a_good_avocado/subtask_4/seg_instance0_detect_surroundings.png"
        },
        "shopping_cart_kmgltg_1": {
            "ability": [
                [
                    "heatable",
                    0
                ],
                [
                    "freezable",
                    0
                ]
            ],
            "position_in_bot": {
                "rho": 7.194281393536257,
                "theta_deg": 2.3183640479544874,
                "phi_deg": 68.63835984643352
            },
            "orientation_in_bot": [
                0.6611962868088501,
                -0.27754626988553327,
                -0.2743236445756315,
                -0.6407293316288541
            ],
            "position_in_world": [
                3.3912339210510254,
                -0.5582255125045776,
                0.4311773478984833
            ],
            "bot_in_world": [
                0.6229956150054932,
                6.080077171325684,
                0.2654056251049042
            ],
            "path": "./prompt_files/data/buy_a_good_avocado/subtask_4/seg_instance0_detect_surroundings.png"
        },
        "avocado_142": {
            "ability": [
                [
                    "heatable",
                    0
                ],
                [
                    "freezable",
                    0
                ],
                [
                    "burnable",
                    0
                ],
                [
                    "cookable",
                    0
                ]
            ],
            "position_in_bot": {
                "rho": 0.25140145201315695,
                "theta_deg": -77.83084796806351,
                "phi_deg": 104.10382013524138
            },
            "orientation_in_bot": [
                0.8712939163376124,
                -0.28914595638348917,
                0.3937615378423068,
                -0.04683351979303317
            ],
            "position_in_world": [
                0.7071453928947449,
                6.091341018676758,
                0.028773777186870575
            ],
            "bot_in_world": [
                0.6229956150054932,
                6.080077171325684,
                0.2654056251049042
            ],
            "path": "./prompt_files/data/buy_a_good_avocado/subtask_4/seg_instance0_detect_surroundings.png"
        },
        "scene_graph": [
            [
                "money_143",
                "ontop",
                "checkout_counter_sckdal_0"
            ]
        ],
        "inventory": [
            "avocado_142"
        ]
    },
    "1_detect_surroundings": {
        "money_143": {
            "ability": [
                [
                    "heatable",
                    0
                ],
                [
                    "freezable",
                    0
                ]
            ],
            "position_in_bot": {
                "rho": 4.046270844873448,
                "theta_deg": 11.25356382408196,
                "phi_deg": 48.26725581538719
            },
            "orientation_in_bot": [
                0.7155492324596222,
                0.0448242802669835,
                -0.002175938379211616,
                -0.6971193191392433
            ],
            "position_in_world": [
                0.7368772625923157,
                2.0660617351531982,
                0.7624160647392273
            ],
            "bot_in_world": [
                0.6229956150054932,
                6.080077171325684,
                0.2654056251049042
            ],
            "path": "./prompt_files/data/buy_a_good_avocado/subtask_4/seg_instance1_detect_surroundings.png"
        },
        "checkout_counter_sckdal_0": {
            "ability": [
                [
                    "heatable",
                    0
                ],
                [
                    "freezable",
                    0
                ]
            ],
            "position_in_bot": {
                "rho": 4.023940885816019,
                "theta_deg": 6.762054673262658,
                "phi_deg": 47.84809040750259
            },
            "orientation_in_bot": [
                0.6407478621298284,
                0.27316203890479956,
                -0.27867591586537394,
                0.6611840981103693
            ],
            "position_in_world": [
                0.7368888761418364,
                2.0660888102035844,
                0.5243021984952884
            ],
            "bot_in_world": [
                0.6229956150054932,
                6.080077171325684,
                0.2654056251049042
            ],
            "path": "./prompt_files/data/buy_a_good_avocado/subtask_4/seg_instance1_detect_surroundings.png"
        },
        "shopping_cart_kmgltg_1": {
            "ability": [
                [
                    "heatable",
                    0
                ],
                [
                    "freezable",
                    0
                ]
            ],
            "position_in_bot": {
                "rho": 7.194281393536257,
                "theta_deg": 2.3183640479544874,
                "phi_deg": 68.63835984643352
            },
            "orientation_in_bot": [
                0.6611962868088501,
                -0.27754626988553327,
                -0.2743236445756315,
                -0.6407293316288541
            ],
            "position_in_world": [
                3.3912339210510254,
                -0.5582255125045776,
                0.4311773478984833
            ],
            "bot_in_world": [
                0.6229956150054932,
                6.080077171325684,
                0.2654056251049042
            ],
            "path": "./prompt_files/data/buy_a_good_avocado/subtask_4/seg_instance1_detect_surroundings.png"
        },