{
    "task": "cook_a_frozen_pie",
    "0_detect_surroundings": {
        "fridge_dszchb_0": {
            "ability": [
                [
                    "openable",
                    1
                ],
                [
                    "heatable",
                    0
                ],
                [
                    "freezable",
                    0
                ]
            ],
            "position_in_bot": {
                "rho": 1.4486552490199172,
                "theta_deg": -26.283815060190918,
                "phi_deg": 66.28697416372293
            },
            "orientation_in_bot": [
                0.011211252621456278,
                0.018902514725798382,
                0.5240829115391106,
                0.8513836412478147
            ],
            "position_in_world": [
                -6.848034381866455,
                -1.78300940990448,
                0.8840970396995544
            ],
            "bot_in_world": [
                -6.846851825714111,
                -0.48038315773010254,
                0.25024735927581787
            ],
            "path": "./prompt_files/data/cook_a_frozen_pie/subtask_4/seg_instance0_detect_surroundings.png"
        },
        "oven_wuinhm_0": {
            "ability": [
                [
                    "togglable",
                    0
                ],
                [
                    "openable",
                    0
                ],
                [
                    "heatable",
                    0
                ],
                [
                    "freezable",
                    0
                ]
            ],
            "position_in_bot": {
                "rho": 1.7087350466561473,
                "theta_deg": 7.898864281819212,
                "phi_deg": 69.72566521481936
            },
            "orientation_in_bot": [
                0.011211252621456278,
                0.018902514725798382,
                0.5240829115391106,
                0.8513836412478147
            ],
            "position_in_world": [
                -5.947904109954834,
                -1.7742741107940674,
                0.911696195602417
            ],
            "bot_in_world": [
                -6.846851825714111,
                -0.48038315773010254,
                0.25024735927581787
            ],
            "path": "./prompt_files/data/cook_a_frozen_pie/subtask_4/seg_instance0_detect_surroundings.png"
        },
        "cheese_tart_188": {
            "ability": [
                [
                    "heatable",
                    0
                ],
                [
                    "freezable",
                    1
                ],
                [
                    "burnable",
                    0
                ],
                [
                    "cookable",
                    0
                ]
            ],
            "position_in_bot": {
                "rho": 1.5016780418771525,
                "theta_deg": -22.41480613550236,
                "phi_deg": 69.65084563571064
            },
            "orientation_in_bot": [
                0.003655886876200653,
                0.025096496345298994,
                0.17408953129963334,
                0.9844031874461869
            ],
            "position_in_world": [
                -6.751186370849609,
                -1.8628571033477783,
                0.8287374377250671
            ],
            "bot_in_world": [
                -6.846851825714111,
                -0.48038315773010254,
                0.25024735927581787
            ],
            "path": "./prompt_files/data/cook_a_frozen_pie/subtask_4/seg_instance0_detect_surroundings.png"
        },
        "scene_graph": [
            [
                "fridge_dszchb_0",
                "ontop",
                "cheese_tart_188"
            ],
            [
                "cheese_tart_188",
                "inside",
                "fridge_dszchb_0"
            ]
        ],
        "inventory": []
    },
    "1_detect_surroundings": {
        "fridge_dszchb_0": {
            "ability": [
                [
                    "openable",
                    1
                ],
                [
                    "heatable",
                    0
                ],
                [
                    "freezable",
                    0
                ]
            ],
            "position_in_bot": {
                "rho": 1.4486552490199172,
                "theta_deg": -26.283815060190918,
                "phi_deg": 66.28697416372293
            },
            "orientation_in_bot": [
                0.011211252621456278,
                0.018902514725798382,
                0.5240829115391106,
                0.8513836412478147
            ],
            "position_in_world": [
                -6.848034381866455,
                -1.78300940990448,
                0.8840970396995544
            ],
            "bot_in_world": [
                -6.846851825714111,
                -0.48038315773010254,
                0.25024735927581787
            ],
            "path": "./prompt_files/data/cook_a_frozen_pie/subtask_4/seg_instance1_detect_surroundings.png"
        },
        "oven_wuinhm_0": {
            "ability": [
                [
                    "togglable",
                    0
                ],
                [
                    "openable",
                    0
                ],
                [
                    "heatable",
                    0
                ],
                [
                    "freezable",
                    0
                ]
            ],
            "position_in_bot": {
                "rho": 1.7087350466561473,
                "theta_deg": 7.898864281819212,
                "phi_deg": 69.72566521481936
            },
            "orientation_in_bot": [
                0.011211252621456278,
                0.018902514725798382,
                0.5240829115391106,
                0.8513836412478147
            ],
            "position_in_world": [
                -5.947904109954834,
                -1.7742741107940674,
                0.911696195602417
            ],
            "bot_in_world": [
                -6.846851825714111,
                -0.48038315773010254,
                0.25024735927581787
            ],
            "path": "./prompt_files/data/cook_a_frozen_pie/subtask_4/seg_instance1_detect_surroundings.png"
        },
        "cheese_tart_188": {
            "ability": [
                [
                    "heatable",
                    0
                ],
                [
                    "freezable",
                    1
                ],
                [
                    "burnable",
                    0
                ],
                [
                    "cookable",
                    0
                ]
            ],
            "position_in_bot": {
                "rho": 1.5016780418771525,
                "theta_deg": -22.41480613550236,
                "phi_deg": 69.65084563571064
            },
            "orientation_in_bot": [
                0.003655886876200653,
                0.025096496345298994,
                0.17408953129963334,
                0.9844031874461869
            ],
            "position_in_world": [
                -6.751186370849609,
                -1.8628571033477783,
                0.8287374377250671
            ],
            "bot_in_world": [
                -6.846851825714111,
                -0.48038315773010254,
                0.25024735927581787
            ],
            "path": "./prompt_files/data/cook_a_frozen_pie/subtask_4/seg_instance1_detect_surroundings.png"
        },
        "scene_graph": [
            [
                "fridge_dszchb_0",
                "ontop",
                "cheese_tart_188"
            ],
            [
                "cheese_tart_188",
                "inside",
                "fridge_dszchb_0"
            ]
        ],