{
    "task": "cook_a_frozen_pie",
    "0_detect_surroundings": {
        "fridge_dszchb_0": {
            "ability": [
                [
                    "openable",
                    1
                ],
                [
                    "heatable",
                    0
                ],
                [
                    "freezable",
                    0
                ]
            ],
            "position_in_bot": {
                "rho": 1.6326168517842554,
                "theta_deg": -63.31745771594431,
                "phi_deg": 68.16980871266472
            },
            "orientation_in_bot": [
                0.010459861090036094,
                0.019141436924041424,
                0.5195331613676659,
                0.8541718158179764
            ],
            "position_in_world": [
                -6.848034381866455,
                -1.78300940990448,
                0.8840970396995544
            ],
            "bot_in_world": [
                -5.945044994354248,
                -0.579346239566803,
                0.2506597340106964
            ],
            "path": "./prompt_files/data/cook_a_frozen_pie/subtask_10/seg_instance0_detect_surroundings.png"
        },
        "oven_wuinhm_0": {
            "ability": [
                [
                    "togglable",
                    1
                ],
                [
                    "openable",
                    0
                ],
                [
                    "heatable",
                    0
                ],
                [
                    "freezable",
                    0
                ]
            ],
            "position_in_bot": {
                "rho": 1.3655878124038203,
                "theta_deg": -26.86076180046394,
                "phi_deg": 63.2169879300423
            },
            "orientation_in_bot": [
                0.010459861090036094,
                0.019141436924041424,
                0.5195331613676659,
                0.8541718158179764
            ],
            "position_in_world": [
                -5.947904109954834,
                -1.7742741107940674,
                0.911696195602417
            ],
            "bot_in_world": [
                -5.945044994354248,
                -0.579346239566803,
                0.2506597340106964
            ],
            "path": "./prompt_files/data/cook_a_frozen_pie/subtask_10/seg_instance0_detect_surroundings.png"
        },
        "cheese_tart_188": {
            "ability": [
                [
                    "heatable",
                    0
                ],
                [
                    "freezable",
                    0
                ],
                [
                    "burnable",
                    0
                ],
                [
                    "cookable",
                    0
                ]
            ],
            "position_in_bot": {
                "rho": 1.4051152891708567,
                "theta_deg": -27.87622668237136,
                "phi_deg": 60.64875168600711
            },
            "orientation_in_bot": [
                0.01085663938624135,
                0.012606424906000016,
                -0.06567817632050484,
                0.9977021542462156
            ],
            "position_in_world": [
                -5.971158027648926,
                -1.7771683931350708,
                0.9847503900527954
            ],
            "bot_in_world": [
                -5.945044994354248,
                -0.579346239566803,
                0.2506597340106964
            ],
            "path": "./prompt_files/data/cook_a_frozen_pie/subtask_10/seg_instance0_detect_surroundings.png"
        },
        "scene_graph": [
            [
                "oven_wuinhm_0",
                "under",
                "cheese_tart_188"
            ],
            [
                "cheese_tart_188",
                "inside",
                "oven_wuinhm_0"
            ]
        ],
        "inventory": []
    },
    "1_detect_surroundings": {
        "fridge_dszchb_0": {
            "ability": [
                [
                    "openable",
                    1
                ],
                [
                    "heatable",
                    0
                ],
                [
                    "freezable",
                    0
                ]
            ],
            "position_in_bot": {
                "rho": 1.6326168517842554,
                "theta_deg": -63.31745771594431,
                "phi_deg": 68.16980871266472
            },
            "orientation_in_bot": [
                0.010459861090036094,
                0.019141436924041424,
                0.5195331613676659,
                0.8541718158179764
            ],
            "position_in_world": [
                -6.848034381866455,
                -1.78300940990448,
                0.8840970396995544
            ],
            "bot_in_world": [
                -5.945044994354248,
                -0.579346239566803,
                0.2506597340106964
            ],
            "path": "./prompt_files/data/cook_a_frozen_pie/subtask_10/seg_instance1_detect_surroundings.png"
        },
        "oven_wuinhm_0": {
            "ability": [
                [
                    "togglable",
                    1
                ],
                [
                    "openable",
                    0
                ],
                [
                    "heatable",
                    0
                ],
                [
                    "freezable",
                    0
                ]
            ],
            "position_in_bot": {
                "rho": 1.3655878124038203,
                "theta_deg": -26.86076180046394,
                "phi_deg": 63.2169879300423
            },
            "orientation_in_bot": [
                0.010459861090036094,
                0.019141436924041424,
                0.5195331613676659,
                0.8541718158179764
            ],
            "position_in_world": [
                -5.947904109954834,
                -1.7742741107940674,
                0.911696195602417
            ],
            "bot_in_world": [
                -5.945044994354248,
                -0.579346239566803,
                0.2506597340106964
            ],
            "path": "./prompt_files/data/cook_a_frozen_pie/subtask_10/seg_instance1_detect_surroundings.png"
        },
        "cheese_tart_188": {
            "ability": [
                [
                    "heatable",
                    0
                ],
                [
                    "freezable",
                    0
                ],
                [
                    "burnable",
                    0
                ],
                [
                    "cookable",
                    0
                ]
            ],
            "position_in_bot": {
                "rho": 1.4051152891708567,
                "theta_deg": -27.87622668237136,
                "phi_deg": 60.64875168600711
            },
            "orientation_in_bot": [
                0.01085663938624135,
                0.012606424906000016,
                -0.06567817632050484,
                0.9977021542462156
            ],
            "position_in_world": [
                -5.971158027648926,
                -1.7771683931350708,
                0.9847503900527954
            ],
            "bot_in_world": [
                -5.945044994354248,
                -0.579346239566803,
                0.2506597340106964
            ],
            "path": "./prompt_files/data/cook_a_frozen_pie/subtask_10/seg_instance1_detect_surroundings.png"
        },
        "scene_graph": [
            [
                "oven_wuinhm_0",
                "under",
                "cheese_tart_188"
            ],
            [
                "cheese_tart_188",
                "inside",
                "oven_wuinhm_0"
            ]
        ],
        "inventory": []
    },