{
    "task": "buy_a_air_conditioner",
    "0_detect_surroundings": {
        "shopping_cart_kmgltg_1": {
            "ability": [
                [
                    "heatable",
                    0
                ],
                [
                    "freezable",
                    0
                ]
            ],
            "position_in_bot": {
                "rho": 162.2969442672249,
                "theta_deg": 18.460896110498364,
                "phi_deg": 2.4583395917710424
            },
            "orientation_in_bot": [
                -0.0019473230248587146,
                0.01953130528679726,
                0.07074842429766127,
                0.9973010561040376
            ],
            "position_in_world": [
                3.391177177429199,
                -0.5582025051116943,
                0.43117740750312805
            ],
            "bot_in_world": [
                3.3911209106445312,
                -1.8382209539413452,
                -161.8607177734375
            ],
            "path": "./prompt_files/data/buy_a_air_conditioner/subtask_6/seg_instance0_detect_surroundings.png"
        },
        "checkout_counter_sckdal_0": {
            "ability": [
                [
                    "heatable",
                    0
                ],
                [
                    "freezable",
                    0
                ]
            ],
            "position_in_bot": {
                "rho": 162.45363560290292,
                "theta_deg": 50.804737262382055,
                "phi_deg": 2.015822135591654
            },
            "orientation_in_bot": [
                0.9972720642902599,
                0.07073252146093713,
                -0.021056480268660197,
                0.0014017249077911901
            ],
            "position_in_world": [
                0.7368888761418364,
                2.0660888102035844,
                0.5243021984952884
            ],
            "bot_in_world": [
                3.3911209106445312,
                -1.8382209539413452,
                -161.8607177734375
            ],
            "path": "./prompt_files/data/buy_a_air_conditioner/subtask_6/seg_instance0_detect_surroundings.png"
        },
        "ceiling_air_conditioner_143": {
            "ability": [
                [
                    "togglable",
                    0
                ],
                [
                    "heatable",
                    0
                ],
                [
                    "freezable",
                    0
                ]
            ],
            "position_in_bot": {
                "rho": 162.15561296139603,
                "theta_deg": 97.00071584598967,
                "phi_deg": 2.400641960255363
            },
            "orientation_in_bot": [
                -0.015292211621656577,
                0.014210145545138017,
                -0.6169989501827627,
                0.7866870505484841
            ],
            "position_in_world": [
                -3.313384771347046,
                4.982326030731201,
                0.012603465467691422
            ],
            "bot_in_world": [
                3.3911209106445312,
                -1.8382209539413452,
                -161.8607177734375
            ],
            "path": "./prompt_files/data/buy_a_air_conditioner/subtask_6/seg_instance0_detect_surroundings.png"
        },
        "money_142": {
            "ability": [
                [
                    "heatable",
                    0
                ],
                [
                    "freezable",
                    0
                ]
            ],
            "position_in_bot": {
                "rho": 162.2644178665976,
                "theta_deg": 17.982617984938734,
                "phi_deg": 2.4877058633108313
            },
            "orientation_in_bot": [
                -0.010631993274645547,
                0.00403778859251003,
                -0.40826897911811943,
                0.9127908290907281
            ],
            "position_in_world": [
                3.483302593231201,
                -0.6014155149459839,
                0.3989589512348175
            ],
            "bot_in_world": [
                3.3911209106445312,
                -1.8382209539413452,
                -161.8607177734375
            ],
            "path": "./prompt_files/data/buy_a_air_conditioner/subtask_6/seg_instance0_detect_surroundings.png"
        },
        "scene_graph": [
            [
                "money_142",
                "inside",
                "shopping_cart_kmgltg_1"
            ]
        ],
        "inventory": []
    },
    "1_detect_surroundings": {
        "shopping_cart_kmgltg_1": {
            "ability": [
                [
                    "heatable",
                    0
                ],
                [
                    "freezable",
                    0
                ]
            ],
            "position_in_bot": {
                "rho": 162.2969442672249,
                "theta_deg": 18.460896110498364,
                "phi_deg": 2.4583395917710424
            },
            "orientation_in_bot": [
                -0.0019473230248587146,
                0.01953130528679726,
                0.07074842429766127,
                0.9973010561040376
            ],
            "position_in_world": [
                3.391177177429199,
                -0.5582025051116943,
                0.43117740750312805
            ],
            "bot_in_world": [
                3.3911209106445312,
                -1.8382209539413452,
                -161.8607177734375
            ],
            "path": "./prompt_files/data/buy_a_air_conditioner/subtask_6/seg_instance1_detect_surroundings.png"
        },
        "checkout_counter_sckdal_0": {
            "ability": [
                [
                    "heatable",
                    0
                ],
                [
                    "freezable",
                    0
                ]
            ],
            "position_in_bot": {
                "rho": 162.45363560290292,
                "theta_deg": 50.804737262382055,
                "phi_deg": 2.015822135591654
            },
            "orientation_in_bot": [
                0.9972720642902599,
                0.07073252146093713,
                -0.021056480268660197,
                0.0014017249077911901
            ],
            "position_in_world": [
                0.7368888761418364,
                2.0660888102035844,
                0.5243021984952884
            ],
            "bot_in_world": [
                3.3911209106445312,
                -1.8382209539413452,
                -161.8607177734375
            ],
            "path": "./prompt_files/data/buy_a_air_conditioner/subtask_6/seg_instance1_detect_surroundings.png"
        },
        "ceiling_air_conditioner_143": {
            "ability": [
                [
                    "togglable",
                    0
                ],
                [
                    "heatable",
                    0
                ],
                [
                    "freezable",
                    0
                ]
            ],
            "position_in_bot": {
                "rho": 162.15561296139603,
                "theta_deg": 97.00071584598967,
                "phi_deg": 2.400641960255363
            },
            "orientation_in_bot": [
                -0.015292211621656577,
                0.014210145545138017,
                -0.6169989501827627,
                0.7866870505484841
            ],
            "position_in_world": [
                -3.313384771347046,
                4.982326030731201,
                0.012603465467691422
            ],
            "bot_in_world": [
                3.3911209106445312,
                -1.8382209539413452,
                -161.8607177734375
            ],