{
    "task": "buy_a_air_conditioner",
    "0_detect_surroundings": {
        "shopping_cart_kmgltg_1": {
            "ability": [
                [
                    "heatable",
                    0
                ],
                [
                    "freezable",
                    0
                ]
            ],
            "position_in_bot": {
                "rho": 59.30031652926486,
                "theta_deg": 32.0458972725648,
                "phi_deg": 2.676503805395349
            },
            "orientation_in_bot": [
                -0.0007371401042558368,
                0.019864981962791618,
                0.07076021194961922,
                0.9972952579456746
            ],
            "position_in_world": [
                3.391177177429199,
                -0.5582025051116943,
                0.43117740750312805
            ],
            "bot_in_world": [
                3.391116142272949,
                -1.8382214307785034,
                -58.855323791503906
            ],
            "path": "./prompt_files/data/buy_a_air_conditioner/subtask_5/seg_instance0_detect_surroundings.png"
        },
        "checkout_counter_sckdal_0": {
            "ability": [
                [
                    "heatable",
                    0
                ],
                [
                    "freezable",
                    0
                ]
            ],
            "position_in_bot": {
                "rho": 59.56700772262957,
                "theta_deg": 99.89853869910189,
                "phi_deg": 3.6083772152630957
            },
            "orientation_in_bot": [
                0.9972649818984849,
                0.07074588621556797,
                -0.021390155807568607,
                0.00019156491396994584
            ],
            "position_in_world": [
                0.7368888761418364,
                2.0660888102035844,
                0.5243021984952884
            ],
            "bot_in_world": [
                3.391116142272949,
                -1.8382214307785034,
                -58.855323791503906
            ],
            "path": "./prompt_files/data/buy_a_air_conditioner/subtask_5/seg_instance0_detect_surroundings.png"
        },
        "ceiling_air_conditioner_143": {
            "ability": [
                [
                    "togglable",
                    0
                ],
                [
                    "heatable",
                    0
                ],
                [
                    "freezable",
                    0
                ]
            ],
            "position_in_bot": {
                "rho": 59.63977637203004,
                "theta_deg": 130.24199320202948,
                "phi_deg": 7.582295919591928
            },
            "orientation_in_bot": [
                -0.014619193864152577,
                0.01526980829195024,
                -0.6169847792466538,
                0.7866911047567828
            ],
            "position_in_world": [
                -3.313384771347046,
                4.982326030731201,
                0.012603465467691422
            ],
            "bot_in_world": [
                3.391116142272949,
                -1.8382214307785034,
                -58.855323791503906
            ],
            "path": "./prompt_files/data/buy_a_air_conditioner/subtask_5/seg_instance0_detect_surroundings.png"
        },
        "money_142": {
            "ability": [
                [
                    "heatable",
                    0
                ],
                [
                    "freezable",
                    0
                ]
            ],
            "position_in_bot": {
                "rho": 59.26725975032223,
                "theta_deg": 30.50616993408257,
                "phi_deg": 2.742263050687924
            },
            "orientation_in_bot": [
                -0.009722495176667756,
                0.004903143450110095,
                -0.4082704911236904,
                0.91279605517852
            ],
            "position_in_world": [
                3.483302593231201,
                -0.6014155149459839,
                0.3989589512348175
            ],
            "bot_in_world": [
                3.391116142272949,
                -1.8382214307785034,
                -58.855323791503906
            ],
            "path": "./prompt_files/data/buy_a_air_conditioner/subtask_5/seg_instance0_detect_surroundings.png"
        },
        "scene_graph": [
            [
                "money_142",
                "inside",
                "shopping_cart_kmgltg_1"
            ]
        ],
        "inventory": []
    },
    "1_detect_surroundings": {
        "shopping_cart_kmgltg_1": {
            "ability": [
                [
                    "heatable",
                    0
                ],
                [
                    "freezable",
                    0
                ]
            ],
            "position_in_bot": {
                "rho": 59.30031652926486,
                "theta_deg": 32.0458972725648,
                "phi_deg": 2.676503805395349
            },
            "orientation_in_bot": [
                -0.0007371401042558368,
                0.019864981962791618,
                0.07076021194961922,
                0.9972952579456746
            ],
            "position_in_world": [
                3.391177177429199,
                -0.5582025051116943,
                0.43117740750312805
            ],
            "bot_in_world": [
                3.391116142272949,
                -1.8382214307785034,
                -58.855323791503906
            ],
            "path": "./prompt_files/data/buy_a_air_conditioner/subtask_5/seg_instance1_detect_surroundings.png"
        },
        "checkout_counter_sckdal_0": {
            "ability": [
                [
                    "heatable",
                    0
                ],
                [
                    "freezable",
                    0
                ]
            ],
            "position_in_bot": {
                "rho": 59.56700772262957,
                "theta_deg": 99.89853869910189,
                "phi_deg": 3.6083772152630957
            },
            "orientation_in_bot": [
                0.9972649818984849,
                0.07074588621556797,
                -0.021390155807568607,
                0.00019156491396994584
            ],
            "position_in_world": [
                0.7368888761418364,
                2.0660888102035844,
                0.5243021984952884
            ],
            "bot_in_world": [
                3.391116142272949,
                -1.8382214307785034,
                -58.855323791503906
            ],
            "path": "./prompt_files/data/buy_a_air_conditioner/subtask_5/seg_instance1_detect_surroundings.png"
        },
        "ceiling_air_conditioner_143": {
            "ability": [
                [
                    "togglable",
                    0
                ],
                [
                    "heatable",
                    0
                ],
                [
                    "freezable",
                    0
                ]
            ],
            "position_in_bot": {
                "rho": 59.63977637203004,
                "theta_deg": 130.24199320202948,
                "phi_deg": 7.582295919591928
            },
            "orientation_in_bot": [
                -0.014619193864152577,
                0.01526980829195024,
                -0.6169847792466538,
                0.7866911047567828
            ],
            "position_in_world": [
                -3.313384771347046,
                4.982326030731201,
                0.012603465467691422
            ],
            "bot_in_world": [
                3.391116142272949,
                -1.8382214307785034,
                -58.855323791503906
            ],