{
    "task": "put_a_teaspoon_in_the_bowl",
    "0_detect_surroundings": {
        "bottom_cabinet_no_top_qudfwe_0": {
            "ability": [
                [
                    "openable",
                    1
                ],
                [
                    "heatable",
                    0
                ],
                [
                    "freezable",
                    0
                ]
            ],
            "position_in_bot": {
                "rho": 1.5134607123454487,
                "theta_deg": -32.2033716441117,
                "phi_deg": 75.38286666999228
            },
            "orientation_in_bot": [
                0.021896243129195192,
                -0.002708355404183795,
                0.9916759286745156,
                -0.12685453021224233
            ],
            "position_in_world": [
                -0.4690432846546173,
                -0.6071784496307373,
                0.4398816227912903
            ],
            "bot_in_world": [
                -1.4654524326324463,
                0.44522860646247864,
                0.0037950873374938965
            ],
            "path": "./prompt_files/data/put_a_teaspoon_in_the_bowl/subtask_10/seg_instance0_detect_surroundings.png"
        },
        "scene_graph": [],
        "inventory": []
    },
    "1_detect_surroundings": {
        "bottom_cabinet_no_top_qudfwe_0": {
            "ability": [
                [
                    "openable",
                    1
                ],
                [
                    "heatable",
                    0
                ],
                [
                    "freezable",
                    0
                ]
            ],
            "position_in_bot": {
                "rho": 1.5134607123454487,
                "theta_deg": -32.2033716441117,
                "phi_deg": 75.38286666999228
            },
            "orientation_in_bot": [
                0.021896243129195192,
                -0.002708355404183795,
                0.9916759286745156,
                -0.12685453021224233
            ],
            "position_in_world": [
                -0.4690432846546173,
                -0.6071784496307373,
                0.4398816227912903
            ],
            "bot_in_world": [
                -1.4654524326324463,
                0.44522860646247864,
                0.0037950873374938965
            ],
            "path": "./prompt_files/data/put_a_teaspoon_in_the_bowl/subtask_10/seg_instance1_detect_surroundings.png"
        },
        "scene_graph": [],
        "inventory": []
    },
    "2_detect_surroundings": {
        "bottom_cabinet_no_top_qudfwe_0": {
            "ability": [
                [
                    "openable",
                    1
                ],
                [
                    "heatable",
                    0
                ],
                [
                    "freezable",
                    0
                ]
            ],
            "position_in_bot": {
                "rho": 1.5134607123454487,
                "theta_deg": -32.2033716441117,
                "phi_deg": 75.38286666999228
            },
            "orientation_in_bot": [
                0.021896243129195192,
                -0.002708355404183795,
                0.9916759286745156,
                -0.12685453021224233
            ],
            "position_in_world": [
                -0.4690432846546173,
                -0.6071784496307373,
                0.4398816227912903
            ],
            "bot_in_world": [
                -1.4654524326324463,
                0.44522860646247864,
                0.0037950873374938965
            ],
            "path": "./prompt_files/data/put_a_teaspoon_in_the_bowl/subtask_10/seg_instance2_detect_surroundings.png"
        },
        "scene_graph": [],
        "inventory": []
    },
    "3_detect_surroundings": {
        "bottom_cabinet_no_top_qudfwe_0": {
            "ability": [
                [
                    "openable",
                    1
                ],
                [
                    "heatable",
                    0
                ],
                [
                    "freezable",
                    0
                ]
            ],
            "position_in_bot": {
                "rho": 1.5134607123454487,
                "theta_deg": -32.2033716441117,
                "phi_deg": 75.38286666999228
            },
            "orientation_in_bot": [
                0.021896243129195192,
                -0.002708355404183795,
                0.9916759286745156,
                -0.12685453021224233
            ],
            "position_in_world": [
                -0.4690432846546173,
                -0.6071784496307373,
                0.4398816227912903
            ],
            "bot_in_world": [
                -1.4654524326324463,
                0.44522860646247864,
                0.0037950873374938965
            ],
            "path": "./prompt_files/data/put_a_teaspoon_in_the_bowl/subtask_10/seg_instance3_detect_surroundings.png"
        },
        "scene_graph": [],
        "inventory": []
    },
    "4_detect_surroundings": {
        "bottom_cabinet_no_top_qudfwe_0": {
            "ability": [
                [
                    "openable",
                    1
                ],
                [
                    "heatable",
                    0
                ],
                [
                    "freezable",
                    0
                ]
            ],
            "position_in_bot": {
                "rho": 1.5134607123454487,
                "theta_deg": -32.2033716441117,
                "phi_deg": 75.38286666999228
            },
            "orientation_in_bot": [
                0.021896243129195192,
                -0.002708355404183795,
                0.9916759286745156,
                -0.12685453021224233
            ],
            "position_in_world": [
                -0.4690432846546173,
                -0.6071784496307373,
                0.4398816227912903
            ],
            "bot_in_world": [
                -1.4654524326324463,
                0.44522860646247864,
                0.0037950873374938965
            ],
            "path": "./prompt_files/data/put_a_teaspoon_in_the_bowl/subtask_10/seg_instance4_detect_surroundings.png"
        },
        "scene_graph": [],
        "inventory": []
    },
    "5_detect_surroundings": {
        "bottom_cabinet_no_top_qudfwe_0": {
            "ability": [
                [
                    "openable",
                    1
                ],
                [
                    "heatable",
                    0
                ],
                [
                    "freezable",
                    0
                ]
            ],
            "position_in_bot": {
                "rho": 1.5134607123454487,
                "theta_deg": -32.2033716441117,
                "phi_deg": 75.38286666999228
            },
            "orientation_in_bot": [
                0.021896243129195192,
                -0.002708355404183795,
                0.9916759286745156,
                -0.12685453021224233
            ],
            "position_in_world": [
                -0.4690432846546173,
                -0.6071784496307373,
                0.4398816227912903
            ],
            "bot_in_world": [
                -1.4654524326324463,
                0.44522860646247864,
                0.0037950873374938965
            ],
            "path": "./prompt_files/data/put_a_teaspoon_in_the_bowl/subtask_10/seg_instance5_detect_surroundings.png"
        },
        "scene_graph": [],
        "inventory": []
    },