{
    "task": "put_a_book_in_the_carton",
    "0_detect_surroundings": {
        "hardback_188": {
            "ability": [
                [
                    "heatable",
                    0
                ],
                [
                    "freezable",
                    0
                ]
            ],
            "position_in_bot": {
                "rho": 2.575595668948588,
                "theta_deg": -126.38372095915948,
                "phi_deg": 86.41890293836235
            },
            "orientation_in_bot": [
                0.00011978954928080686,
                0.03421061154748387,
                0.026384398587067988,
                0.9990663057170979
            ],
            "position_in_world": [
                -2.2114784717559814,
                -2.091298818588257,
                0.09768786281347275
            ],
            "bot_in_world": [
                0.3569496273994446,
                -2.2593588829040527,
                0.004810407757759094
            ],
            "path": "./prompt_files/data/put_a_book_in_the_carton/subtask_1/seg_instance0_detect_surroundings.png"
        },
        "shelf_owvfik_1": {
            "ability": [
                [
                    "heatable",
                    0
                ],
                [
                    "freezable",
                    0
                ]
            ],
            "position_in_bot": {
                "rho": 1.2695025104255564,
                "theta_deg": -143.3782054951326,
                "phi_deg": 82.70578292948295
            },
            "orientation_in_bot": [
                0.010478804398864151,
                0.019444810580760613,
                0.4790331678911926,
                0.877518841997126
            ],
            "position_in_world": [
                -0.8248109817504883,
                -1.810388207435608,
                0.12101668119430542
            ],
            "bot_in_world": [
                0.3569496273994446,
                -2.2593588829040527,
                0.004810407757759094
            ],
            "path": "./prompt_files/data/put_a_book_in_the_carton/subtask_1/seg_instance0_detect_surroundings.png"
        },
        "carton_195": {
            "ability": [
                [
                    "openable",
                    0
                ],
                [
                    "heatable",
                    0
                ],
                [
                    "freezable",
                    0
                ]
            ],
            "position_in_bot": {
                "rho": 1.851408508648425,
                "theta_deg": -105.34104295867391,
                "phi_deg": 73.73156112523647
            },
            "orientation_in_bot": [
                0.004479978017386457,
                0.022231383212089038,
                0.04069886959371766,
                0.9989140590717674
            ],
            "position_in_world": [
                -1.3512465953826904,
                -2.7719979286193848,
                0.5017816424369812
            ],
            "bot_in_world": [
                0.3569496273994446,
                -2.2593588829040527,
                0.004810407757759094
            ],
            "path": "./prompt_files/data/put_a_book_in_the_carton/subtask_1/seg_instance0_detect_surroundings.png"
        },
        "scene_graph": [],
        "inventory": []
    },
    "1_detect_surroundings": {
        "hardback_188": {
            "ability": [
                [
                    "heatable",
                    0
                ],
                [
                    "freezable",
                    0
                ]
            ],
            "position_in_bot": {
                "rho": 2.575595668948588,
                "theta_deg": -126.38372095915948,
                "phi_deg": 86.41890293836235
            },
            "orientation_in_bot": [
                0.00011978954928080686,
                0.03421061154748387,
                0.026384398587067988,
                0.9990663057170979
            ],
            "position_in_world": [
                -2.2114784717559814,
                -2.091298818588257,
                0.09768786281347275
            ],
            "bot_in_world": [
                0.3569496273994446,
                -2.2593588829040527,
                0.004810407757759094
            ],
            "path": "./prompt_files/data/put_a_book_in_the_carton/subtask_1/seg_instance1_detect_surroundings.png"
        },
        "shelf_owvfik_1": {
            "ability": [
                [
                    "heatable",
                    0
                ],
                [
                    "freezable",
                    0
                ]
            ],
            "position_in_bot": {
                "rho": 1.2695025104255564,
                "theta_deg": -143.3782054951326,
                "phi_deg": 82.70578292948295
            },
            "orientation_in_bot": [
                0.010478804398864151,
                0.019444810580760613,
                0.4790331678911926,
                0.877518841997126
            ],
            "position_in_world": [
                -0.8248109817504883,
                -1.810388207435608,
                0.12101668119430542
            ],
            "bot_in_world": [
                0.3569496273994446,
                -2.2593588829040527,
                0.004810407757759094
            ],
            "path": "./prompt_files/data/put_a_book_in_the_carton/subtask_1/seg_instance1_detect_surroundings.png"
        },
        "carton_195": {
            "ability": [
                [
                    "openable",
                    0
                ],
                [
                    "heatable",
                    0
                ],
                [
                    "freezable",
                    0
                ]
            ],
            "position_in_bot": {
                "rho": 1.851408508648425,
                "theta_deg": -105.34104295867391,
                "phi_deg": 73.73156112523647
            },
            "orientation_in_bot": [
                0.004479978017386457,
                0.022231383212089038,
                0.04069886959371766,
                0.9989140590717674
            ],
            "position_in_world": [
                -1.3512465953826904,
                -2.7719979286193848,
                0.5017816424369812
            ],
            "bot_in_world": [
                0.3569496273994446,
                -2.2593588829040527,
                0.004810407757759094
            ],
            "path": "./prompt_files/data/put_a_book_in_the_carton/subtask_1/seg_instance1_detect_surroundings.png"
        },
        "scene_graph": [],
        "inventory": []
    },
    "2_detect_surroundings": {
        "hardback_188": {
            "ability": [
                [
                    "heatable",
                    0
                ],
                [
                    "freezable",
                    0
                ]
            ],
            "position_in_bot": {
                "rho": 2.575595668948588,
                "theta_deg": -126.38372095915948,
                "phi_deg": 86.41890293836235
            },
            "orientation_in_bot": [
                0.00011978954928080686,
                0.03421061154748387,
                0.026384398587067988,
                0.9990663057170979
            ],
            "position_in_world": [
                -2.2114784717559814,
                -2.091298818588257,
                0.09768786281347275
            ],
            "bot_in_world": [
                0.3569496273994446,
                -2.2593588829040527,
                0.004810407757759094
            ],
            "path": "./prompt_files/data/put_a_book_in_the_carton/subtask_1/seg_instance2_detect_surroundings.png"
        },