{
    "task": "cook_a_frozen_pie",
    "0_detect_surroundings": {
        "fridge_dszchb_0": {
            "ability": [
                [
                    "openable",
                    1
                ],
                [
                    "heatable",
                    0
                ],
                [
                    "freezable",
                    0
                ]
            ],
            "position_in_bot": {
                "rho": 1.6315303109230406,
                "theta_deg": -63.11652383140772,
                "phi_deg": 68.19324888629174
            },
            "orientation_in_bot": [
                0.010815845863192059,
                0.019025066916604626,
                0.5211523685784909,
                0.8531830243459555
            ],
            "position_in_world": [
                -6.848034381866455,
                -1.78300940990448,
                0.8840970396995544
            ],
            "bot_in_world": [
                -5.945544719696045,
                -0.5805293321609497,
                0.25050002336502075
            ],
            "path": "./prompt_files/data/cook_a_frozen_pie/subtask_15/seg_instance0_detect_surroundings.png"
        },
        "oven_wuinhm_0": {
            "ability": [
                [
                    "togglable",
                    1
                ],
                [
                    "openable",
                    0
                ],
                [
                    "heatable",
                    0
                ],
                [
                    "freezable",
                    0
                ]
            ],
            "position_in_bot": {
                "rho": 1.3646291020387817,
                "theta_deg": -26.638832149942253,
                "phi_deg": 63.21745651380517
            },
            "orientation_in_bot": [
                0.010815845863192059,
                0.019025066916604626,
                0.5211523685784909,
                0.8531830243459555
            ],
            "position_in_world": [
                -5.947904109954834,
                -1.7742741107940674,
                0.911696195602417
            ],
            "bot_in_world": [
                -5.945544719696045,
                -0.5805293321609497,
                0.25050002336502075
            ],
            "path": "./prompt_files/data/cook_a_frozen_pie/subtask_15/seg_instance0_detect_surroundings.png"
        },
        "cheese_tart_188": {
            "ability": [
                [
                    "heatable",
                    0
                ],
                [
                    "freezable",
                    0
                ],
                [
                    "burnable",
                    0
                ],
                [
                    "cookable",
                    0
                ]
            ],
            "position_in_bot": {
                "rho": 0.21880945747578118,
                "theta_deg": -166.9756901361285,
                "phi_deg": 177.6052306395914
            },
            "orientation_in_bot": [
                -0.0005210251902480362,
                0.02309193818989006,
                -0.04336826867962563,
                0.9987921126015751
            ],
            "position_in_world": [
                -5.946807861328125,
                -0.5819223523139954,
                0.03169863671064377
            ],
            "bot_in_world": [
                -5.945544719696045,
                -0.5805293321609497,
                0.25050002336502075
            ],
            "path": "./prompt_files/data/cook_a_frozen_pie/subtask_15/seg_instance0_detect_surroundings.png"
        },
        "scene_graph": [],
        "inventory": [
            "cheese_tart_188"
        ]
    },
    "1_detect_surroundings": {
        "fridge_dszchb_0": {
            "ability": [
                [
                    "openable",
                    1
                ],
                [
                    "heatable",
                    0
                ],
                [
                    "freezable",
                    0
                ]
            ],
            "position_in_bot": {
                "rho": 1.6315303109230406,
                "theta_deg": -63.11652383140772,
                "phi_deg": 68.19324888629174
            },
            "orientation_in_bot": [
                0.010815845863192059,
                0.019025066916604626,
                0.5211523685784909,
                0.8531830243459555
            ],
            "position_in_world": [
                -6.848034381866455,
                -1.78300940990448,
                0.8840970396995544
            ],
            "bot_in_world": [
                -5.945544719696045,
                -0.5805293321609497,
                0.25050002336502075
            ],
            "path": "./prompt_files/data/cook_a_frozen_pie/subtask_15/seg_instance1_detect_surroundings.png"
        },
        "oven_wuinhm_0": {
            "ability": [
                [
                    "togglable",
                    1
                ],
                [
                    "openable",
                    0
                ],
                [
                    "heatable",
                    0
                ],
                [
                    "freezable",
                    0
                ]
            ],
            "position_in_bot": {
                "rho": 1.3646291020387817,
                "theta_deg": -26.638832149942253,
                "phi_deg": 63.21745651380517
            },
            "orientation_in_bot": [
                0.010815845863192059,
                0.019025066916604626,
                0.5211523685784909,
                0.8531830243459555
            ],
            "position_in_world": [
                -5.947904109954834,
                -1.7742741107940674,
                0.911696195602417
            ],
            "bot_in_world": [
                -5.945544719696045,
                -0.5805293321609497,
                0.25050002336502075
            ],
            "path": "./prompt_files/data/cook_a_frozen_pie/subtask_15/seg_instance1_detect_surroundings.png"
        },
        "cheese_tart_188": {
            "ability": [
                [
                    "heatable",
                    0
                ],
                [
                    "freezable",
                    0
                ],
                [
                    "burnable",
                    0
                ],
                [
                    "cookable",
                    0
                ]
            ],
            "position_in_bot": {
                "rho": 0.21880945747578118,
                "theta_deg": -166.9756901361285,
                "phi_deg": 177.6052306395914
            },
            "orientation_in_bot": [
                -0.0005210251902480362,
                0.02309193818989006,
                -0.04336826867962563,
                0.9987921126015751
            ],
            "position_in_world": [
                -5.946807861328125,
                -0.5819223523139954,
                0.03169863671064377
            ],
            "bot_in_world": [
                -5.945544719696045,
                -0.5805293321609497,
                0.25050002336502075
            ],
            "path": "./prompt_files/data/cook_a_frozen_pie/subtask_15/seg_instance1_detect_surroundings.png"
        },
        "scene_graph": [],
        "inventory": [
            "cheese_tart_188"
        ]
    },
    "2_detect_surroundings": {
        "fridge_dszchb_0": {
            "ability": [
                [
                    "openable",
                    1
                ],
                [
                    "heatable",
                    0
                ],
                [
                    "freezable",
                    0
                ]
            ],