{"task": "cook_bacon", "0_detect_surroundings": {"griddle_157": {"ability": [["togglable", 0], ["heatable", 0], ["freezable", 0]], "position_in_bot": {"rho": 1.6793625037025586, "theta_deg": 107.59660930199242, "phi_deg": 57.98294466120599}, "orientation_in_bot": [0.0018355373835975167, 0.022352659890324842, 0.08417869021248431, 0.996198242074564], "position_in_world": [-0.3428764045238495, 5.984163284301758, 0.8755595088005066], "bot_in_world": [-1.5894685983657837, 5.271359920501709, 0.004825502634048462], "path": "./prompt_files/data/subtask_1/seg_instance0_detect_surroundings.png"}, "stove_rgpphy_0": {"ability": [["togglable", 0], ["heatable", 0], ["freezable", 0]], "position_in_bot": {"rho": 1.585875511976661, "theta_deg": 103.7196232160635, "phi_deg": 69.81833358968859}, "orientation_in_bot": [-0.0021694007264869085, 0.0220205516507365, -0.09303811475091783, 0.9954166455354664], "position_in_world": [-0.23843911290168762, 5.909679889678955, 0.5361145734786987], "bot_in_world": [-1.5894685983657837, 5.271359920501709, 0.004825502634048462], "path": "./prompt_files/data/subtask_1/seg_instance0_detect_surroundings.png"}, "bacon_150": {"ability": [["heatable", 0], ["freezable", 0], ["burnable", 0], ["cookable", 0]], "position_in_bot": {"rho": 1.8892427803931706, "theta_deg": 31.12589864623858, "phi_deg": 84.49662609327548}, "orientation_in_bot": [0.005134909021781063, 0.0620750033904954, 0.4669232034771237, 0.8821014957010722], "position_in_world": [-0.33772584795951843, 3.8790061473846436, 0.2572721540927887], "bot_in_world": [-1.5894685983657837, 5.271359920501709, 0.004825502634048462], "path": "./prompt_files/data/subtask_1/seg_instance0_detect_surroundings.png"}, "fridge_xyejdx_0": {"ability": [["openable", 0], ["heatable", 0], ["freezable", 0]], "position_in_bot": {"rho": 2.119673674500251, "theta_deg": 34.700686770902394, "phi_deg": 69.2549903496101}, "orientation_in_bot": [-0.0022223618241626777, 0.02201523653028182, -0.0954315120498231, 0.9951900406336083], "position_in_world": [-0.1851631999015808, 3.9132142066955566, 0.827250599861145], "bot_in_world": [-1.5894685983657837, 5.271359920501709, 0.004825502634048462], "path": "./prompt_files/data/subtask_1/seg_instance0_detect_surroundings.png"}, "tray_156": {"ability": [["heatable", 0], ["freezable", 0]], "position_in_bot": {"rho": 1.8466683533347412, "theta_deg": 29.577675408586703, "phi_deg": 84.43427929188114}, "orientation_in_bot": [0.003223061346758196, 0.021990902922786604, 0.15134668664036405, 0.9882308396863453], "position_in_world": [-0.4035482108592987, 3.8780357837677, 0.2546747922897339], "bot_in_world": [-1.5894685983657837, 5.271359920501709, 0.004825502634048462], "path": "./prompt_files/data/subtask_1/seg_instance0_detect_surroundings.png"}, "scene_graph": [["bacon_150", "inside", "fridge_xyejdx_0"], ["bacon_150", "inside", "tray_156"], ["bacon_150", "ontop", "tray_156"], ["fridge_xyejdx_0", "ontop", "tray_156"], ["tray_156", "inside", "fridge_xyejdx_0"]], "inventory": []}, "1_detect_surroundings": {"griddle_157": {"ability": [["togglable", 0], ["heatable", 0], ["freezable", 0]], "position_in_bot": {"rho": 1.6793625037025586, "theta_deg": 107.59660930199242, "phi_deg": 57.98294466120599}, "orientation_in_bot": [0.0018355373835975167, 0.022352659890324842, 0.08417869021248431, 0.996198242074564], "position_in_world": [-0.3428764045238495, 5.984163284301758, 0.8755595088005066], "bot_in_world": [-1.5894685983657837, 5.271359920501709, 0.004825502634048462], "path": "./prompt_files/data/subtask_1/seg_instance1_detect_surroundings.png"}, "stove_rgpphy_0": {"ability": [["togglable", 0], ["heatable", 0], ["freezable", 0]], "position_in_bot": {"rho": 1.585875511976661, "theta_deg": 103.7196232160635, "phi_deg": 69.81833358968859}, "orientation_in_bot": [-0.0021694007264869085, 0.0220205516507365, -0.09303811475091783, 0.9954166455354664], "position_in_world": [-0.23843911290168762, 5.909679889678955, 0.5361145734786987], "bot_in_world": [-1.5894685983657837, 5.271359920501709, 0.004825502634048462], "path": "./prompt_files/data/subtask_1/seg_instance1_detect_surroundings.png"}, "bacon_150": {"ability": [["heatable", 0], ["freezable", 0], ["burnable", 0], ["cookable", 0]], "position_in_bot": {"rho": 1.8892427803931706, "theta_deg": 31.12589864623858, "phi_deg": 84.49662609327548}, "orientation_in_bot": [0.005134909021781063, 0.0620750033904954, 0.4669232034771237, 0.8821014957010722], "position_in_world": [-0.33772584795951843, 3.8790061473846436, 0.2572721540927887], "bot_in_world": [-1.5894685983657837, 5.271359920501709, 0.004825502634048462], "path": "./prompt_files/data/subtask_1/seg_instance1_detect_surroundings.png"}, "fridge_xyejdx_0": {"ability": [["openable", 0], ["heatable", 0], ["freezable", 0]], "position_in_bot": {"rho": 2.119673674500251, "theta_deg": 34.700686770902394, "phi_deg": 69.2549903496101}, "orientation_in_bot": [-0.0022223618241626777, 0.02201523653028182, -0.0954315120498231, 0.9951900406336083], "position_in_world": [-0.1851631999015808, 3.9132142066955566, 0.827250599861145], "bot_in_world": [-1.5894685983657837, 5.271359920501709, 0.004825502634048462], "path": "./prompt_files/data/subtask_1/seg_instance1_detect_surroundings.png"}, "tray_156": {"ability": [["heatable", 0], ["freezable", 0]], "position_in_bot": {"rho": 1.8466683533347412, "theta_deg": 29.577675408586703, "phi_deg": 84.43427929188114}, "orientation_in_bot": [0.003223061346758196, 0.021990902922786604, 0.15134668664036405, 0.9882308396863453], "position_in_world": [-0.4035482108592987, 3.8780357837677, 0.2546747922897339], "bot_in_world": [-1.5894685983657837, 5.271359920501709, 0.004825502634048462], "path": "./prompt_files/data/subtask_1/seg_instance1_detect_surroundings.png"}, "scene_graph": [["bacon_150", "inside", "fridge_xyejdx_0"], ["bacon_150", "inside", "tray_156"], ["bacon_150", "ontop", "tray_156"], ["fridge_xyejdx_0", "ontop", "tray_156"], ["tray_156", "inside", "fridge_xyejdx_0"]], "inventory": []}, "2_detect_surroundings": {"griddle_157": {"ability": [["togglable", 0], ["heatable", 0], ["freezable", 0]], "position_in_bot": {"rho": 1.6793625037025586, "theta_deg": 107.59660930199242, "phi_deg": 57.98294466120599}, "orientation_in_bot": [0.0018355373835975167, 0.022352659890324842, 0.08417869021248431, 0.996198242074564], "position_in_world": [-0.3428764045238495, 5.984163284301758, 0.8755595088005066], "bot_in_world": [-1.5894685983657837, 5.271359920501709, 0.004825502634048462], "path": "./prompt_files/data/subtask_1/seg_instance2_detect_surroundings.png"}, "stove_rgpphy_0": {"ability": [["togglable", 0], ["heatable", 0], ["freezable", 0]], "position_in_bot": {"rho": 1.585875511976661, "theta_deg": 103.7196232160635, "phi_deg": 69.81833358968859}, "orientation_in_bot": [-0.0021694007264869085, 0.0220205516507365, -0.09303811475091783, 0.9954166455354664], "position_in_world": [-0.23843911290168762, 5.909679889678955, 0.5361145734786987], "bot_in_world": [-1.5894685983657837, 5.271359920501709, 0.004825502634048462], "path": "./prompt_files/data/subtask_1/seg_instance2_detect_surroundings.png"}, "bacon_150": {"ability": [["heatable", 0], ["freezable", 0], ["burnable", 0], ["cookable", 0]], "position_in_bot": {"rho": 1.8892427803931706, "theta_deg": 31.12589864623858, "phi_deg": 84.49662609327548}, "orientation_in_bot": [0.005134909021781063, 0.0620750033904954, 0.4669232034771237, 0.8821014957010722], "position_in_world": [-0.33772584795951843, 3.8790061473846436, 0.2572721540927887], "bot_in_world": [-1.5894685983657837, 5.271359920501709, 0.004825502634048462], "path": "./prompt_files/data/subtask_1/seg_instance2_detect_surroundings.png"}, "fridge_xyejdx_0": {"ability": [["openable", 0], ["heatable", 0], ["freezable", 0]], "position_in_bot": {"rho": 2.119673674500251, "theta_deg": 34.700686770902394, "phi_deg": 69.2549903496101}, "orientation_in_bot": [-0.0022223618241626777, 0.02201523653028182, -0.0954315120498231, 0.9951900406336083],