{
    "task": "put_a_teaspoon_in_the_bowl",
    "0_detect_surroundings": {
        "bottom_cabinet_no_top_qudfwe_0": {
            "ability": [
                [
                    "openable",
                    1
                ],
                [
                    "heatable",
                    0
                ],
                [
                    "freezable",
                    0
                ]
            ],
            "position_in_bot": {
                "rho": 1.299059956288619,
                "theta_deg": -76.08429665464442,
                "phi_deg": 70.95843534132871
            },
            "orientation_in_bot": [
                0.021926082915217728,
                -0.0023964481508984463,
                0.9930785116711388,
                -0.11536279114727963
            ],
            "position_in_world": [
                -0.4690432846546173,
                -0.6071784496307373,
                0.4398816227912903
            ],
            "bot_in_world": [
                -0.4775778353214264,
                0.616471529006958,
                0.0038029849529266357
            ],
            "path": "./prompt_files/data/put_a_teaspoon_in_the_bowl/subtask_3/seg_instance0_detect_surroundings.png"
        },
        "scene_graph": [],
        "inventory": []
    },
    "1_detect_surroundings": {
        "bottom_cabinet_no_top_qudfwe_0": {
            "ability": [
                [
                    "openable",
                    1
                ],
                [
                    "heatable",
                    0
                ],
                [
                    "freezable",
                    0
                ]
            ],
            "position_in_bot": {
                "rho": 1.299059956288619,
                "theta_deg": -76.08429665464442,
                "phi_deg": 70.95843534132871
            },
            "orientation_in_bot": [
                0.021926082915217728,
                -0.0023964481508984463,
                0.9930785116711388,
                -0.11536279114727963
            ],
            "position_in_world": [
                -0.4690432846546173,
                -0.6071784496307373,
                0.4398816227912903
            ],
            "bot_in_world": [
                -0.4775778353214264,
                0.616471529006958,
                0.0038029849529266357
            ],
            "path": "./prompt_files/data/put_a_teaspoon_in_the_bowl/subtask_3/seg_instance1_detect_surroundings.png"
        },
        "scene_graph": [],
        "inventory": []
    },
    "2_detect_surroundings": {
        "bottom_cabinet_no_top_qudfwe_0": {
            "ability": [
                [
                    "openable",
                    1
                ],
                [
                    "heatable",
                    0
                ],
                [
                    "freezable",
                    0
                ]
            ],
            "position_in_bot": {
                "rho": 1.299059956288619,
                "theta_deg": -76.08429665464442,
                "phi_deg": 70.95843534132871
            },
            "orientation_in_bot": [
                0.021926082915217728,
                -0.0023964481508984463,
                0.9930785116711388,
                -0.11536279114727963
            ],
            "position_in_world": [
                -0.4690432846546173,
                -0.6071784496307373,
                0.4398816227912903
            ],
            "bot_in_world": [
                -0.4775778353214264,
                0.616471529006958,
                0.0038029849529266357
            ],
            "path": "./prompt_files/data/put_a_teaspoon_in_the_bowl/subtask_3/seg_instance2_detect_surroundings.png"
        },
        "scene_graph": [],
        "inventory": []
    },
    "3_detect_surroundings": {
        "bottom_cabinet_no_top_qudfwe_0": {
            "ability": [
                [
                    "openable",
                    1
                ],
                [
                    "heatable",
                    0
                ],
                [
                    "freezable",
                    0
                ]
            ],
            "position_in_bot": {
                "rho": 1.299059956288619,
                "theta_deg": -76.08429665464442,
                "phi_deg": 70.95843534132871
            },
            "orientation_in_bot": [
                0.021926082915217728,
                -0.0023964481508984463,
                0.9930785116711388,
                -0.11536279114727963
            ],
            "position_in_world": [
                -0.4690432846546173,
                -0.6071784496307373,
                0.4398816227912903
            ],
            "bot_in_world": [
                -0.4775778353214264,
                0.616471529006958,
                0.0038029849529266357
            ],
            "path": "./prompt_files/data/put_a_teaspoon_in_the_bowl/subtask_3/seg_instance3_detect_surroundings.png"
        },
        "scene_graph": [],
        "inventory": []
    },
    "4_detect_surroundings": {
        "bottom_cabinet_no_top_qudfwe_0": {
            "ability": [
                [
                    "openable",
                    1
                ],
                [
                    "heatable",
                    0
                ],
                [
                    "freezable",
                    0
                ]
            ],
            "position_in_bot": {
                "rho": 1.299059956288619,
                "theta_deg": -76.08429665464442,
                "phi_deg": 70.95843534132871
            },
            "orientation_in_bot": [
                0.021926082915217728,
                -0.0023964481508984463,
                0.9930785116711388,
                -0.11536279114727963
            ],
            "position_in_world": [
                -0.4690432846546173,
                -0.6071784496307373,
                0.4398816227912903
            ],
            "bot_in_world": [
                -0.4775778353214264,
                0.616471529006958,
                0.0038029849529266357
            ],
            "path": "./prompt_files/data/put_a_teaspoon_in_the_bowl/subtask_3/seg_instance4_detect_surroundings.png"
        },
        "scene_graph": [],
        "inventory": []
    },
    "5_detect_surroundings": {
        "bottom_cabinet_no_top_qudfwe_0": {
            "ability": [
                [
                    "openable",
                    1
                ],
                [
                    "heatable",
                    0
                ],
                [
                    "freezable",
                    0
                ]
            ],
            "position_in_bot": {
                "rho": 1.299059956288619,
                "theta_deg": -76.08429665464442,
                "phi_deg": 70.95843534132871
            },
            "orientation_in_bot": [
                0.021926082915217728,
                -0.0023964481508984463,
                0.9930785116711388,
                -0.11536279114727963
            ],
            "position_in_world": [
                -0.4690432846546173,
                -0.6071784496307373,
                0.4398816227912903
            ],
            "bot_in_world": [
                -0.4775778353214264,
                0.616471529006958,
                0.0038029849529266357
            ],
            "path": "./prompt_files/data/put_a_teaspoon_in_the_bowl/subtask_3/seg_instance5_detect_surroundings.png"
        },
        "scene_graph": [],
        "inventory": []
    },