{
    "task": "close_the_door",
    "0_detect_surroundings": {
        "door_ktydvs_2": {
            "ability": [
                [
                    "openable",
                    0
                ],
                [
                    "heatable",
                    0
                ],
                [
                    "freezable",
                    0
                ]
            ],
            "position_in_bot": {
                "rho": 1.4706090252861757,
                "theta_deg": -74.59264472186264,
                "phi_deg": 41.22629339091382
            },
            "orientation_in_bot": [
                0.06103220506777421,
                0.03868101251033459,
                0.8465312460199487,
                0.5274122663795882
            ],
            "position_in_world": [
                3.3221707344055176,
                9.770039558410645,
                1.1368625164031982
            ],
            "bot_in_world": [
                3.648853063583374,
                10.651934623718262,
                0.006273865699768066
            ],
            "path": "./evaluation/data/close_the_door/subtask_1/seg_instance0_detect_surroundings.png"
        },
        "scene_graph": [],
        "inventory": []
    },
    "1_detect_surroundings": {
        "door_ktydvs_2": {
            "ability": [
                [
                    "openable",
                    0
                ],
                [
                    "heatable",
                    0
                ],
                [
                    "freezable",
                    0
                ]
            ],
            "position_in_bot": {
                "rho": 1.4706090252861757,
                "theta_deg": -74.59264472186264,
                "phi_deg": 41.22629339091382
            },
            "orientation_in_bot": [
                0.06103220506777421,
                0.03868101251033459,
                0.8465312460199487,
                0.5274122663795882
            ],
            "position_in_world": [
                3.3221707344055176,
                9.770039558410645,
                1.1368625164031982
            ],
            "bot_in_world": [
                3.648853063583374,
                10.651934623718262,
                0.006273865699768066
            ],
            "path": "./evaluation/data/close_the_door/subtask_1/seg_instance1_detect_surroundings.png"
        },
        "scene_graph": [],
        "inventory": []
    },
    "2_detect_surroundings": {
        "door_ktydvs_2": {
            "ability": [
                [
                    "openable",
                    0
                ],
                [
                    "heatable",
                    0
                ],
                [
                    "freezable",
                    0
                ]
            ],
            "position_in_bot": {
                "rho": 1.4706090252861757,
                "theta_deg": -74.59264472186264,
                "phi_deg": 41.22629339091382
            },
            "orientation_in_bot": [
                0.06103220506777421,
                0.03868101251033459,
                0.8465312460199487,
                0.5274122663795882
            ],
            "position_in_world": [
                3.3221707344055176,
                9.770039558410645,
                1.1368625164031982
            ],
            "bot_in_world": [
                3.648853063583374,
                10.651934623718262,
                0.006273865699768066
            ],
            "path": "./evaluation/data/close_the_door/subtask_1/seg_instance2_detect_surroundings.png"
        },
        "scene_graph": [],
        "inventory": []
    },
    "3_detect_surroundings": {
        "door_ktydvs_2": {
            "ability": [
                [
                    "openable",
                    0
                ],
                [
                    "heatable",
                    0
                ],
                [
                    "freezable",
                    0
                ]
            ],
            "position_in_bot": {
                "rho": 1.4706090252861757,
                "theta_deg": -74.59264472186264,
                "phi_deg": 41.22629339091382
            },
            "orientation_in_bot": [
                0.06103220506777421,
                0.03868101251033459,
                0.8465312460199487,
                0.5274122663795882
            ],
            "position_in_world": [
                3.3221707344055176,
                9.770039558410645,
                1.1368625164031982
            ],
            "bot_in_world": [
                3.648853063583374,
                10.651934623718262,
                0.006273865699768066
            ],
            "path": "./evaluation/data/close_the_door/subtask_1/seg_instance3_detect_surroundings.png"
        },
        "scene_graph": [],
        "inventory": []
    },
    "4_detect_surroundings": {
        "door_ktydvs_2": {
            "ability": [
                [
                    "openable",
                    0
                ],
                [
                    "heatable",
                    0
                ],
                [
                    "freezable",
                    0
                ]
            ],
            "position_in_bot": {
                "rho": 1.4706090252861757,
                "theta_deg": -74.59264472186264,
                "phi_deg": 41.22629339091382
            },
            "orientation_in_bot": [
                0.06103220506777421,
                0.03868101251033459,
                0.8465312460199487,
                0.5274122663795882
            ],
            "position_in_world": [
                3.3221707344055176,
                9.770039558410645,
                1.1368625164031982
            ],
            "bot_in_world": [
                3.648853063583374,
                10.651934623718262,
                0.006273865699768066
            ],
            "path": "./evaluation/data/close_the_door/subtask_1/seg_instance4_detect_surroundings.png"
        },
        "scene_graph": [],
        "inventory": []
    },
    "5_detect_surroundings": {
        "door_ktydvs_2": {
            "ability": [
                [
                    "openable",
                    0
                ],
                [
                    "heatable",
                    0
                ],
                [
                    "freezable",
                    0
                ]
            ],
            "position_in_bot": {
                "rho": 1.4706090252861757,
                "theta_deg": -74.59264472186264,
                "phi_deg": 41.22629339091382
            },
            "orientation_in_bot": [
                0.06103220506777421,
                0.03868101251033459,
                0.8465312460199487,
                0.5274122663795882
            ],
            "position_in_world": [
                3.3221707344055176,
                9.770039558410645,
                1.1368625164031982
            ],
            "bot_in_world": [
                3.648853063583374,
                10.651934623718262,
                0.006273865699768066
            ],
            "path": "./evaluation/data/close_the_door/subtask_1/seg_instance5_detect_surroundings.png"
        },
        "scene_graph": [],
        "inventory": []
    },
    "6_detect_surroundings": {
        "door_ktydvs_2": {
            "ability": [
                [
                    "openable",
                    0
                ],
                [
                    "heatable",
                    0
                ],
                [
                    "freezable",
                    0
                ]
            ],
            "position_in_bot": {
                "rho": 1.4706090252861757,
                "theta_deg": -74.59264472186264,
                "phi_deg": 41.22629339091382
            },