{
    "task": "buy_a_air_conditioner",
    "0_detect_surroundings": {
        "shopping_cart_kmgltg_1": {
            "ability": [
                [
                    "heatable",
                    0
                ],
                [
                    "freezable",
                    0
                ]
            ],
            "position_in_bot": {
                "rho": 44.58981510949382,
                "theta_deg": 39.14105754708241,
                "phi_deg": 2.85926878367477
            },
            "orientation_in_bot": [
                -0.0005641271619436453,
                0.01991264306273148,
                0.07076220499125548,
                0.9972942789124868
            ],
            "position_in_world": [
                3.391177177429199,
                -0.5582025051116943,
                0.43117740750312805
            ],
            "bot_in_world": [
                3.391108989715576,
                -1.8381856679916382,
                -44.140262603759766
            ],
            "path": "./prompt_files/data/buy_a_air_conditioner/subtask_3/seg_instance0_detect_surroundings.png"
        },
        "checkout_counter_sckdal_0": {
            "ability": [
                [
                    "heatable",
                    0
                ],
                [
                    "freezable",
                    0
                ]
            ],
            "position_in_bot": {
                "rho": 44.913378639814994,
                "theta_deg": 109.2442904994363,
                "phi_deg": 4.9078676534876085
            },
            "orientation_in_bot": [
                0.9972638193294883,
                0.07074810475356355,
                -0.021437816722390163,
                1.8555802470037148e-05
            ],
            "position_in_world": [
                0.7368888761418364,
                2.0660888102035844,
                0.5243021984952884
            ],
            "bot_in_world": [
                3.391108989715576,
                -1.8381856679916382,
                -44.140262603759766
            ],
            "path": "./prompt_files/data/buy_a_air_conditioner/subtask_3/seg_instance0_detect_surroundings.png"
        },
        "ceiling_air_conditioner_143": {
            "ability": [
                [
                    "togglable",
                    0
                ],
                [
                    "heatable",
                    0
                ],
                [
                    "freezable",
                    0
                ]
            ],
            "position_in_bot": {
                "rho": 45.176821316851786,
                "theta_deg": 133.83988636663605,
                "phi_deg": 10.506412666733883
            },
            "orientation_in_bot": [
                -0.014522947445753059,
                0.015421270609300155,
                -0.6169824252636609,
                0.7866917791143199
            ],
            "position_in_world": [
                -3.313384771347046,
                4.982326030731201,
                0.012603465467691422
            ],
            "bot_in_world": [
                3.391108989715576,
                -1.8381856679916382,
                -44.140262603759766
            ],
            "path": "./prompt_files/data/buy_a_air_conditioner/subtask_3/seg_instance0_detect_surroundings.png"
        },
        "money_142": {
            "ability": [
                [
                    "heatable",
                    0
                ],
                [
                    "freezable",
                    0
                ]
            ],
            "position_in_bot": {
                "rho": 44.556484901183694,
                "theta_deg": 37.03913414515922,
                "phi_deg": 2.9348079725595326
            },
            "orientation_in_bot": [
                -0.009592445028376037,
                0.0050268224745760185,
                -0.40827036571171016,
                0.9127968144860132
            ],
            "position_in_world": [
                3.483302593231201,
                -0.6014155149459839,
                0.3989589512348175
            ],
            "bot_in_world": [
                3.391108989715576,
                -1.8381856679916382,
                -44.140262603759766
            ],
            "path": "./prompt_files/data/buy_a_air_conditioner/subtask_3/seg_instance0_detect_surroundings.png"
        },
        "scene_graph": [
            [
                "money_142",
                "inside",
                "shopping_cart_kmgltg_1"
            ]
        ],
        "inventory": []
    },
    "1_detect_surroundings": {
        "shopping_cart_kmgltg_1": {
            "ability": [
                [
                    "heatable",
                    0
                ],
                [
                    "freezable",
                    0
                ]
            ],
            "position_in_bot": {
                "rho": 44.58981510949382,
                "theta_deg": 39.14105754708241,
                "phi_deg": 2.85926878367477
            },
            "orientation_in_bot": [
                -0.0005641271619436453,
                0.01991264306273148,
                0.07076220499125548,
                0.9972942789124868
            ],
            "position_in_world": [
                3.391177177429199,
                -0.5582025051116943,
                0.43117740750312805
            ],
            "bot_in_world": [
                3.391108989715576,
                -1.8381856679916382,
                -44.140262603759766
            ],
            "path": "./prompt_files/data/buy_a_air_conditioner/subtask_3/seg_instance1_detect_surroundings.png"
        },
        "checkout_counter_sckdal_0": {
            "ability": [
                [
                    "heatable",
                    0
                ],
                [
                    "freezable",
                    0
                ]
            ],
            "position_in_bot": {
                "rho": 44.913378639814994,
                "theta_deg": 109.2442904994363,
                "phi_deg": 4.9078676534876085
            },
            "orientation_in_bot": [
                0.9972638193294883,
                0.07074810475356355,
                -0.021437816722390163,
                1.8555802470037148e-05
            ],
            "position_in_world": [
                0.7368888761418364,
                2.0660888102035844,
                0.5243021984952884
            ],
            "bot_in_world": [
                3.391108989715576,
                -1.8381856679916382,
                -44.140262603759766
            ],
            "path": "./prompt_files/data/buy_a_air_conditioner/subtask_3/seg_instance1_detect_surroundings.png"
        },
        "ceiling_air_conditioner_143": {
            "ability": [
                [
                    "togglable",
                    0
                ],
                [
                    "heatable",
                    0
                ],
                [
                    "freezable",
                    0
                ]
            ],
            "position_in_bot": {
                "rho": 45.176821316851786,
                "theta_deg": 133.83988636663605,
                "phi_deg": 10.506412666733883
            },
            "orientation_in_bot": [
                -0.014522947445753059,
                0.015421270609300155,
                -0.6169824252636609,
                0.7866917791143199
            ],
            "position_in_world": [
                -3.313384771347046,
                4.982326030731201,
                0.012603465467691422
            ],
            "bot_in_world": [
                3.391108989715576,
                -1.8381856679916382,
                -44.140262603759766
            ],