{
    "task": "put_a_teaspoon_in_the_bowl",
    "0_detect_surroundings": {
        "bottom_cabinet_no_top_qudfwe_0": {
            "ability": [
                [
                    "openable",
                    0
                ],
                [
                    "heatable",
                    0
                ],
                [
                    "freezable",
                    0
                ]
            ],
            "position_in_bot": {
                "rho": 1.5140880780016022,
                "theta_deg": -32.40758511525947,
                "phi_deg": 75.39057574579377
            },
            "orientation_in_bot": [
                0.021933622002941456,
                -0.0027041904948907035,
                0.9918775475185506,
                -0.12526186294393432
            ],
            "position_in_world": [
                -0.4690432846546173,
                -0.6071784496307373,
                0.4398816227912903
            ],
            "bot_in_world": [
                -1.4654988050460815,
                0.4460896849632263,
                0.0038020461797714233
            ],
            "path": "./prompt_files/data/put_a_teaspoon_in_the_bowl/subtask_1/seg_instance0_detect_surroundings.png"
        },
        "scene_graph": [],
        "inventory": []
    },
    "1_detect_surroundings": {
        "bottom_cabinet_no_top_qudfwe_0": {
            "ability": [
                [
                    "openable",
                    0
                ],
                [
                    "heatable",
                    0
                ],
                [
                    "freezable",
                    0
                ]
            ],
            "position_in_bot": {
                "rho": 1.5140880780016022,
                "theta_deg": -32.40758511525947,
                "phi_deg": 75.39057574579377
            },
            "orientation_in_bot": [
                0.021933622002941456,
                -0.0027041904948907035,
                0.9918775475185506,
                -0.12526186294393432
            ],
            "position_in_world": [
                -0.4690432846546173,
                -0.6071784496307373,
                0.4398816227912903
            ],
            "bot_in_world": [
                -1.4654988050460815,
                0.4460896849632263,
                0.0038020461797714233
            ],
            "path": "./prompt_files/data/put_a_teaspoon_in_the_bowl/subtask_1/seg_instance1_detect_surroundings.png"
        },
        "scene_graph": [],
        "inventory": []
    },
    "2_detect_surroundings": {
        "bottom_cabinet_no_top_qudfwe_0": {
            "ability": [
                [
                    "openable",
                    0
                ],
                [
                    "heatable",
                    0
                ],
                [
                    "freezable",
                    0
                ]
            ],
            "position_in_bot": {
                "rho": 1.5140880780016022,
                "theta_deg": -32.40758511525947,
                "phi_deg": 75.39057574579377
            },
            "orientation_in_bot": [
                0.021933622002941456,
                -0.0027041904948907035,
                0.9918775475185506,
                -0.12526186294393432
            ],
            "position_in_world": [
                -0.4690432846546173,
                -0.6071784496307373,
                0.4398816227912903
            ],
            "bot_in_world": [
                -1.4654988050460815,
                0.4460896849632263,
                0.0038020461797714233
            ],
            "path": "./prompt_files/data/put_a_teaspoon_in_the_bowl/subtask_1/seg_instance2_detect_surroundings.png"
        },
        "scene_graph": [],
        "inventory": []
    },
    "3_detect_surroundings": {
        "bottom_cabinet_no_top_qudfwe_0": {
            "ability": [
                [
                    "openable",
                    0
                ],
                [
                    "heatable",
                    0
                ],
                [
                    "freezable",
                    0
                ]
            ],
            "position_in_bot": {
                "rho": 1.5140880780016022,
                "theta_deg": -32.40758511525947,
                "phi_deg": 75.39057574579377
            },
            "orientation_in_bot": [
                0.021933622002941456,
                -0.0027041904948907035,
                0.9918775475185506,
                -0.12526186294393432
            ],
            "position_in_world": [
                -0.4690432846546173,
                -0.6071784496307373,
                0.4398816227912903
            ],
            "bot_in_world": [
                -1.4654988050460815,
                0.4460896849632263,
                0.0038020461797714233
            ],
            "path": "./prompt_files/data/put_a_teaspoon_in_the_bowl/subtask_1/seg_instance3_detect_surroundings.png"
        },
        "scene_graph": [],
        "inventory": []
    },
    "4_detect_surroundings": {
        "bottom_cabinet_no_top_qudfwe_0": {
            "ability": [
                [
                    "openable",
                    0
                ],
                [
                    "heatable",
                    0
                ],
                [
                    "freezable",
                    0
                ]
            ],
            "position_in_bot": {
                "rho": 1.5140880780016022,
                "theta_deg": -32.40758511525947,
                "phi_deg": 75.39057574579377
            },
            "orientation_in_bot": [
                0.021933622002941456,
                -0.0027041904948907035,
                0.9918775475185506,
                -0.12526186294393432
            ],
            "position_in_world": [
                -0.4690432846546173,
                -0.6071784496307373,
                0.4398816227912903
            ],
            "bot_in_world": [
                -1.4654988050460815,
                0.4460896849632263,
                0.0038020461797714233
            ],
            "path": "./prompt_files/data/put_a_teaspoon_in_the_bowl/subtask_1/seg_instance4_detect_surroundings.png"
        },
        "scene_graph": [],
        "inventory": []
    },
    "5_detect_surroundings": {
        "bottom_cabinet_no_top_qudfwe_0": {
            "ability": [
                [
                    "openable",
                    0
                ],
                [
                    "heatable",
                    0
                ],
                [
                    "freezable",
                    0
                ]
            ],
            "position_in_bot": {
                "rho": 1.5140880780016022,
                "theta_deg": -32.40758511525947,
                "phi_deg": 75.39057574579377
            },
            "orientation_in_bot": [
                0.021933622002941456,
                -0.0027041904948907035,
                0.9918775475185506,
                -0.12526186294393432
            ],
            "position_in_world": [
                -0.4690432846546173,
                -0.6071784496307373,
                0.4398816227912903
            ],
            "bot_in_world": [
                -1.4654988050460815,
                0.4460896849632263,
                0.0038020461797714233
            ],
            "path": "./prompt_files/data/put_a_teaspoon_in_the_bowl/subtask_1/seg_instance5_detect_surroundings.png"
        },
        "scene_graph": [],
        "inventory": []
    },