{
    "task": "buy_a_good_avocado",
    "0_detect_surroundings": {
        "money_143": {
            "ability": [
                [
                    "heatable",
                    0
                ],
                [
                    "freezable",
                    0
                ]
            ],
            "position_in_bot": {
                "rho": 7.2877432757889755,
                "theta_deg": 2.007753473158211,
                "phi_deg": 69.91153420286471
            },
            "orientation_in_bot": [
                0.709568114829596,
                -0.0028984540368928264,
                -0.029227951685630384,
                -0.7040244429148975
            ],
            "position_in_world": [
                3.577432870864868,
                -0.5805250406265259,
                0.4028369188308716
            ],
            "bot_in_world": [
                0.6229957938194275,
                6.080076694488525,
                0.2654055953025818
            ],
            "path": "./prompt_files/data/buy_a_good_avocado/subtask_2/seg_instance0_detect_surroundings.png"
        },
        "checkout_counter_sckdal_0": {
            "ability": [
                [
                    "heatable",
                    0
                ],
                [
                    "freezable",
                    0
                ]
            ],
            "position_in_bot": {
                "rho": 4.023940564049965,
                "theta_deg": 6.762047919158768,
                "phi_deg": 47.84808928720203
            },
            "orientation_in_bot": [
                0.6407479224712282,
                0.2731621065342896,
                -0.2786758956264907,
                0.661184020223816
            ],
            "position_in_world": [
                0.7368888761418364,
                2.0660888102035844,
                0.5243021984952884
            ],
            "bot_in_world": [
                0.6229957938194275,
                6.080076694488525,
                0.2654055953025818
            ],
            "path": "./prompt_files/data/buy_a_good_avocado/subtask_2/seg_instance0_detect_surroundings.png"
        },
        "shopping_cart_kmgltg_1": {
            "ability": [
                [
                    "heatable",
                    0
                ],
                [
                    "freezable",
                    0
                ]
            ],
            "position_in_bot": {
                "rho": 7.194283529198927,
                "theta_deg": 2.318361526833411,
                "phi_deg": 68.63836356229812
            },
            "orientation_in_bot": [
                0.6611969215521017,
                -0.2775464730617577,
                -0.2743230316874918,
                -0.6407288510023456
            ],
            "position_in_world": [
                3.391235113143921,
                -0.5582277178764343,
                0.4311772882938385
            ],
            "bot_in_world": [
                0.6229957938194275,
                6.080076694488525,
                0.2654055953025818
            ],
            "path": "./prompt_files/data/buy_a_good_avocado/subtask_2/seg_instance0_detect_surroundings.png"
        },
        "avocado_142": {
            "ability": [
                [
                    "heatable",
                    0
                ],
                [
                    "freezable",
                    0
                ],
                [
                    "burnable",
                    0
                ],
                [
                    "cookable",
                    0
                ]
            ],
            "position_in_bot": {
                "rho": 7.213430054329712,
                "theta_deg": 2.3520987037866097,
                "phi_deg": 68.86563706592759
            },
            "orientation_in_bot": [
                0.7727612104637984,
                0.2530158047137557,
                0.296539196563237,
                -0.5008868325971501
            ],
            "position_in_world": [
                3.424771785736084,
                -0.5647910237312317,
                0.4367433190345764
            ],
            "bot_in_world": [
                0.6229957938194275,
                6.080076694488525,
                0.2654055953025818
            ],
            "path": "./prompt_files/data/buy_a_good_avocado/subtask_2/seg_instance0_detect_surroundings.png"
        },
        "scene_graph": [
            [
                "money_143",
                "inside",
                "shopping_cart_kmgltg_1"
            ],
            [
                "avocado_142",
                "inside",
                "shopping_cart_kmgltg_1"
            ]
        ],
        "inventory": []
    },
    "1_detect_surroundings": {
        "money_143": {
            "ability": [
                [
                    "heatable",
                    0
                ],
                [
                    "freezable",
                    0
                ]
            ],
            "position_in_bot": {
                "rho": 7.2877432757889755,
                "theta_deg": 2.007753473158211,
                "phi_deg": 69.91153420286471
            },
            "orientation_in_bot": [
                0.709568114829596,
                -0.0028984540368928264,
                -0.029227951685630384,
                -0.7040244429148975
            ],
            "position_in_world": [
                3.577432870864868,
                -0.5805250406265259,
                0.4028369188308716
            ],
            "bot_in_world": [
                0.6229957938194275,
                6.080076694488525,
                0.2654055953025818
            ],
            "path": "./prompt_files/data/buy_a_good_avocado/subtask_2/seg_instance1_detect_surroundings.png"
        },
        "checkout_counter_sckdal_0": {
            "ability": [
                [
                    "heatable",
                    0
                ],
                [
                    "freezable",
                    0
                ]
            ],
            "position_in_bot": {
                "rho": 4.023940564049965,
                "theta_deg": 6.762047919158768,
                "phi_deg": 47.84808928720203
            },
            "orientation_in_bot": [
                0.6407479224712282,
                0.2731621065342896,
                -0.2786758956264907,
                0.661184020223816
            ],
            "position_in_world": [
                0.7368888761418364,
                2.0660888102035844,
                0.5243021984952884
            ],
            "bot_in_world": [
                0.6229957938194275,
                6.080076694488525,
                0.2654055953025818
            ],
            "path": "./prompt_files/data/buy_a_good_avocado/subtask_2/seg_instance1_detect_surroundings.png"
        },
        "shopping_cart_kmgltg_1": {
            "ability": [
                [
                    "heatable",
                    0
                ],
                [
                    "freezable",
                    0
                ]
            ],
            "position_in_bot": {
                "rho": 7.194283529198927,
                "theta_deg": 2.318361526833411,
                "phi_deg": 68.63836356229812
            },
            "orientation_in_bot": [
                0.6611969215521017,
                -0.2775464730617577,
                -0.2743230316874918,
                -0.6407288510023456
            ],
            "position_in_world": [
                3.391235113143921,
                -0.5582277178764343,
                0.4311772882938385
            ],
            "bot_in_world": [
                0.6229957938194275,
                6.080076694488525,
                0.2654055953025818
            ],