{
    "task": "buy_a_good_avocado",
    "0_detect_surroundings": {
        "money_143": {
            "ability": [
                [
                    "heatable",
                    0
                ],
                [
                    "freezable",
                    0
                ]
            ],
            "position_in_bot": {
                "rho": 44.482888981470516,
                "theta_deg": -153.56147803178087,
                "phi_deg": 95.7091300741679
            },
            "orientation_in_bot": [
                0.5861661193944826,
                0.7208740470407955,
                -0.3156775075585289,
                0.19260737264879818
            ],
            "position_in_world": [
                0.727574348449707,
                4.947626113891602,
                -44.47570037841797
            ],
            "bot_in_world": [
                0.6347114443778992,
                4.984025001525879,
                0.007077554240822792
            ],
            "path": "./prompt_files/data/buy_a_good_avocado/subtask_6/seg_instance0_detect_surroundings.png"
        },
        "checkout_counter_sckdal_0": {
            "ability": [
                [
                    "heatable",
                    0
                ],
                [
                    "freezable",
                    0
                ]
            ],
            "position_in_bot": {
                "rho": 2.9651834714409135,
                "theta_deg": -54.029139839143554,
                "phi_deg": 33.25918615844748
            },
            "orientation_in_bot": [
                0.7118961806020561,
                -0.20676416330051386,
                -0.4947752568922393,
                0.4534863327445073
            ],
            "position_in_world": [
                0.7368888761418364,
                2.0660888102035844,
                0.5243021984952884
            ],
            "bot_in_world": [
                0.6347114443778992,
                4.984025001525879,
                0.007077554240822792
            ],
            "path": "./prompt_files/data/buy_a_good_avocado/subtask_6/seg_instance0_detect_surroundings.png"
        },
        "shopping_cart_kmgltg_1": {
            "ability": [
                [
                    "heatable",
                    0
                ],
                [
                    "freezable",
                    0
                ]
            ],
            "position_in_bot": {
                "rho": 6.204419406707694,
                "theta_deg": -62.65304126348095,
                "phi_deg": 57.5448551664967
            },
            "orientation_in_bot": [
                -0.4542573254403842,
                0.4938530629908125,
                -0.20576910361176246,
                0.712333145695996
            ],
            "position_in_world": [
                3.3912339210510254,
                -0.5582255125045776,
                0.4311773478984833
            ],
            "bot_in_world": [
                0.6347114443778992,
                4.984025001525879,
                0.007077554240822792
            ],
            "path": "./prompt_files/data/buy_a_good_avocado/subtask_6/seg_instance0_detect_surroundings.png"
        },
        "avocado_142": {
            "ability": [
                [
                    "heatable",
                    0
                ],
                [
                    "freezable",
                    0
                ],
                [
                    "burnable",
                    0
                ],
                [
                    "cookable",
                    0
                ]
            ],
            "position_in_bot": {
                "rho": 1.2730624655080967,
                "theta_deg": 106.28563185678267,
                "phi_deg": 137.54266455974457
            },
            "orientation_in_bot": [
                0.39889613133318147,
                0.7027599160519656,
                0.39498238882913406,
                -0.4370346545903264
            ],
            "position_in_world": [
                0.4048318564891815,
                6.234916687011719,
                0.06287450343370438
            ],
            "bot_in_world": [
                0.6347114443778992,
                4.984025001525879,
                0.007077554240822792
            ],
            "path": "./prompt_files/data/buy_a_good_avocado/subtask_6/seg_instance0_detect_surroundings.png"
        },
        "scene_graph": [],
        "inventory": [
            "avocado_142",
            "money_143"
        ]
    },
    "1_detect_surroundings": {
        "money_143": {
            "ability": [
                [
                    "heatable",
                    0
                ],
                [
                    "freezable",
                    0
                ]
            ],
            "position_in_bot": {
                "rho": 44.482888981470516,
                "theta_deg": -153.56147803178087,
                "phi_deg": 95.7091300741679
            },
            "orientation_in_bot": [
                0.5861661193944826,
                0.7208740470407955,
                -0.3156775075585289,
                0.19260737264879818
            ],
            "position_in_world": [
                0.727574348449707,
                4.947626113891602,
                -44.47570037841797
            ],
            "bot_in_world": [
                0.6347114443778992,
                4.984025001525879,
                0.007077554240822792
            ],
            "path": "./prompt_files/data/buy_a_good_avocado/subtask_6/seg_instance1_detect_surroundings.png"
        },
        "checkout_counter_sckdal_0": {
            "ability": [
                [
                    "heatable",
                    0
                ],
                [
                    "freezable",
                    0
                ]
            ],
            "position_in_bot": {
                "rho": 2.9651834714409135,
                "theta_deg": -54.029139839143554,
                "phi_deg": 33.25918615844748
            },
            "orientation_in_bot": [
                0.7118961806020561,
                -0.20676416330051386,
                -0.4947752568922393,
                0.4534863327445073
            ],
            "position_in_world": [
                0.7368888761418364,
                2.0660888102035844,
                0.5243021984952884
            ],
            "bot_in_world": [
                0.6347114443778992,
                4.984025001525879,
                0.007077554240822792
            ],
            "path": "./prompt_files/data/buy_a_good_avocado/subtask_6/seg_instance1_detect_surroundings.png"
        },
        "shopping_cart_kmgltg_1": {
            "ability": [
                [
                    "heatable",
                    0
                ],
                [
                    "freezable",
                    0
                ]
            ],
            "position_in_bot": {
                "rho": 6.204419406707694,
                "theta_deg": -62.65304126348095,
                "phi_deg": 57.5448551664967
            },
            "orientation_in_bot": [
                -0.4542573254403842,
                0.4938530629908125,
                -0.20576910361176246,
                0.712333145695996
            ],
            "position_in_world": [
                3.3912339210510254,
                -0.5582255125045776,
                0.4311773478984833
            ],
            "bot_in_world": [
                0.6347114443778992,
                4.984025001525879,
                0.007077554240822792
            ],
            "path": "./prompt_files/data/buy_a_good_avocado/subtask_6/seg_instance1_detect_surroundings.png"
        },