{
    "task": "buy_a_air_conditioner",
    "0_detect_surroundings": {
        "shopping_cart_kmgltg_1": {
            "ability": [
                [
                    "heatable",
                    0
                ],
                [
                    "freezable",
                    0
                ]
            ],
            "position_in_bot": {
                "rho": 191.7264557968329,
                "theta_deg": 17.82348996040187,
                "phi_deg": 2.4453250004693237
            },
            "orientation_in_bot": [
                -0.0022929087418648545,
                0.019436116481350914,
                0.0707426207672338,
                0.997302592773431
            ],
            "position_in_world": [
                3.391177177429199,
                -0.5582025051116943,
                0.43117740750312805
            ],
            "bot_in_world": [
                3.3911190032958984,
                -1.8382233381271362,
                -191.29100036621094
            ],
            "path": "./prompt_files/data/buy_a_air_conditioner/subtask_10/seg_instance0_detect_surroundings.png"
        },
        "checkout_counter_sckdal_0": {
            "ability": [
                [
                    "heatable",
                    0
                ],
                [
                    "freezable",
                    0
                ]
            ],
            "position_in_bot": {
                "rho": 191.87339793370623,
                "theta_deg": 44.59430785603055,
                "phi_deg": 2.0114411333665028
            },
            "orientation_in_bot": [
                0.9972739675464904,
                0.07072626750497753,
                -0.02096129002951388,
                0.0017473005449817817
            ],
            "position_in_world": [
                0.7368888761418364,
                2.0660888102035844,
                0.5243021984952884
            ],
            "bot_in_world": [
                3.3911190032958984,
                -1.8382233381271362,
                -191.29100036621094
            ],
            "path": "./prompt_files/data/buy_a_air_conditioner/subtask_10/seg_instance0_detect_surroundings.png"
        },
        "ceiling_air_conditioner_143": {
            "ability": [
                [
                    "togglable",
                    0
                ],
                [
                    "heatable",
                    0
                ],
                [
                    "freezable",
                    0
                ]
            ],
            "position_in_bot": {
                "rho": 191.54253063680522,
                "theta_deg": 87.10059007148215,
                "phi_deg": 2.1093101147894693
            },
            "orientation_in_bot": [
                -0.01548446442151345,
                0.013907616934876682,
                -0.6170047195460046,
                0.7866841714504798
            ],
            "position_in_world": [
                -3.313384771347046,
                4.982326030731201,
                0.012603465467691422
            ],
            "bot_in_world": [
                3.3911190032958984,
                -1.8382233381271362,
                -191.29100036621094
            ],
            "path": "./prompt_files/data/buy_a_air_conditioner/subtask_10/seg_instance0_detect_surroundings.png"
        },
        "money_142": {
            "ability": [
                [
                    "heatable",
                    0
                ],
                [
                    "freezable",
                    0
                ]
            ],
            "position_in_bot": {
                "rho": 191.69397654243315,
                "theta_deg": 17.421929970723912,
                "phi_deg": 2.4703614734117685
            },
            "orientation_in_bot": [
                -0.010891789586028662,
                0.0037907624157386874,
                -0.408270636942545,
                0.9127880838674713
            ],
            "position_in_world": [
                3.483302593231201,
                -0.6014155149459839,
                0.3989589512348175
            ],
            "bot_in_world": [
                3.3911190032958984,
                -1.8382233381271362,
                -191.29100036621094
            ],
            "path": "./prompt_files/data/buy_a_air_conditioner/subtask_10/seg_instance0_detect_surroundings.png"
        },
        "scene_graph": [
            [
                "money_142",
                "inside",
                "shopping_cart_kmgltg_1"
            ]
        ],
        "inventory": []
    },
    "1_detect_surroundings": {
        "shopping_cart_kmgltg_1": {
            "ability": [
                [
                    "heatable",
                    0
                ],
                [
                    "freezable",
                    0
                ]
            ],
            "position_in_bot": {
                "rho": 191.7264557968329,
                "theta_deg": 17.82348996040187,
                "phi_deg": 2.4453250004693237
            },
            "orientation_in_bot": [
                -0.0022929087418648545,
                0.019436116481350914,
                0.0707426207672338,
                0.997302592773431
            ],
            "position_in_world": [
                3.391177177429199,
                -0.5582025051116943,
                0.43117740750312805
            ],
            "bot_in_world": [
                3.3911190032958984,
                -1.8382233381271362,
                -191.29100036621094
            ],
            "path": "./prompt_files/data/buy_a_air_conditioner/subtask_10/seg_instance1_detect_surroundings.png"
        },
        "checkout_counter_sckdal_0": {
            "ability": [
                [
                    "heatable",
                    0
                ],
                [
                    "freezable",
                    0
                ]
            ],
            "position_in_bot": {
                "rho": 191.87339793370623,
                "theta_deg": 44.59430785603055,
                "phi_deg": 2.0114411333665028
            },
            "orientation_in_bot": [
                0.9972739675464904,
                0.07072626750497753,
                -0.02096129002951388,
                0.0017473005449817817
            ],
            "position_in_world": [
                0.7368888761418364,
                2.0660888102035844,
                0.5243021984952884
            ],
            "bot_in_world": [
                3.3911190032958984,
                -1.8382233381271362,
                -191.29100036621094
            ],
            "path": "./prompt_files/data/buy_a_air_conditioner/subtask_10/seg_instance1_detect_surroundings.png"
        },
        "ceiling_air_conditioner_143": {
            "ability": [
                [
                    "togglable",
                    0
                ],
                [
                    "heatable",
                    0
                ],
                [
                    "freezable",
                    0
                ]
            ],
            "position_in_bot": {
                "rho": 191.54253063680522,
                "theta_deg": 87.10059007148215,
                "phi_deg": 2.1093101147894693
            },
            "orientation_in_bot": [
                -0.01548446442151345,
                0.013907616934876682,
                -0.6170047195460046,
                0.7866841714504798
            ],
            "position_in_world": [
                -3.313384771347046,
                4.982326030731201,
                0.012603465467691422
            ],
            "bot_in_world": [
                3.3911190032958984,
                -1.8382233381271362,
                -191.29100036621094
            ],