{
    "task": "buy_a_good_avocado",
    "0_detect_surroundings": {
        "money_143": {
            "ability": [
                [
                    "heatable",
                    0
                ],
                [
                    "freezable",
                    0
                ]
            ],
            "position_in_bot": {
                "rho": 140.7732409234543,
                "theta_deg": -179.09871904219537,
                "phi_deg": 89.92039812691125
            },
            "orientation_in_bot": [
                -0.6368683646694591,
                -0.09269697441035535,
                0.02371749214058441,
                0.7650120506142216
            ],
            "position_in_world": [
                1.1983962059020996,
                1.9432708024978638,
                -140.4500732421875
            ],
            "bot_in_world": [
                0.7443013191223145,
                4.98643159866333,
                0.28953516483306885
            ],
            "path": "./prompt_files/data/buy_a_good_avocado/subtask_11/seg_instance0_detect_surroundings.png"
        },
        "checkout_counter_sckdal_0": {
            "ability": [
                [
                    "heatable",
                    0
                ],
                [
                    "freezable",
                    0
                ]
            ],
            "position_in_bot": {
                "rho": 2.9297733768273595,
                "theta_deg": -84.96645291688922,
                "phi_deg": 126.74490885018302
            },
            "orientation_in_bot": [
                -0.6649342153465203,
                -0.22222151773657683,
                0.6763968500427058,
                0.22575957912935835
            ],
            "position_in_world": [
                0.7368888761418364,
                2.0660888102035844,
                0.5243021984952884
            ],
            "bot_in_world": [
                0.7443013191223145,
                4.98643159866333,
                0.28953516483306885
            ],
            "path": "./prompt_files/data/buy_a_good_avocado/subtask_11/seg_instance0_detect_surroundings.png"
        },
        "shopping_cart_kmgltg_1": {
            "ability": [
                [
                    "heatable",
                    0
                ],
                [
                    "freezable",
                    0
                ]
            ],
            "position_in_bot": {
                "rho": 6.145693157524165,
                "theta_deg": -88.98504382317425,
                "phi_deg": 152.45955800032922
            },
            "orientation_in_bot": [
                0.22565437364486754,
                0.6752650300442127,
                0.2223271782790751,
                0.6660839801802739
            ],
            "position_in_world": [
                3.3912343978881836,
                -0.5582259893417358,
                0.4311772584915161
            ],
            "bot_in_world": [
                0.7443013191223145,
                4.98643159866333,
                0.28953516483306885
            ],
            "path": "./prompt_files/data/buy_a_good_avocado/subtask_11/seg_instance0_detect_surroundings.png"
        },
        "avocado_142": {
            "ability": [
                [
                    "heatable",
                    0
                ],
                [
                    "freezable",
                    0
                ],
                [
                    "burnable",
                    0
                ],
                [
                    "cookable",
                    0
                ]
            ],
            "position_in_bot": {
                "rho": 2.946112729938851,
                "theta_deg": 98.88397849532981,
                "phi_deg": 140.9308561542447
            },
            "orientation_in_bot": [
                0.7598458688617944,
                0.21080016622077816,
                0.5930207692263414,
                -0.1628616368613406
            ],
            "position_in_world": [
                3.6786696910858154,
                5.0756049156188965,
                0.042329128831624985
            ],
            "bot_in_world": [
                0.7443013191223145,
                4.98643159866333,
                0.28953516483306885
            ],
            "path": "./prompt_files/data/buy_a_good_avocado/subtask_11/seg_instance0_detect_surroundings.png"
        },
        "scene_graph": [],
        "inventory": [
            "avocado_142"
        ]
    },
    "1_detect_surroundings": {
        "money_143": {
            "ability": [
                [
                    "heatable",
                    0
                ],
                [
                    "freezable",
                    0
                ]
            ],
            "position_in_bot": {
                "rho": 140.7732409234543,
                "theta_deg": -179.09871904219537,
                "phi_deg": 89.92039812691125
            },
            "orientation_in_bot": [
                -0.6368683646694591,
                -0.09269697441035535,
                0.02371749214058441,
                0.7650120506142216
            ],
            "position_in_world": [
                1.1983962059020996,
                1.9432708024978638,
                -140.4500732421875
            ],
            "bot_in_world": [
                0.7443013191223145,
                4.98643159866333,
                0.28953516483306885
            ],
            "path": "./prompt_files/data/buy_a_good_avocado/subtask_11/seg_instance1_detect_surroundings.png"
        },
        "checkout_counter_sckdal_0": {
            "ability": [
                [
                    "heatable",
                    0
                ],
                [
                    "freezable",
                    0
                ]
            ],
            "position_in_bot": {
                "rho": 2.9297733768273595,
                "theta_deg": -84.96645291688922,
                "phi_deg": 126.74490885018302
            },
            "orientation_in_bot": [
                -0.6649342153465203,
                -0.22222151773657683,
                0.6763968500427058,
                0.22575957912935835
            ],
            "position_in_world": [
                0.7368888761418364,
                2.0660888102035844,
                0.5243021984952884
            ],
            "bot_in_world": [
                0.7443013191223145,
                4.98643159866333,
                0.28953516483306885
            ],
            "path": "./prompt_files/data/buy_a_good_avocado/subtask_11/seg_instance1_detect_surroundings.png"
        },
        "shopping_cart_kmgltg_1": {
            "ability": [
                [
                    "heatable",
                    0
                ],
                [
                    "freezable",
                    0
                ]
            ],
            "position_in_bot": {
                "rho": 6.145693157524165,
                "theta_deg": -88.98504382317425,
                "phi_deg": 152.45955800032922
            },
            "orientation_in_bot": [
                0.22565437364486754,
                0.6752650300442127,
                0.2223271782790751,
                0.6660839801802739
            ],
            "position_in_world": [
                3.3912343978881836,
                -0.5582259893417358,
                0.4311772584915161
            ],
            "bot_in_world": [
                0.7443013191223145,
                4.98643159866333,
                0.28953516483306885
            ],
            "path": "./prompt_files/data/buy_a_good_avocado/subtask_11/seg_instance1_detect_surroundings.png"
        },