{
    "task": "buy_a_air_conditioner",
    "0_detect_surroundings": {
        "shopping_cart_kmgltg_1": {
            "ability": [
                [
                    "heatable",
                    0
                ],
                [
                    "freezable",
                    0
                ]
            ],
            "position_in_bot": {
                "rho": 44.58971603913075,
                "theta_deg": 28.399938671035034,
                "phi_deg": 3.420213907563623
            },
            "orientation_in_bot": [
                0.000997111262768131,
                0.02618439613886523,
                0.05468964113764853,
                0.998159519475824
            ],
            "position_in_world": [
                3.39117693901062,
                -0.558202862739563,
                0.43117737770080566
            ],
            "bot_in_world": [
                3.3841519355773926,
                -1.8347986936569214,
                -44.1402587890625
            ],
            "path": "./prompt_files/data/buy_a_air_conditioner/subtask_2/seg_instance0_detect_surroundings.png"
        },
        "checkout_counter_sckdal_0": {
            "ability": [
                [
                    "heatable",
                    0
                ],
                [
                    "freezable",
                    0
                ]
            ],
            "position_in_bot": {
                "rho": 44.912671283099826,
                "theta_deg": 99.12064342158682,
                "phi_deg": 4.635619074701457
            },
            "orientation_in_bot": [
                0.9981187197314294,
                0.054674247203349666,
                -0.027699999481295333,
                -0.0015678147771789734
            ],
            "position_in_world": [
                0.7368888761418364,
                2.0660888102035844,
                0.5243021984952884
            ],
            "bot_in_world": [
                3.3841519355773926,
                -1.8347986936569214,
                -44.1402587890625
            ],
            "path": "./prompt_files/data/buy_a_air_conditioner/subtask_2/seg_instance0_detect_surroundings.png"
        },
        "ceiling_air_conditioner_143": {
            "ability": [
                [
                    "togglable",
                    0
                ],
                [
                    "heatable",
                    0
                ],
                [
                    "freezable",
                    0
                ]
            ],
            "position_in_bot": {
                "rho": 45.17527576672452,
                "theta_deg": 129.2868646864356,
                "phi_deg": 9.947933436784668
            },
            "orientation_in_bot": [
                -0.017557950207218145,
                0.021129837722221902,
                -0.6294704551824264,
                0.7765385981358444
            ],
            "position_in_world": [
                -3.313384771347046,
                4.982326030731201,
                0.012603464536368847
            ],
            "bot_in_world": [
                3.3841519355773926,
                -1.8347986936569214,
                -44.1402587890625
            ],
            "path": "./prompt_files/data/buy_a_air_conditioner/subtask_2/seg_instance0_detect_surroundings.png"
        },
        "money_142": {
            "ability": [
                [
                    "heatable",
                    0
                ],
                [
                    "freezable",
                    0
                ]
            ],
            "position_in_bot": {
                "rho": 44.55659196963952,
                "theta_deg": 26.849823318981695,
                "phi_deg": 3.510823867709419
            },
            "orientation_in_bot": [
                -0.010059919972183674,
                0.00958624666958721,
                -0.4228777156478915,
                0.9060802058832121
            ],
            "position_in_world": [
                3.4832921028137207,
                -0.6014151573181152,
                0.39914754033088684
            ],
            "bot_in_world": [
                3.3841519355773926,
                -1.8347986936569214,
                -44.1402587890625
            ],
            "path": "./prompt_files/data/buy_a_air_conditioner/subtask_2/seg_instance0_detect_surroundings.png"
        },
        "scene_graph": [
            [
                "money_142",
                "inside",
                "shopping_cart_kmgltg_1"
            ]
        ],
        "inventory": []
    },
    "1_detect_surroundings": {
        "shopping_cart_kmgltg_1": {
            "ability": [
                [
                    "heatable",
                    0
                ],
                [
                    "freezable",
                    0
                ]
            ],
            "position_in_bot": {
                "rho": 44.58971603913075,
                "theta_deg": 28.399938671035034,
                "phi_deg": 3.420213907563623
            },
            "orientation_in_bot": [
                0.000997111262768131,
                0.02618439613886523,
                0.05468964113764853,
                0.998159519475824
            ],
            "position_in_world": [
                3.39117693901062,
                -0.558202862739563,
                0.43117737770080566
            ],
            "bot_in_world": [
                3.3841519355773926,
                -1.8347986936569214,
                -44.1402587890625
            ],
            "path": "./prompt_files/data/buy_a_air_conditioner/subtask_2/seg_instance1_detect_surroundings.png"
        },
        "checkout_counter_sckdal_0": {
            "ability": [
                [
                    "heatable",
                    0
                ],
                [
                    "freezable",
                    0
                ]
            ],
            "position_in_bot": {
                "rho": 44.912671283099826,
                "theta_deg": 99.12064342158682,
                "phi_deg": 4.635619074701457
            },
            "orientation_in_bot": [
                0.9981187197314294,
                0.054674247203349666,
                -0.027699999481295333,
                -0.0015678147771789734
            ],
            "position_in_world": [
                0.7368888761418364,
                2.0660888102035844,
                0.5243021984952884
            ],
            "bot_in_world": [
                3.3841519355773926,
                -1.8347986936569214,
                -44.1402587890625
            ],
            "path": "./prompt_files/data/buy_a_air_conditioner/subtask_2/seg_instance1_detect_surroundings.png"
        },
        "ceiling_air_conditioner_143": {
            "ability": [
                [
                    "togglable",
                    0
                ],
                [
                    "heatable",
                    0
                ],
                [
                    "freezable",
                    0
                ]
            ],
            "position_in_bot": {
                "rho": 45.17527576672452,
                "theta_deg": 129.2868646864356,
                "phi_deg": 9.947933436784668
            },
            "orientation_in_bot": [
                -0.017557950207218145,
                0.021129837722221902,
                -0.6294704551824264,
                0.7765385981358444
            ],
            "position_in_world": [
                -3.313384771347046,
                4.982326030731201,
                0.012603464536368847
            ],
            "bot_in_world": [
                3.3841519355773926,
                -1.8347986936569214,
                -44.1402587890625
            ],
            "path": "./prompt_files/data/buy_a_air_conditioner/subtask_2/seg_instance1_detect_surroundings.png"
        },