{
    "task": "put_a_teaspoon_in_the_bowl",
    "0_detect_surroundings": {
        "bottom_cabinet_no_top_qudfwe_0": {
            "ability": [
                [
                    "openable",
                    1
                ],
                [
                    "heatable",
                    0
                ],
                [
                    "freezable",
                    0
                ]
            ],
            "position_in_bot": {
                "rho": 1.3016808306593823,
                "theta_deg": -74.59013835569291,
                "phi_deg": 71.06992134286995
            },
            "orientation_in_bot": [
                0.02189840827289495,
                -0.002700420215766486,
                0.9917153872411367,
                -0.12654547860328408
            ],
            "position_in_world": [
                -0.4690432846546173,
                -0.6071784496307373,
                0.4398816227912903
            ],
            "bot_in_world": [
                -0.482143372297287,
                0.6192108392715454,
                0.003796011209487915
            ],
            "path": "./prompt_files/data/put_a_teaspoon_in_the_bowl/subtask_12/seg_instance0_detect_surroundings.png"
        },
        "scene_graph": [],
        "inventory": []
    },
    "1_detect_surroundings": {
        "bottom_cabinet_no_top_qudfwe_0": {
            "ability": [
                [
                    "openable",
                    1
                ],
                [
                    "heatable",
                    0
                ],
                [
                    "freezable",
                    0
                ]
            ],
            "position_in_bot": {
                "rho": 1.3016808306593823,
                "theta_deg": -74.59013835569291,
                "phi_deg": 71.06992134286995
            },
            "orientation_in_bot": [
                0.02189840827289495,
                -0.002700420215766486,
                0.9917153872411367,
                -0.12654547860328408
            ],
            "position_in_world": [
                -0.4690432846546173,
                -0.6071784496307373,
                0.4398816227912903
            ],
            "bot_in_world": [
                -0.482143372297287,
                0.6192108392715454,
                0.003796011209487915
            ],
            "path": "./prompt_files/data/put_a_teaspoon_in_the_bowl/subtask_12/seg_instance1_detect_surroundings.png"
        },
        "scene_graph": [],
        "inventory": []
    },
    "2_detect_surroundings": {
        "bottom_cabinet_no_top_qudfwe_0": {
            "ability": [
                [
                    "openable",
                    1
                ],
                [
                    "heatable",
                    0
                ],
                [
                    "freezable",
                    0
                ]
            ],
            "position_in_bot": {
                "rho": 1.3016808306593823,
                "theta_deg": -74.59013835569291,
                "phi_deg": 71.06992134286995
            },
            "orientation_in_bot": [
                0.02189840827289495,
                -0.002700420215766486,
                0.9917153872411367,
                -0.12654547860328408
            ],
            "position_in_world": [
                -0.4690432846546173,
                -0.6071784496307373,
                0.4398816227912903
            ],
            "bot_in_world": [
                -0.482143372297287,
                0.6192108392715454,
                0.003796011209487915
            ],
            "path": "./prompt_files/data/put_a_teaspoon_in_the_bowl/subtask_12/seg_instance2_detect_surroundings.png"
        },
        "scene_graph": [],
        "inventory": []
    },
    "3_detect_surroundings": {
        "bottom_cabinet_no_top_qudfwe_0": {
            "ability": [
                [
                    "openable",
                    1
                ],
                [
                    "heatable",
                    0
                ],
                [
                    "freezable",
                    0
                ]
            ],
            "position_in_bot": {
                "rho": 1.3016808306593823,
                "theta_deg": -74.59013835569291,
                "phi_deg": 71.06992134286995
            },
            "orientation_in_bot": [
                0.02189840827289495,
                -0.002700420215766486,
                0.9917153872411367,
                -0.12654547860328408
            ],
            "position_in_world": [
                -0.4690432846546173,
                -0.6071784496307373,
                0.4398816227912903
            ],
            "bot_in_world": [
                -0.482143372297287,
                0.6192108392715454,
                0.003796011209487915
            ],
            "path": "./prompt_files/data/put_a_teaspoon_in_the_bowl/subtask_12/seg_instance3_detect_surroundings.png"
        },
        "scene_graph": [],
        "inventory": []
    },
    "4_detect_surroundings": {
        "bottom_cabinet_no_top_qudfwe_0": {
            "ability": [
                [
                    "openable",
                    1
                ],
                [
                    "heatable",
                    0
                ],
                [
                    "freezable",
                    0
                ]
            ],
            "position_in_bot": {
                "rho": 1.3016808306593823,
                "theta_deg": -74.59013835569291,
                "phi_deg": 71.06992134286995
            },
            "orientation_in_bot": [
                0.02189840827289495,
                -0.002700420215766486,
                0.9917153872411367,
                -0.12654547860328408
            ],
            "position_in_world": [
                -0.4690432846546173,
                -0.6071784496307373,
                0.4398816227912903
            ],
            "bot_in_world": [
                -0.482143372297287,
                0.6192108392715454,
                0.003796011209487915
            ],
            "path": "./prompt_files/data/put_a_teaspoon_in_the_bowl/subtask_12/seg_instance4_detect_surroundings.png"
        },
        "scene_graph": [],
        "inventory": []
    },
    "5_detect_surroundings": {
        "bottom_cabinet_no_top_qudfwe_0": {
            "ability": [
                [
                    "openable",
                    1
                ],
                [
                    "heatable",
                    0
                ],
                [
                    "freezable",
                    0
                ]
            ],
            "position_in_bot": {
                "rho": 1.3016808306593823,
                "theta_deg": -74.59013835569291,
                "phi_deg": 71.06992134286995
            },
            "orientation_in_bot": [
                0.02189840827289495,
                -0.002700420215766486,
                0.9917153872411367,
                -0.12654547860328408
            ],
            "position_in_world": [
                -0.4690432846546173,
                -0.6071784496307373,
                0.4398816227912903
            ],
            "bot_in_world": [
                -0.482143372297287,
                0.6192108392715454,
                0.003796011209487915
            ],
            "path": "./prompt_files/data/put_a_teaspoon_in_the_bowl/subtask_12/seg_instance5_detect_surroundings.png"
        },
        "scene_graph": [],
        "inventory": []
    },