{
    "task": "cook_a_frozen_pie",
    "0_detect_surroundings": {
        "cheese_tart_188": {
            "ability": [
                [
                    "heatable",
                    0
                ],
                [
                    "freezable",
                    0
                ],
                [
                    "burnable",
                    0
                ],
                [
                    "cookable",
                    1
                ]
            ],
            "position_in_bot": {
                "rho": 104.16001772051547,
                "theta_deg": -177.21056683269785,
                "phi_deg": 177.50138050281376
            },
            "orientation_in_bot": [
                0.004387040007589786,
                0.023015558954911676,
                0.21404345124260293,
                0.976543106527367
            ],
            "position_in_world": [
                -6.848034381866455,
                -0.48258647322654724,
                -103.90975952148438
            ],
            "bot_in_world": [
                -6.847103595733643,
                -0.4806213974952698,
                0.25025689601898193
            ],
            "path": "./prompt_files/data/cook_a_frozen_pie/subtask_11/seg_instance0_detect_surroundings.png"
        },
        "oven_wuinhm_0": {
            "ability": [
                [
                    "openable",
                    1
                ],
                [
                    "togglable",
                    0
                ],
                [
                    "heatable",
                    0
                ],
                [
                    "freezable",
                    0
                ]
            ],
            "position_in_bot": {
                "rho": 1.7086834143877918,
                "theta_deg": 7.312115828675065,
                "phi_deg": 69.71684017348328
            },
            "orientation_in_bot": [
                0.010415381340300447,
                0.019160930509347186,
                0.5193085252402085,
                0.8543085122989188
            ],
            "position_in_world": [
                -5.947904109954834,
                -1.7742741107940674,
                0.911696195602417
            ],
            "bot_in_world": [
                -6.847103595733643,
                -0.4806213974952698,
                0.25025689601898193
            ],
            "path": "./prompt_files/data/cook_a_frozen_pie/subtask_11/seg_instance0_detect_surroundings.png"
        },
        "fridge_dszchb_0": {
            "ability": [
                [
                    "openable",
                    1
                ],
                [
                    "heatable",
                    0
                ],
                [
                    "freezable",
                    0
                ]
            ],
            "position_in_bot": {
                "rho": 1.4484366420960402,
                "theta_deg": -26.874526772844927,
                "phi_deg": 66.21504410144588
            },
            "orientation_in_bot": [
                0.010415381340300447,
                0.019160930509347186,
                0.5193085252402085,
                0.8543085122989188
            ],
            "position_in_world": [
                -6.848034381866455,
                -1.78300940990448,
                0.8840970396995544
            ],
            "bot_in_world": [
                -6.847103595733643,
                -0.4806213974952698,
                0.25025689601898193
            ],
            "path": "./prompt_files/data/cook_a_frozen_pie/subtask_11/seg_instance0_detect_surroundings.png"
        },
        "scene_graph": [],
        "inventory": [
            "cheese_tart_188"
        ]
    },
    "1_detect_surroundings": {
        "cheese_tart_188": {
            "ability": [
                [
                    "heatable",
                    0
                ],
                [
                    "freezable",
                    0
                ],
                [
                    "burnable",
                    0
                ],
                [
                    "cookable",
                    1
                ]
            ],
            "position_in_bot": {
                "rho": 104.16001772051547,
                "theta_deg": -177.21056683269785,
                "phi_deg": 177.50138050281376
            },
            "orientation_in_bot": [
                0.004387040007589786,
                0.023015558954911676,
                0.21404345124260293,
                0.976543106527367
            ],
            "position_in_world": [
                -6.848034381866455,
                -0.48258647322654724,
                -103.90975952148438
            ],
            "bot_in_world": [
                -6.847103595733643,
                -0.4806213974952698,
                0.25025689601898193
            ],
            "path": "./prompt_files/data/cook_a_frozen_pie/subtask_11/seg_instance1_detect_surroundings.png"
        },
        "oven_wuinhm_0": {
            "ability": [
                [
                    "openable",
                    1
                ],
                [
                    "togglable",
                    0
                ],
                [
                    "heatable",
                    0
                ],
                [
                    "freezable",
                    0
                ]
            ],
            "position_in_bot": {
                "rho": 1.7086834143877918,
                "theta_deg": 7.312115828675065,
                "phi_deg": 69.71684017348328
            },
            "orientation_in_bot": [
                0.010415381340300447,
                0.019160930509347186,
                0.5193085252402085,
                0.8543085122989188
            ],
            "position_in_world": [
                -5.947904109954834,
                -1.7742741107940674,
                0.911696195602417
            ],
            "bot_in_world": [
                -6.847103595733643,
                -0.4806213974952698,
                0.25025689601898193
            ],
            "path": "./prompt_files/data/cook_a_frozen_pie/subtask_11/seg_instance1_detect_surroundings.png"
        },
        "fridge_dszchb_0": {
            "ability": [
                [
                    "openable",
                    1
                ],
                [
                    "heatable",
                    0
                ],
                [
                    "freezable",
                    0
                ]
            ],
            "position_in_bot": {
                "rho": 1.4484366420960402,
                "theta_deg": -26.874526772844927,
                "phi_deg": 66.21504410144588
            },
            "orientation_in_bot": [
                0.010415381340300447,
                0.019160930509347186,
                0.5193085252402085,
                0.8543085122989188
            ],
            "position_in_world": [
                -6.848034381866455,
                -1.78300940990448,
                0.8840970396995544
            ],
            "bot_in_world": [
                -6.847103595733643,
                -0.4806213974952698,
                0.25025689601898193
            ],
            "path": "./prompt_files/data/cook_a_frozen_pie/subtask_11/seg_instance1_detect_surroundings.png"
        },
        "scene_graph": [],
        "inventory": [
            "cheese_tart_188"
        ]
    },