{
    "task": "cook_a_frozen_pie",
    "0_detect_surroundings": {
        "fridge_dszchb_0": {
            "ability": [
                [
                    "openable",
                    1
                ],
                [
                    "heatable",
                    0
                ],
                [
                    "freezable",
                    0
                ]
            ],
            "position_in_bot": {
                "rho": 1.6289534160634087,
                "theta_deg": -62.59533275923479,
                "phi_deg": 68.21407337110642
            },
            "orientation_in_bot": [
                0.011335560812333709,
                0.018872351569689843,
                0.5251865689137407,
                0.850702302359593
            ],
            "position_in_world": [
                -6.848034381866455,
                -1.78300940990448,
                0.8840970396995544
            ],
            "bot_in_world": [
                -5.946982383728027,
                -0.5831109881401062,
                0.25018978118896484
            ],
            "path": "./prompt_files/data/cook_a_frozen_pie/subtask_11/seg_instance0_detect_surroundings.png"
        },
        "oven_wuinhm_0": {
            "ability": [
                [
                    "togglable",
                    1
                ],
                [
                    "openable",
                    0
                ],
                [
                    "heatable",
                    0
                ],
                [
                    "freezable",
                    0
                ]
            ],
            "position_in_bot": {
                "rho": 1.362520115824618,
                "theta_deg": -26.057222357701395,
                "phi_deg": 63.2014874696828
            },
            "orientation_in_bot": [
                0.011335560812333709,
                0.018872351569689843,
                0.5251865689137407,
                0.850702302359593
            ],
            "position_in_world": [
                -5.947904109954834,
                -1.7742741107940674,
                0.911696195602417
            ],
            "bot_in_world": [
                -5.946982383728027,
                -0.5831109881401062,
                0.25018978118896484
            ],
            "path": "./prompt_files/data/cook_a_frozen_pie/subtask_11/seg_instance0_detect_surroundings.png"
        },
        "cheese_tart_188": {
            "ability": [
                [
                    "heatable",
                    0
                ],
                [
                    "freezable",
                    1
                ],
                [
                    "burnable",
                    0
                ],
                [
                    "cookable",
                    0
                ]
            ],
            "position_in_bot": {
                "rho": 1.4061701968669023,
                "theta_deg": -27.12141919947052,
                "phi_deg": 60.74530226498407
            },
            "orientation_in_bot": [
                0.0038534270930653154,
                0.03879735655229731,
                0.12963311849442605,
                0.9907952214325634
            ],
            "position_in_world": [
                -5.972057819366455,
                -1.7820760011672974,
                0.9844709634780884
            ],
            "bot_in_world": [
                -5.946982383728027,
                -0.5831109881401062,
                0.25018978118896484
            ],
            "path": "./prompt_files/data/cook_a_frozen_pie/subtask_11/seg_instance0_detect_surroundings.png"
        },
        "scene_graph": [
            [
                "oven_wuinhm_0",
                "under",
                "cheese_tart_188"
            ],
            [
                "cheese_tart_188",
                "inside",
                "oven_wuinhm_0"
            ]
        ],
        "inventory": []
    },
    "1_detect_surroundings": {
        "fridge_dszchb_0": {
            "ability": [
                [
                    "openable",
                    1
                ],
                [
                    "heatable",
                    0
                ],
                [
                    "freezable",
                    0
                ]
            ],
            "position_in_bot": {
                "rho": 1.6289534160634087,
                "theta_deg": -62.59533275923479,
                "phi_deg": 68.21407337110642
            },
            "orientation_in_bot": [
                0.011335560812333709,
                0.018872351569689843,
                0.5251865689137407,
                0.850702302359593
            ],
            "position_in_world": [
                -6.848034381866455,
                -1.78300940990448,
                0.8840970396995544
            ],
            "bot_in_world": [
                -5.946982383728027,
                -0.5831109881401062,
                0.25018978118896484
            ],
            "path": "./prompt_files/data/cook_a_frozen_pie/subtask_11/seg_instance1_detect_surroundings.png"
        },
        "oven_wuinhm_0": {
            "ability": [
                [
                    "togglable",
                    1
                ],
                [
                    "openable",
                    0
                ],
                [
                    "heatable",
                    0
                ],
                [
                    "freezable",
                    0
                ]
            ],
            "position_in_bot": {
                "rho": 1.362520115824618,
                "theta_deg": -26.057222357701395,
                "phi_deg": 63.2014874696828
            },
            "orientation_in_bot": [
                0.011335560812333709,
                0.018872351569689843,
                0.5251865689137407,
                0.850702302359593
            ],
            "position_in_world": [
                -5.947904109954834,
                -1.7742741107940674,
                0.911696195602417
            ],
            "bot_in_world": [
                -5.946982383728027,
                -0.5831109881401062,
                0.25018978118896484
            ],
            "path": "./prompt_files/data/cook_a_frozen_pie/subtask_11/seg_instance1_detect_surroundings.png"
        },
        "cheese_tart_188": {
            "ability": [
                [
                    "heatable",
                    0
                ],
                [
                    "freezable",
                    1
                ],
                [
                    "burnable",
                    0
                ],
                [
                    "cookable",
                    0
                ]
            ],
            "position_in_bot": {
                "rho": 1.4061701968669023,
                "theta_deg": -27.12141919947052,
                "phi_deg": 60.74530226498407
            },
            "orientation_in_bot": [
                0.0038534270930653154,
                0.03879735655229731,
                0.12963311849442605,
                0.9907952214325634
            ],
            "position_in_world": [
                -5.972057819366455,
                -1.7820760011672974,
                0.9844709634780884
            ],
            "bot_in_world": [
                -5.946982383728027,
                -0.5831109881401062,
                0.25018978118896484
            ],
            "path": "./prompt_files/data/cook_a_frozen_pie/subtask_11/seg_instance1_detect_surroundings.png"
        },
        "scene_graph": [
            [
                "oven_wuinhm_0",
                "under",
                "cheese_tart_188"
            ],
            [
                "cheese_tart_188",
                "inside",
                "oven_wuinhm_0"
            ]
        ],