{
    "task": "dispose_of_water_bottle",
    "0_detect_surroundings": {
        "recycling_bin_278": {
            "ability": [
                [
                    "openable",
                    0
                ],
                [
                    "heatable",
                    0
                ],
                [
                    "freezable",
                    0
                ]
            ],
            "position_in_bot": {
                "rho": 1.2507289878161132,
                "theta_deg": 87.66178594435279,
                "phi_deg": 95.96786045625414
            },
            "orientation_in_bot": [
                0.04563893411155001,
                0.7105614467534223,
                0.04499903797270369,
                0.7007100717574823
            ],
            "position_in_world": [
                -10.521561622619629,
                0.3153780996799469,
                0.34151536226272583
            ],
            "bot_in_world": [
                -11.75821590423584,
                0.13580143451690674,
                0.28896623849868774
            ],
            "path": "./prompt_files/data/dispose_of_water_bottle/subtask_5/seg_instance0_detect_surroundings.png"
        },
        "water_bottle_275": {
            "ability": [
                [
                    "heatable",
                    0
                ],
                [
                    "freezable",
                    0
                ]
            ],
            "position_in_bot": {
                "rho": 0.5865991801609501,
                "theta_deg": 122.08168482201431,
                "phi_deg": 14.170245642119477
            },
            "orientation_in_bot": [
                0.6347826938055348,
                -0.20474775745119186,
                0.22839435929610055,
                0.7092004682072766
            ],
            "position_in_world": [
                -11.77952766418457,
                0.7159340977668762,
                0.2047610729932785
            ],
            "bot_in_world": [
                -11.75821590423584,
                0.13580143451690674,
                0.28896623849868774
            ],
            "path": "./prompt_files/data/dispose_of_water_bottle/subtask_5/seg_instance0_detect_surroundings.png"
        },
        "lawn_uinmme_0": {
            "ability": [
                [
                    "heatable",
                    0
                ],
                [
                    "freezable",
                    0
                ]
            ],
            "position_in_bot": {
                "rho": 2.8884539119740045,
                "theta_deg": 102.86154761756404,
                "phi_deg": 64.72756078859202
            },
            "orientation_in_bot": [
                0.4373789859736965,
                0.5618543160261001,
                0.4313091106141376,
                0.5540684084954726
            ],
            "position_in_world": [
                -9.590114744188744,
                1.948030992984771,
                -0.30963798338357024
            ],
            "bot_in_world": [
                -11.75821590423584,
                0.13580143451690674,
                0.28896623849868774
            ],
            "path": "./prompt_files/data/dispose_of_water_bottle/subtask_5/seg_instance0_detect_surroundings.png"
        },
        "scene_graph": [
            [
                "recycling_bin_278",
                "ontop",
                "lawn_uinmme_0"
            ]
        ],
        "inventory": [
            "water_bottle_275"
        ]
    },
    "1_detect_surroundings": {
        "recycling_bin_278": {
            "ability": [
                [
                    "openable",
                    0
                ],
                [
                    "heatable",
                    0
                ],
                [
                    "freezable",
                    0
                ]
            ],
            "position_in_bot": {
                "rho": 1.2507289878161132,
                "theta_deg": 87.66178594435279,
                "phi_deg": 95.96786045625414
            },
            "orientation_in_bot": [
                0.04563893411155001,
                0.7105614467534223,
                0.04499903797270369,
                0.7007100717574823
            ],
            "position_in_world": [
                -10.521561622619629,
                0.3153780996799469,
                0.34151536226272583
            ],
            "bot_in_world": [
                -11.75821590423584,
                0.13580143451690674,
                0.28896623849868774
            ],
            "path": "./prompt_files/data/dispose_of_water_bottle/subtask_5/seg_instance1_detect_surroundings.png"
        },
        "water_bottle_275": {
            "ability": [
                [
                    "heatable",
                    0
                ],
                [
                    "freezable",
                    0
                ]
            ],
            "position_in_bot": {
                "rho": 0.5865991801609501,
                "theta_deg": 122.08168482201431,
                "phi_deg": 14.170245642119477
            },
            "orientation_in_bot": [
                0.6347826938055348,
                -0.20474775745119186,
                0.22839435929610055,
                0.7092004682072766
            ],
            "position_in_world": [
                -11.77952766418457,
                0.7159340977668762,
                0.2047610729932785
            ],
            "bot_in_world": [
                -11.75821590423584,
                0.13580143451690674,
                0.28896623849868774
            ],
            "path": "./prompt_files/data/dispose_of_water_bottle/subtask_5/seg_instance1_detect_surroundings.png"
        },
        "lawn_uinmme_0": {
            "ability": [
                [
                    "heatable",
                    0
                ],
                [
                    "freezable",
                    0
                ]
            ],
            "position_in_bot": {
                "rho": 2.8884539119740045,
                "theta_deg": 102.86154761756404,
                "phi_deg": 64.72756078859202
            },
            "orientation_in_bot": [
                0.4373789859736965,
                0.5618543160261001,
                0.4313091106141376,
                0.5540684084954726
            ],
            "position_in_world": [
                -9.590114744188744,
                1.948030992984771,
                -0.30963798338357024
            ],
            "bot_in_world": [
                -11.75821590423584,
                0.13580143451690674,
                0.28896623849868774
            ],
            "path": "./prompt_files/data/dispose_of_water_bottle/subtask_5/seg_instance1_detect_surroundings.png"
        },
        "scene_graph": [
            [
                "recycling_bin_278",
                "ontop",
                "lawn_uinmme_0"
            ]
        ],
        "inventory": [
            "water_bottle_275"
        ]
    },
    "2_detect_surroundings": {
        "recycling_bin_278": {
            "ability": [
                [
                    "openable",
                    0
                ],
                [
                    "heatable",
                    0
                ],
                [
                    "freezable",
                    0
                ]
            ],
            "position_in_bot": {
                "rho": 1.2507289878161132,
                "theta_deg": 87.66178594435279,
                "phi_deg": 95.96786045625414
            },
            "orientation_in_bot": [
                0.04563893411155001,
                0.7105614467534223,
                0.04499903797270369,
                0.7007100717574823
            ],