{
    "task": "cook_a_frozen_pie",
    "0_detect_surroundings": {
        "fridge_dszchb_0": {
            "ability": [
                [
                    "openable",
                    0
                ],
                [
                    "heatable",
                    0
                ],
                [
                    "freezable",
                    0
                ]
            ],
            "position_in_bot": {
                "rho": 1.4476574580727197,
                "theta_deg": -26.082381320521137,
                "phi_deg": 66.2766655431344
            },
            "orientation_in_bot": [
                0.011361865549966032,
                0.018866949494435317,
                0.5254267103226816,
                0.8505537715556164
            ],
            "position_in_world": [
                -6.848034381866455,
                -1.78300940990448,
                0.8840970396995544
            ],
            "bot_in_world": [
                -6.8474860191345215,
                -0.4815577566623688,
                0.250113308429718
            ],
            "path": "./prompt_files/data/cook_a_frozen_pie/subtask_3/seg_instance0_detect_surroundings.png"
        },
        "oven_wuinhm_0": {
            "ability": [
                [
                    "togglable",
                    0
                ],
                [
                    "openable",
                    0
                ],
                [
                    "heatable",
                    0
                ],
                [
                    "freezable",
                    0
                ]
            ],
            "position_in_bot": {
                "rho": 1.7082315900521754,
                "theta_deg": 8.114042757705398,
                "phi_deg": 69.71615325223439
            },
            "orientation_in_bot": [
                0.011361865549966032,
                0.018866949494435317,
                0.5254267103226816,
                0.8505537715556164
            ],
            "position_in_world": [
                -5.947904109954834,
                -1.7742741107940674,
                0.911696195602417
            ],
            "bot_in_world": [
                -6.8474860191345215,
                -0.4815577566623688,
                0.250113308429718
            ],
            "path": "./prompt_files/data/cook_a_frozen_pie/subtask_3/seg_instance0_detect_surroundings.png"
        },
        "cheese_tart_188": {
            "ability": [
                [
                    "heatable",
                    0
                ],
                [
                    "freezable",
                    1
                ],
                [
                    "burnable",
                    0
                ],
                [
                    "cookable",
                    0
                ]
            ],
            "position_in_bot": {
                "rho": 1.5006889868479234,
                "theta_deg": -22.211095253621423,
                "phi_deg": 69.64317132255628
            },
            "orientation_in_bot": [
                0.0038037353308135228,
                0.025119302292327724,
                0.17564486908464824,
                0.9841257197198519
            ],
            "position_in_world": [
                -6.751186370849609,
                -1.8628571033477783,
                0.8287374377250671
            ],
            "bot_in_world": [
                -6.8474860191345215,
                -0.4815577566623688,
                0.250113308429718
            ],
            "path": "./prompt_files/data/cook_a_frozen_pie/subtask_3/seg_instance0_detect_surroundings.png"
        },
        "scene_graph": [
            [
                "fridge_dszchb_0",
                "ontop",
                "cheese_tart_188"
            ],
            [
                "cheese_tart_188",
                "inside",
                "fridge_dszchb_0"
            ]
        ],
        "inventory": []
    },
    "1_detect_surroundings": {
        "fridge_dszchb_0": {
            "ability": [
                [
                    "openable",
                    0
                ],
                [
                    "heatable",
                    0
                ],
                [
                    "freezable",
                    0
                ]
            ],
            "position_in_bot": {
                "rho": 1.4476574580727197,
                "theta_deg": -26.082381320521137,
                "phi_deg": 66.2766655431344
            },
            "orientation_in_bot": [
                0.011361865549966032,
                0.018866949494435317,
                0.5254267103226816,
                0.8505537715556164
            ],
            "position_in_world": [
                -6.848034381866455,
                -1.78300940990448,
                0.8840970396995544
            ],
            "bot_in_world": [
                -6.8474860191345215,
                -0.4815577566623688,
                0.250113308429718
            ],
            "path": "./prompt_files/data/cook_a_frozen_pie/subtask_3/seg_instance1_detect_surroundings.png"
        },
        "oven_wuinhm_0": {
            "ability": [
                [
                    "togglable",
                    0
                ],
                [
                    "openable",
                    0
                ],
                [
                    "heatable",
                    0
                ],
                [
                    "freezable",
                    0
                ]
            ],
            "position_in_bot": {
                "rho": 1.7082315900521754,
                "theta_deg": 8.114042757705398,
                "phi_deg": 69.71615325223439
            },
            "orientation_in_bot": [
                0.011361865549966032,
                0.018866949494435317,
                0.5254267103226816,
                0.8505537715556164
            ],
            "position_in_world": [
                -5.947904109954834,
                -1.7742741107940674,
                0.911696195602417
            ],
            "bot_in_world": [
                -6.8474860191345215,
                -0.4815577566623688,
                0.250113308429718
            ],
            "path": "./prompt_files/data/cook_a_frozen_pie/subtask_3/seg_instance1_detect_surroundings.png"
        },
        "cheese_tart_188": {
            "ability": [
                [
                    "heatable",
                    0
                ],
                [
                    "freezable",
                    1
                ],
                [
                    "burnable",
                    0
                ],
                [
                    "cookable",
                    0
                ]
            ],
            "position_in_bot": {
                "rho": 1.5006889868479234,
                "theta_deg": -22.211095253621423,
                "phi_deg": 69.64317132255628
            },
            "orientation_in_bot": [
                0.0038037353308135228,
                0.025119302292327724,
                0.17564486908464824,
                0.9841257197198519
            ],
            "position_in_world": [
                -6.751186370849609,
                -1.8628571033477783,
                0.8287374377250671
            ],
            "bot_in_world": [
                -6.8474860191345215,
                -0.4815577566623688,
                0.250113308429718
            ],
            "path": "./prompt_files/data/cook_a_frozen_pie/subtask_3/seg_instance1_detect_surroundings.png"
        },
        "scene_graph": [
            [
                "fridge_dszchb_0",
                "ontop",
                "cheese_tart_188"
            ],
            [
                "cheese_tart_188",
                "inside",
                "fridge_dszchb_0"
            ]
        ],