{
    "task": "buy_a_air_conditioner",
    "0_detect_surroundings": {
        "shopping_cart_kmgltg_1": {
            "ability": [
                [
                    "heatable",
                    0
                ],
                [
                    "freezable",
                    0
                ]
            ],
            "position_in_bot": {
                "rho": 118.15403207252295,
                "theta_deg": 20.864512555890688,
                "phi_deg": 2.491925916227114
            },
            "orientation_in_bot": [
                -0.0014286722579838393,
                0.019674358569979997,
                0.07075120245117655,
                0.9972989250280739
            ],
            "position_in_world": [
                3.391177177429199,
                -0.5582025051116943,
                0.43117740750312805
            ],
            "bot_in_world": [
                3.391120672225952,
                -1.8382209539413452,
                -117.7159194946289
            ],
            "path": "./prompt_files/data/buy_a_air_conditioner/subtask_13/seg_instance0_detect_surroundings.png"
        },
        "checkout_counter_sckdal_0": {
            "ability": [
                [
                    "heatable",
                    0
                ],
                [
                    "freezable",
                    0
                ]
            ],
            "position_in_bot": {
                "rho": 118.33443686262429,
                "theta_deg": 65.95636972183635,
                "phi_deg": 2.1497417978492477
            },
            "orientation_in_bot": [
                0.9972693827544712,
                0.07073597548792893,
                -0.021199532102510726,
                0.0008830803597240201
            ],
            "position_in_world": [
                0.7368888761418364,
                2.0660888102035844,
                0.5243021984952884
            ],
            "bot_in_world": [
                3.391120672225952,
                -1.8382209539413452,
                -117.7159194946289
            ],
            "path": "./prompt_files/data/buy_a_air_conditioner/subtask_13/seg_instance0_detect_surroundings.png"
        },
        "ceiling_air_conditioner_143": {
            "ability": [
                [
                    "togglable",
                    0
                ],
                [
                    "heatable",
                    0
                ],
                [
                    "freezable",
                    0
                ]
            ],
            "position_in_bot": {
                "rho": 118.1163651462797,
                "theta_deg": 112.44894819915801,
                "phi_deg": 3.343667882079788
            },
            "orientation_in_bot": [
                -0.015003805377152757,
                0.014664325601170357,
                -0.6169948081608668,
                0.7866875174307791
            ],
            "position_in_world": [
                -3.313384771347046,
                4.982326030731201,
                0.012603465467691422
            ],
            "bot_in_world": [
                3.391120672225952,
                -1.8382209539413452,
                -117.7159194946289
            ],
            "path": "./prompt_files/data/buy_a_air_conditioner/subtask_13/seg_instance0_detect_surroundings.png"
        },
        "money_142": {
            "ability": [
                [
                    "heatable",
                    0
                ],
                [
                    "freezable",
                    0
                ]
            ],
            "position_in_bot": {
                "rho": 118.12139110527143,
                "theta_deg": 20.182211226196966,
                "phi_deg": 2.531107993143895
            },
            "orientation_in_bot": [
                -0.010242258800759659,
                0.00440869559460076,
                -0.4082718043919643,
                0.9127923056623243
            ],
            "position_in_world": [
                3.483302593231201,
                -0.6014155149459839,
                0.3989589512348175
            ],
            "bot_in_world": [
                3.391120672225952,
                -1.8382209539413452,
                -117.7159194946289
            ],
            "path": "./prompt_files/data/buy_a_air_conditioner/subtask_13/seg_instance0_detect_surroundings.png"
        },
        "scene_graph": [
            [
                "money_142",
                "inside",
                "shopping_cart_kmgltg_1"
            ]
        ],
        "inventory": []
    },
    "1_detect_surroundings": {
        "shopping_cart_kmgltg_1": {
            "ability": [
                [
                    "heatable",
                    0
                ],
                [
                    "freezable",
                    0
                ]
            ],
            "position_in_bot": {
                "rho": 118.15403207252295,
                "theta_deg": 20.864512555890688,
                "phi_deg": 2.491925916227114
            },
            "orientation_in_bot": [
                -0.0014286722579838393,
                0.019674358569979997,
                0.07075120245117655,
                0.9972989250280739
            ],
            "position_in_world": [
                3.391177177429199,
                -0.5582025051116943,
                0.43117740750312805
            ],
            "bot_in_world": [
                3.391120672225952,
                -1.8382209539413452,
                -117.7159194946289
            ],
            "path": "./prompt_files/data/buy_a_air_conditioner/subtask_13/seg_instance1_detect_surroundings.png"
        },
        "checkout_counter_sckdal_0": {
            "ability": [
                [
                    "heatable",
                    0
                ],
                [
                    "freezable",
                    0
                ]
            ],
            "position_in_bot": {
                "rho": 118.33443686262429,
                "theta_deg": 65.95636972183635,
                "phi_deg": 2.1497417978492477
            },
            "orientation_in_bot": [
                0.9972693827544712,
                0.07073597548792893,
                -0.021199532102510726,
                0.0008830803597240201
            ],
            "position_in_world": [
                0.7368888761418364,
                2.0660888102035844,
                0.5243021984952884
            ],
            "bot_in_world": [
                3.391120672225952,
                -1.8382209539413452,
                -117.7159194946289
            ],
            "path": "./prompt_files/data/buy_a_air_conditioner/subtask_13/seg_instance1_detect_surroundings.png"
        },
        "ceiling_air_conditioner_143": {
            "ability": [
                [
                    "togglable",
                    0
                ],
                [
                    "heatable",
                    0
                ],
                [
                    "freezable",
                    0
                ]
            ],
            "position_in_bot": {
                "rho": 118.1163651462797,
                "theta_deg": 112.44894819915801,
                "phi_deg": 3.343667882079788
            },
            "orientation_in_bot": [
                -0.015003805377152757,
                0.014664325601170357,
                -0.6169948081608668,
                0.7866875174307791
            ],
            "position_in_world": [
                -3.313384771347046,
                4.982326030731201,
                0.012603465467691422
            ],
            "bot_in_world": [
                3.391120672225952,
                -1.8382209539413452,
                -117.7159194946289
            ],