{
    "task": "buy_a_good_avocado",
    "0_detect_surroundings": {
        "money_143": {
            "ability": [
                [
                    "heatable",
                    0
                ],
                [
                    "freezable",
                    0
                ]
            ],
            "position_in_bot": {
                "rho": 4.046270563672161,
                "theta_deg": 11.253607709672538,
                "phi_deg": 48.267240969718614
            },
            "orientation_in_bot": [
                0.7155491997326653,
                0.044824618781292645,
                -0.002176127204036134,
                -0.6971193303756866
            ],
            "position_in_world": [
                0.7368772625923157,
                2.0660617351531982,
                0.7624160647392273
            ],
            "bot_in_world": [
                0.6229958534240723,
                6.080076694488525,
                0.26540565490722656
            ],
            "path": "./prompt_files/data/buy_a_good_avocado/subtask_3/seg_instance0_detect_surroundings.png"
        },
        "checkout_counter_sckdal_0": {
            "ability": [
                [
                    "heatable",
                    0
                ],
                [
                    "freezable",
                    0
                ]
            ],
            "position_in_bot": {
                "rho": 4.023940604966033,
                "theta_deg": 6.762097185135055,
                "phi_deg": 47.84807556915505
            },
            "orientation_in_bot": [
                0.6407478025351827,
                0.2731622250115251,
                -0.2786756020684945,
                0.6611842112337906
            ],
            "position_in_world": [
                0.7368888761418364,
                2.0660888102035844,
                0.5243021984952884
            ],
            "bot_in_world": [
                0.6229958534240723,
                6.080076694488525,
                0.26540565490722656
            ],
            "path": "./prompt_files/data/buy_a_good_avocado/subtask_3/seg_instance0_detect_surroundings.png"
        },
        "shopping_cart_kmgltg_1": {
            "ability": [
                [
                    "heatable",
                    0
                ],
                [
                    "freezable",
                    0
                ]
            ],
            "position_in_bot": {
                "rho": 7.194282956176581,
                "theta_deg": 2.318407405008167,
                "phi_deg": 68.6383439035587
            },
            "orientation_in_bot": [
                0.6611959827029535,
                -0.2775465771113415,
                -0.2743227903282136,
                -0.6407298781060523
            ],
            "position_in_world": [
                3.3912341594696045,
                -0.5582273006439209,
                0.4311774671077728
            ],
            "bot_in_world": [
                0.6229958534240723,
                6.080076694488525,
                0.26540565490722656
            ],
            "path": "./prompt_files/data/buy_a_good_avocado/subtask_3/seg_instance0_detect_surroundings.png"
        },
        "avocado_142": {
            "ability": [
                [
                    "heatable",
                    0
                ],
                [
                    "freezable",
                    0
                ],
                [
                    "burnable",
                    0
                ],
                [
                    "cookable",
                    0
                ]
            ],
            "position_in_bot": {
                "rho": 7.212017226956156,
                "theta_deg": 2.3491441636657475,
                "phi_deg": 68.8718524823893
            },
            "orientation_in_bot": [
                0.7769575400353604,
                0.2668242177911,
                0.28637615941127414,
                -0.4930826635597904
            ],
            "position_in_world": [
                3.4249610900878906,
                -0.5631863474845886,
                0.436390221118927
            ],
            "bot_in_world": [
                0.6229958534240723,
                6.080076694488525,
                0.26540565490722656
            ],
            "path": "./prompt_files/data/buy_a_good_avocado/subtask_3/seg_instance0_detect_surroundings.png"
        },
        "scene_graph": [
            [
                "money_143",
                "ontop",
                "checkout_counter_sckdal_0"
            ],
            [
                "avocado_142",
                "inside",
                "shopping_cart_kmgltg_1"
            ]
        ],
        "inventory": []
    },
    "1_detect_surroundings": {
        "money_143": {
            "ability": [
                [
                    "heatable",
                    0
                ],
                [
                    "freezable",
                    0
                ]
            ],
            "position_in_bot": {
                "rho": 4.046270563672161,
                "theta_deg": 11.253607709672538,
                "phi_deg": 48.267240969718614
            },
            "orientation_in_bot": [
                0.7155491997326653,
                0.044824618781292645,
                -0.002176127204036134,
                -0.6971193303756866
            ],
            "position_in_world": [
                0.7368772625923157,
                2.0660617351531982,
                0.7624160647392273
            ],
            "bot_in_world": [
                0.6229958534240723,
                6.080076694488525,
                0.26540565490722656
            ],
            "path": "./prompt_files/data/buy_a_good_avocado/subtask_3/seg_instance1_detect_surroundings.png"
        },
        "checkout_counter_sckdal_0": {
            "ability": [
                [
                    "heatable",
                    0
                ],
                [
                    "freezable",
                    0
                ]
            ],
            "position_in_bot": {
                "rho": 4.023940604966033,
                "theta_deg": 6.762097185135055,
                "phi_deg": 47.84807556915505
            },
            "orientation_in_bot": [
                0.6407478025351827,
                0.2731622250115251,
                -0.2786756020684945,
                0.6611842112337906
            ],
            "position_in_world": [
                0.7368888761418364,
                2.0660888102035844,
                0.5243021984952884
            ],
            "bot_in_world": [
                0.6229958534240723,
                6.080076694488525,
                0.26540565490722656
            ],
            "path": "./prompt_files/data/buy_a_good_avocado/subtask_3/seg_instance1_detect_surroundings.png"
        },
        "shopping_cart_kmgltg_1": {
            "ability": [
                [
                    "heatable",
                    0
                ],
                [
                    "freezable",
                    0
                ]
            ],
            "position_in_bot": {
                "rho": 7.194282956176581,
                "theta_deg": 2.318407405008167,
                "phi_deg": 68.6383439035587
            },
            "orientation_in_bot": [
                0.6611959827029535,
                -0.2775465771113415,
                -0.2743227903282136,
                -0.6407298781060523
            ],
            "position_in_world": [
                3.3912341594696045,
                -0.5582273006439209,
                0.4311774671077728
            ],
            "bot_in_world": [
                0.6229958534240723,
                6.080076694488525,
                0.26540565490722656
            ],