{
    "task": "cook_a_frozen_pie",
    "0_detect_surroundings": {
        "fridge_dszchb_0": {
            "ability": [
                [
                    "openable",
                    1
                ],
                [
                    "heatable",
                    0
                ],
                [
                    "freezable",
                    0
                ]
            ],
            "position_in_bot": {
                "rho": 1.628124224379828,
                "theta_deg": -62.792654681980196,
                "phi_deg": 68.17510898374277
            },
            "orientation_in_bot": [
                0.011172953098853102,
                0.018915712264443902,
                0.523744080399907,
                0.8515923315734091
            ],
            "position_in_world": [
                -6.848034381866455,
                -1.78300940990448,
                0.8840970396995544
            ],
            "bot_in_world": [
                -5.947410583496094,
                -0.5839653015136719,
                0.25009509921073914
            ],
            "path": "./prompt_files/data/cook_a_frozen_pie/subtask_12/seg_instance0_detect_surroundings.png"
        },
        "oven_wuinhm_0": {
            "ability": [
                [
                    "togglable",
                    1
                ],
                [
                    "openable",
                    0
                ],
                [
                    "heatable",
                    0
                ],
                [
                    "freezable",
                    0
                ]
            ],
            "position_in_bot": {
                "rho": 1.3618191299695486,
                "theta_deg": -26.221240906429763,
                "phi_deg": 63.165912936520876
            },
            "orientation_in_bot": [
                0.011172953098853102,
                0.018915712264443902,
                0.523744080399907,
                0.8515923315734091
            ],
            "position_in_world": [
                -5.947904109954834,
                -1.7742741107940674,
                0.911696195602417
            ],
            "bot_in_world": [
                -5.947410583496094,
                -0.5839653015136719,
                0.25009509921073914
            ],
            "path": "./prompt_files/data/cook_a_frozen_pie/subtask_12/seg_instance0_detect_surroundings.png"
        },
        "cheese_tart_188": {
            "ability": [
                [
                    "heatable",
                    0
                ],
                [
                    "freezable",
                    0
                ],
                [
                    "burnable",
                    0
                ],
                [
                    "cookable",
                    0
                ]
            ],
            "position_in_bot": {
                "rho": 1.411044378420328,
                "theta_deg": -28.329333720679877,
                "phi_deg": 60.82456647274303
            },
            "orientation_in_bot": [
                0.003251501446409413,
                0.03877190380721903,
                0.049937992618387175,
                0.9979941703771389
            ],
            "position_in_world": [
                -5.9945526123046875,
                -1.787926435470581,
                0.984466552734375
            ],
            "bot_in_world": [
                -5.947410583496094,
                -0.5839653015136719,
                0.25009509921073914
            ],
            "path": "./prompt_files/data/cook_a_frozen_pie/subtask_12/seg_instance0_detect_surroundings.png"
        },
        "scene_graph": [
            [
                "oven_wuinhm_0",
                "under",
                "cheese_tart_188"
            ],
            [
                "cheese_tart_188",
                "inside",
                "oven_wuinhm_0"
            ]
        ],
        "inventory": []
    },
    "1_detect_surroundings": {
        "fridge_dszchb_0": {
            "ability": [
                [
                    "openable",
                    1
                ],
                [
                    "heatable",
                    0
                ],
                [
                    "freezable",
                    0
                ]
            ],
            "position_in_bot": {
                "rho": 1.628124224379828,
                "theta_deg": -62.792654681980196,
                "phi_deg": 68.17510898374277
            },
            "orientation_in_bot": [
                0.011172953098853102,
                0.018915712264443902,
                0.523744080399907,
                0.8515923315734091
            ],
            "position_in_world": [
                -6.848034381866455,
                -1.78300940990448,
                0.8840970396995544
            ],
            "bot_in_world": [
                -5.947410583496094,
                -0.5839653015136719,
                0.25009509921073914
            ],
            "path": "./prompt_files/data/cook_a_frozen_pie/subtask_12/seg_instance1_detect_surroundings.png"
        },
        "oven_wuinhm_0": {
            "ability": [
                [
                    "togglable",
                    1
                ],
                [
                    "openable",
                    0
                ],
                [
                    "heatable",
                    0
                ],
                [
                    "freezable",
                    0
                ]
            ],
            "position_in_bot": {
                "rho": 1.3618191299695486,
                "theta_deg": -26.221240906429763,
                "phi_deg": 63.165912936520876
            },
            "orientation_in_bot": [
                0.011172953098853102,
                0.018915712264443902,
                0.523744080399907,
                0.8515923315734091
            ],
            "position_in_world": [
                -5.947904109954834,
                -1.7742741107940674,
                0.911696195602417
            ],
            "bot_in_world": [
                -5.947410583496094,
                -0.5839653015136719,
                0.25009509921073914
            ],
            "path": "./prompt_files/data/cook_a_frozen_pie/subtask_12/seg_instance1_detect_surroundings.png"
        },
        "cheese_tart_188": {
            "ability": [
                [
                    "heatable",
                    0
                ],
                [
                    "freezable",
                    0
                ],
                [
                    "burnable",
                    0
                ],
                [
                    "cookable",
                    0
                ]
            ],
            "position_in_bot": {
                "rho": 1.411044378420328,
                "theta_deg": -28.329333720679877,
                "phi_deg": 60.82456647274303
            },
            "orientation_in_bot": [
                0.003251501446409413,
                0.03877190380721903,
                0.049937992618387175,
                0.9979941703771389
            ],
            "position_in_world": [
                -5.9945526123046875,
                -1.787926435470581,
                0.984466552734375
            ],
            "bot_in_world": [
                -5.947410583496094,
                -0.5839653015136719,
                0.25009509921073914
            ],
            "path": "./prompt_files/data/cook_a_frozen_pie/subtask_12/seg_instance1_detect_surroundings.png"
        },
        "scene_graph": [
            [
                "oven_wuinhm_0",
                "under",
                "cheese_tart_188"
            ],
            [
                "cheese_tart_188",
                "inside",
                "oven_wuinhm_0"
            ]
        ],