{
    "task": "cook_a_frozen_pie",
    "0_detect_surroundings": {
        "fridge_dszchb_0": {
            "ability": [
                [
                    "openable",
                    1
                ],
                [
                    "heatable",
                    0
                ],
                [
                    "freezable",
                    0
                ]
            ],
            "position_in_bot": {
                "rho": 1.4496863112725566,
                "theta_deg": -26.52232952192201,
                "phi_deg": 66.29294864031607
            },
            "orientation_in_bot": [
                0.010999883305366833,
                0.018964271459004124,
                0.5224640614613922,
                0.8523794128535509
            ],
            "position_in_world": [
                -6.848034381866455,
                -1.78300940990448,
                0.8840970396995544
            ],
            "bot_in_world": [
                -6.846136569976807,
                -0.479173481464386,
                0.25037890672683716
            ],
            "path": "./prompt_files/data/cook_a_frozen_pie/subtask_4/seg_instance0_detect_surroundings.png"
        },
        "cheese_tart_188": {
            "ability": [
                [
                    "heatable",
                    0
                ],
                [
                    "freezable",
                    1
                ],
                [
                    "burnable",
                    0
                ],
                [
                    "cookable",
                    0
                ]
            ],
            "position_in_bot": {
                "rho": 43.787189803708664,
                "theta_deg": -178.57775759323695,
                "phi_deg": 177.48835773159317
            },
            "orientation_in_bot": [
                0.003443077603864685,
                0.025075802708714144,
                0.17221716383038607,
                0.984733770019768
            ],
            "position_in_world": [
                -6.846762180328369,
                -0.48021548986434937,
                -43.53681182861328
            ],
            "bot_in_world": [
                -6.846136569976807,
                -0.479173481464386,
                0.25037890672683716
            ],
            "path": "./prompt_files/data/cook_a_frozen_pie/subtask_4/seg_instance0_detect_surroundings.png"
        },
        "oven_wuinhm_0": {
            "ability": [
                [
                    "togglable",
                    0
                ],
                [
                    "openable",
                    0
                ],
                [
                    "heatable",
                    0
                ],
                [
                    "freezable",
                    0
                ]
            ],
            "position_in_bot": {
                "rho": 1.7092243185108602,
                "theta_deg": 7.647070284618153,
                "phi_deg": 69.73482128687809
            },
            "orientation_in_bot": [
                0.010999883305366833,
                0.018964271459004124,
                0.5224640614613922,
                0.8523794128535509
            ],
            "position_in_world": [
                -5.947904109954834,
                -1.7742741107940674,
                0.911696195602417
            ],
            "bot_in_world": [
                -6.846136569976807,
                -0.479173481464386,
                0.25037890672683716
            ],
            "path": "./prompt_files/data/cook_a_frozen_pie/subtask_4/seg_instance0_detect_surroundings.png"
        },
        "scene_graph": [],
        "inventory": [
            "cheese_tart_188"
        ]
    },
    "1_detect_surroundings": {
        "fridge_dszchb_0": {
            "ability": [
                [
                    "openable",
                    1
                ],
                [
                    "heatable",
                    0
                ],
                [
                    "freezable",
                    0
                ]
            ],
            "position_in_bot": {
                "rho": 1.4496863112725566,
                "theta_deg": -26.52232952192201,
                "phi_deg": 66.29294864031607
            },
            "orientation_in_bot": [
                0.010999883305366833,
                0.018964271459004124,
                0.5224640614613922,
                0.8523794128535509
            ],
            "position_in_world": [
                -6.848034381866455,
                -1.78300940990448,
                0.8840970396995544
            ],
            "bot_in_world": [
                -6.846136569976807,
                -0.479173481464386,
                0.25037890672683716
            ],
            "path": "./prompt_files/data/cook_a_frozen_pie/subtask_4/seg_instance1_detect_surroundings.png"
        },
        "cheese_tart_188": {
            "ability": [
                [
                    "heatable",
                    0
                ],
                [
                    "freezable",
                    1
                ],
                [
                    "burnable",
                    0
                ],
                [
                    "cookable",
                    0
                ]
            ],
            "position_in_bot": {
                "rho": 43.787189803708664,
                "theta_deg": -178.57775759323695,
                "phi_deg": 177.48835773159317
            },
            "orientation_in_bot": [
                0.003443077603864685,
                0.025075802708714144,
                0.17221716383038607,
                0.984733770019768
            ],
            "position_in_world": [
                -6.846762180328369,
                -0.48021548986434937,
                -43.53681182861328
            ],
            "bot_in_world": [
                -6.846136569976807,
                -0.479173481464386,
                0.25037890672683716
            ],
            "path": "./prompt_files/data/cook_a_frozen_pie/subtask_4/seg_instance1_detect_surroundings.png"
        },
        "oven_wuinhm_0": {
            "ability": [
                [
                    "togglable",
                    0
                ],
                [
                    "openable",
                    0
                ],
                [
                    "heatable",
                    0
                ],
                [
                    "freezable",
                    0
                ]
            ],
            "position_in_bot": {
                "rho": 1.7092243185108602,
                "theta_deg": 7.647070284618153,
                "phi_deg": 69.73482128687809
            },
            "orientation_in_bot": [
                0.010999883305366833,
                0.018964271459004124,
                0.5224640614613922,
                0.8523794128535509
            ],
            "position_in_world": [
                -5.947904109954834,
                -1.7742741107940674,
                0.911696195602417
            ],
            "bot_in_world": [
                -6.846136569976807,
                -0.479173481464386,
                0.25037890672683716
            ],
            "path": "./prompt_files/data/cook_a_frozen_pie/subtask_4/seg_instance1_detect_surroundings.png"
        },
        "scene_graph": [],
        "inventory": [
            "cheese_tart_188"
        ]
    },
    "2_detect_surroundings": {
        "fridge_dszchb_0": {
            "ability": [
                [
                    "openable",
                    1
                ],
                [
                    "heatable",
                    0
                ],
                [
                    "freezable",
                    0
                ]
            ],