{
    "task": "dispose_of_water_bottle",
    "0_detect_surroundings": {
        "recycling_bin_278": {
            "ability": [
                [
                    "openable",
                    0
                ],
                [
                    "heatable",
                    0
                ],
                [
                    "freezable",
                    0
                ]
            ],
            "position_in_bot": {
                "rho": 1.3814404768065718,
                "theta_deg": 41.71245859883471,
                "phi_deg": 77.77176812359956
            },
            "orientation_in_bot": [
                -0.0018612577722739055,
                0.021887916676587082,
                -0.08039258791320489,
                0.9965211922642095
            ],
            "position_in_world": [
                -10.521561622619629,
                0.31537798047065735,
                0.3415154814720154
            ],
            "bot_in_world": [
                -11.80196475982666,
                0.7097676396369934,
                0.0047626495361328125
            ],
            "path": "./prompt_files/data/dispose_of_water_bottle/subtask_3/seg_instance0_detect_surroundings.png"
        },
        "water_bottle_275": {
            "ability": [
                [
                    "heatable",
                    0
                ],
                [
                    "freezable",
                    0
                ]
            ],
            "position_in_bot": {
                "rho": 0.47174739935476157,
                "theta_deg": -1.8796689082431806,
                "phi_deg": 1.9984567918802132
            },
            "orientation_in_bot": [
                -0.006298691567191347,
                0.023506735009890183,
                0.08135881125160849,
                0.9963877276067993
            ],
            "position_in_world": [
                -11.804696083068848,
                0.7131239771842957,
                0.47649019956588745
            ],
            "bot_in_world": [
                -11.80196475982666,
                0.7097676396369934,
                0.0047626495361328125
            ],
            "path": "./prompt_files/data/dispose_of_water_bottle/subtask_3/seg_instance0_detect_surroundings.png"
        },
        "lawn_uinmme_0": {
            "ability": [
                [
                    "heatable",
                    0
                ],
                [
                    "freezable",
                    0
                ]
            ],
            "position_in_bot": {
                "rho": 2.5542953325550983,
                "theta_deg": 88.779136841639,
                "phi_deg": 97.14172895614087
            },
            "orientation_in_bot": [
                0.010771456622802633,
                0.019144389050233968,
                0.4940040555635807,
                0.869182064458794
            ],
            "position_in_world": [
                -9.590114744188744,
                1.948030992984771,
                -0.30963798338357024
            ],
            "bot_in_world": [
                -11.80196475982666,
                0.7097676396369934,
                0.0047626495361328125
            ],
            "path": "./prompt_files/data/dispose_of_water_bottle/subtask_3/seg_instance0_detect_surroundings.png"
        },
        "scene_graph": [
            [
                "recycling_bin_278",
                "ontop",
                "lawn_uinmme_0"
            ]
        ],
        "inventory": [
            "water_bottle_275"
        ]
    },
    "1_detect_surroundings": {
        "recycling_bin_278": {
            "ability": [
                [
                    "openable",
                    0
                ],
                [
                    "heatable",
                    0
                ],
                [
                    "freezable",
                    0
                ]
            ],
            "position_in_bot": {
                "rho": 1.3814404768065718,
                "theta_deg": 41.71245859883471,
                "phi_deg": 77.77176812359956
            },
            "orientation_in_bot": [
                -0.0018612577722739055,
                0.021887916676587082,
                -0.08039258791320489,
                0.9965211922642095
            ],
            "position_in_world": [
                -10.521561622619629,
                0.31537798047065735,
                0.3415154814720154
            ],
            "bot_in_world": [
                -11.80196475982666,
                0.7097676396369934,
                0.0047626495361328125
            ],
            "path": "./prompt_files/data/dispose_of_water_bottle/subtask_3/seg_instance1_detect_surroundings.png"
        },
        "water_bottle_275": {
            "ability": [
                [
                    "heatable",
                    0
                ],
                [
                    "freezable",
                    0
                ]
            ],
            "position_in_bot": {
                "rho": 0.47174739935476157,
                "theta_deg": -1.8796689082431806,
                "phi_deg": 1.9984567918802132
            },
            "orientation_in_bot": [
                -0.006298691567191347,
                0.023506735009890183,
                0.08135881125160849,
                0.9963877276067993
            ],
            "position_in_world": [
                -11.804696083068848,
                0.7131239771842957,
                0.47649019956588745
            ],
            "bot_in_world": [
                -11.80196475982666,
                0.7097676396369934,
                0.0047626495361328125
            ],
            "path": "./prompt_files/data/dispose_of_water_bottle/subtask_3/seg_instance1_detect_surroundings.png"
        },
        "lawn_uinmme_0": {
            "ability": [
                [
                    "heatable",
                    0
                ],
                [
                    "freezable",
                    0
                ]
            ],
            "position_in_bot": {
                "rho": 2.5542953325550983,
                "theta_deg": 88.779136841639,
                "phi_deg": 97.14172895614087
            },
            "orientation_in_bot": [
                0.010771456622802633,
                0.019144389050233968,
                0.4940040555635807,
                0.869182064458794
            ],
            "position_in_world": [
                -9.590114744188744,
                1.948030992984771,
                -0.30963798338357024
            ],
            "bot_in_world": [
                -11.80196475982666,
                0.7097676396369934,
                0.0047626495361328125
            ],
            "path": "./prompt_files/data/dispose_of_water_bottle/subtask_3/seg_instance1_detect_surroundings.png"
        },
        "scene_graph": [
            [
                "recycling_bin_278",
                "ontop",
                "lawn_uinmme_0"
            ]
        ],
        "inventory": [
            "water_bottle_275"
        ]
    },
    "2_detect_surroundings": {
        "recycling_bin_278": {
            "ability": [
                [
                    "openable",
                    0
                ],
                [
                    "heatable",
                    0
                ],
                [
                    "freezable",
                    0
                ]
            ],
            "position_in_bot": {
                "rho": 1.3814404768065718,
                "theta_deg": 41.71245859883471,
                "phi_deg": 77.77176812359956
            },
            "orientation_in_bot": [
                -0.0018612577722739055,
                0.021887916676587082,
                -0.08039258791320489,
                0.9965211922642095
            ],