{
    "task": "put_a_teaspoon_in_the_bowl",
    "0_detect_surroundings": {
        "bottom_cabinet_no_top_qudfwe_0": {
            "ability": [
                [
                    "openable",
                    0
                ],
                [
                    "heatable",
                    0
                ],
                [
                    "freezable",
                    0
                ]
            ],
            "position_in_bot": {
                "rho": 1.5140882863823129,
                "theta_deg": -32.407709514509925,
                "phi_deg": 75.39062582546575
            },
            "orientation_in_bot": [
                0.021934020345559645,
                -0.0027044052102604614,
                0.9918776842708638,
                -0.12526070568780936
            ],
            "position_in_world": [
                -0.4690432846546173,
                -0.6071784496307373,
                0.4398816227912903
            ],
            "bot_in_world": [
                -1.4654990434646606,
                0.4460897445678711,
                0.0038020163774490356
            ],
            "path": "./prompt_files/data/put_a_teaspoon_in_the_bowl/subtask_4/seg_instance0_detect_surroundings.png"
        },
        "scene_graph": [],
        "inventory": []
    },
    "1_detect_surroundings": {
        "bottom_cabinet_no_top_qudfwe_0": {
            "ability": [
                [
                    "openable",
                    0
                ],
                [
                    "heatable",
                    0
                ],
                [
                    "freezable",
                    0
                ]
            ],
            "position_in_bot": {
                "rho": 1.5140882863823129,
                "theta_deg": -32.407709514509925,
                "phi_deg": 75.39062582546575
            },
            "orientation_in_bot": [
                0.021934020345559645,
                -0.0027044052102604614,
                0.9918776842708638,
                -0.12526070568780936
            ],
            "position_in_world": [
                -0.4690432846546173,
                -0.6071784496307373,
                0.4398816227912903
            ],
            "bot_in_world": [
                -1.4654990434646606,
                0.4460897445678711,
                0.0038020163774490356
            ],
            "path": "./prompt_files/data/put_a_teaspoon_in_the_bowl/subtask_4/seg_instance1_detect_surroundings.png"
        },
        "scene_graph": [],
        "inventory": []
    },
    "2_detect_surroundings": {
        "bottom_cabinet_no_top_qudfwe_0": {
            "ability": [
                [
                    "openable",
                    0
                ],
                [
                    "heatable",
                    0
                ],
                [
                    "freezable",
                    0
                ]
            ],
            "position_in_bot": {
                "rho": 1.5140882863823129,
                "theta_deg": -32.407709514509925,
                "phi_deg": 75.39062582546575
            },
            "orientation_in_bot": [
                0.021934020345559645,
                -0.0027044052102604614,
                0.9918776842708638,
                -0.12526070568780936
            ],
            "position_in_world": [
                -0.4690432846546173,
                -0.6071784496307373,
                0.4398816227912903
            ],
            "bot_in_world": [
                -1.4654990434646606,
                0.4460897445678711,
                0.0038020163774490356
            ],
            "path": "./prompt_files/data/put_a_teaspoon_in_the_bowl/subtask_4/seg_instance2_detect_surroundings.png"
        },
        "scene_graph": [],
        "inventory": []
    },
    "3_detect_surroundings": {
        "bottom_cabinet_no_top_qudfwe_0": {
            "ability": [
                [
                    "openable",
                    0
                ],
                [
                    "heatable",
                    0
                ],
                [
                    "freezable",
                    0
                ]
            ],
            "position_in_bot": {
                "rho": 1.5140882863823129,
                "theta_deg": -32.407709514509925,
                "phi_deg": 75.39062582546575
            },
            "orientation_in_bot": [
                0.021934020345559645,
                -0.0027044052102604614,
                0.9918776842708638,
                -0.12526070568780936
            ],
            "position_in_world": [
                -0.4690432846546173,
                -0.6071784496307373,
                0.4398816227912903
            ],
            "bot_in_world": [
                -1.4654990434646606,
                0.4460897445678711,
                0.0038020163774490356
            ],
            "path": "./prompt_files/data/put_a_teaspoon_in_the_bowl/subtask_4/seg_instance3_detect_surroundings.png"
        },
        "scene_graph": [],
        "inventory": []
    },
    "4_detect_surroundings": {
        "bottom_cabinet_no_top_qudfwe_0": {
            "ability": [
                [
                    "openable",
                    0
                ],
                [
                    "heatable",
                    0
                ],
                [
                    "freezable",
                    0
                ]
            ],
            "position_in_bot": {
                "rho": 1.5140882863823129,
                "theta_deg": -32.407709514509925,
                "phi_deg": 75.39062582546575
            },
            "orientation_in_bot": [
                0.021934020345559645,
                -0.0027044052102604614,
                0.9918776842708638,
                -0.12526070568780936
            ],
            "position_in_world": [
                -0.4690432846546173,
                -0.6071784496307373,
                0.4398816227912903
            ],
            "bot_in_world": [
                -1.4654990434646606,
                0.4460897445678711,
                0.0038020163774490356
            ],
            "path": "./prompt_files/data/put_a_teaspoon_in_the_bowl/subtask_4/seg_instance4_detect_surroundings.png"
        },
        "scene_graph": [],
        "inventory": []
    },
    "5_detect_surroundings": {
        "bottom_cabinet_no_top_qudfwe_0": {
            "ability": [
                [
                    "openable",
                    0
                ],
                [
                    "heatable",
                    0
                ],
                [
                    "freezable",
                    0
                ]
            ],
            "position_in_bot": {
                "rho": 1.5140882863823129,
                "theta_deg": -32.407709514509925,
                "phi_deg": 75.39062582546575
            },
            "orientation_in_bot": [
                0.021934020345559645,
                -0.0027044052102604614,
                0.9918776842708638,
                -0.12526070568780936
            ],
            "position_in_world": [
                -0.4690432846546173,
                -0.6071784496307373,
                0.4398816227912903
            ],
            "bot_in_world": [
                -1.4654990434646606,
                0.4460897445678711,
                0.0038020163774490356
            ],
            "path": "./prompt_files/data/put_a_teaspoon_in_the_bowl/subtask_4/seg_instance5_detect_surroundings.png"
        },
        "scene_graph": [],
        "inventory": []
    },