{
    "task": "buy_a_air_conditioner",
    "0_detect_surroundings": {
        "shopping_cart_kmgltg_1": {
            "ability": [
                [
                    "heatable",
                    0
                ],
                [
                    "freezable",
                    0
                ]
            ],
            "position_in_bot": {
                "rho": 221.15591896449726,
                "theta_deg": 17.60982302391675,
                "phi_deg": 2.4356401068412885
            },
            "orientation_in_bot": [
                -0.002639140974929295,
                0.019341224321985793,
                0.0707364948616517,
                0.9973040159707212
            ],
            "position_in_world": [
                3.391177177429199,
                -0.5582025051116943,
                0.43117740750312805
            ],
            "bot_in_world": [
                3.39111590385437,
                -1.8382210731506348,
                -220.72103881835938
            ],
            "path": "./prompt_files/data/buy_a_air_conditioner/subtask_14/seg_instance0_detect_surroundings.png"
        },
        "checkout_counter_sckdal_0": {
            "ability": [
                [
                    "heatable",
                    0
                ],
                [
                    "freezable",
                    0
                ]
            ],
            "position_in_bot": {
                "rho": 221.29570437805233,
                "theta_deg": 40.34609913561028,
                "phi_deg": 2.02717475180465
            },
            "orientation_in_bot": [
                0.997275757313337,
                0.0707196900222327,
                -0.02086639601621749,
                0.0020935222864515604
            ],
            "position_in_world": [
                0.7368888761418364,
                2.0660888102035844,
                0.5243021984952884
            ],
            "bot_in_world": [
                3.39111590385437,
                -1.8382210731506348,
                -220.72103881835938
            ],
            "path": "./prompt_files/data/buy_a_air_conditioner/subtask_14/seg_instance0_detect_surroundings.png"
        },
        "ceiling_air_conditioner_143": {
            "ability": [
                [
                    "togglable",
                    0
                ],
                [
                    "heatable",
                    0
                ],
                [
                    "freezable",
                    0
                ]
            ],
            "position_in_bot": {
                "rho": 220.94073941457924,
                "theta_deg": 78.30950185610212,
                "phi_deg": 1.9548324537627237
            },
            "orientation_in_bot": [
                -0.015677395313494862,
                0.013604874148282537,
                -0.6170106614824032,
                0.7866809838127784
            ],
            "position_in_world": [
                -3.313384771347046,
                4.982326030731201,
                0.012603465467691422
            ],
            "bot_in_world": [
                3.39111590385437,
                -1.8382210731506348,
                -220.72103881835938
            ],
            "path": "./prompt_files/data/buy_a_air_conditioner/subtask_14/seg_instance0_detect_surroundings.png"
        },
        "money_142": {
            "ability": [
                [
                    "heatable",
                    0
                ],
                [
                    "freezable",
                    0
                ]
            ],
            "position_in_bot": {
                "rho": 221.1234743397285,
                "theta_deg": 17.261568587855628,
                "phi_deg": 2.45739134713556
            },
            "orientation_in_bot": [
                -0.011152300179662808,
                0.0035436944657696876,
                -0.4082725238301433,
                0.9127850868170453
            ],
            "position_in_world": [
                3.483302593231201,
                -0.6014155149459839,
                0.3989589512348175
            ],
            "bot_in_world": [
                3.39111590385437,
                -1.8382210731506348,
                -220.72103881835938
            ],
            "path": "./prompt_files/data/buy_a_air_conditioner/subtask_14/seg_instance0_detect_surroundings.png"
        },
        "scene_graph": [
            [
                "money_142",
                "inside",
                "shopping_cart_kmgltg_1"
            ]
        ],
        "inventory": []
    },
    "1_detect_surroundings": {
        "shopping_cart_kmgltg_1": {
            "ability": [
                [
                    "heatable",
                    0
                ],
                [
                    "freezable",
                    0
                ]
            ],
            "position_in_bot": {
                "rho": 221.15591896449726,
                "theta_deg": 17.60982302391675,
                "phi_deg": 2.4356401068412885
            },
            "orientation_in_bot": [
                -0.002639140974929295,
                0.019341224321985793,
                0.0707364948616517,
                0.9973040159707212
            ],
            "position_in_world": [
                3.391177177429199,
                -0.5582025051116943,
                0.43117740750312805
            ],
            "bot_in_world": [
                3.39111590385437,
                -1.8382210731506348,
                -220.72103881835938
            ],
            "path": "./prompt_files/data/buy_a_air_conditioner/subtask_14/seg_instance1_detect_surroundings.png"
        },
        "checkout_counter_sckdal_0": {
            "ability": [
                [
                    "heatable",
                    0
                ],
                [
                    "freezable",
                    0
                ]
            ],
            "position_in_bot": {
                "rho": 221.29570437805233,
                "theta_deg": 40.34609913561028,
                "phi_deg": 2.02717475180465
            },
            "orientation_in_bot": [
                0.997275757313337,
                0.0707196900222327,
                -0.02086639601621749,
                0.0020935222864515604
            ],
            "position_in_world": [
                0.7368888761418364,
                2.0660888102035844,
                0.5243021984952884
            ],
            "bot_in_world": [
                3.39111590385437,
                -1.8382210731506348,
                -220.72103881835938
            ],
            "path": "./prompt_files/data/buy_a_air_conditioner/subtask_14/seg_instance1_detect_surroundings.png"
        },
        "ceiling_air_conditioner_143": {
            "ability": [
                [
                    "togglable",
                    0
                ],
                [
                    "heatable",
                    0
                ],
                [
                    "freezable",
                    0
                ]
            ],
            "position_in_bot": {
                "rho": 220.94073941457924,
                "theta_deg": 78.30950185610212,
                "phi_deg": 1.9548324537627237
            },
            "orientation_in_bot": [
                -0.015677395313494862,
                0.013604874148282537,
                -0.6170106614824032,
                0.7866809838127784
            ],
            "position_in_world": [
                -3.313384771347046,
                4.982326030731201,
                0.012603465467691422
            ],
            "bot_in_world": [
                3.39111590385437,
                -1.8382210731506348,
                -220.72103881835938
            ],