{
    "task": "cook_a_frozen_pie",
    "0_detect_surroundings": {
        "cheese_tart_188": {
            "ability": [
                [
                    "heatable",
                    0
                ],
                [
                    "freezable",
                    0
                ],
                [
                    "burnable",
                    0
                ],
                [
                    "cookable",
                    1
                ]
            ],
            "position_in_bot": {
                "rho": 1.4364820217066046,
                "theta_deg": -27.137285481368878,
                "phi_deg": 68.40820461130323
            },
            "orientation_in_bot": [
                0.0034680719580112702,
                0.02370806498220213,
                0.20886765653719558,
                0.9776503476112274
            ],
            "position_in_world": [
                -6.852348327636719,
                -1.79435133934021,
                0.8289950489997864
            ],
            "bot_in_world": [
                -6.8466033935546875,
                -0.4795628488063812,
                0.2503942847251892
            ],
            "path": "./prompt_files/data/cook_a_frozen_pie/subtask_12/seg_instance0_detect_surroundings.png"
        },
        "oven_wuinhm_0": {
            "ability": [
                [
                    "openable",
                    1
                ],
                [
                    "togglable",
                    0
                ],
                [
                    "heatable",
                    0
                ],
                [
                    "freezable",
                    0
                ]
            ],
            "position_in_bot": {
                "rho": 1.7091687679242267,
                "theta_deg": 7.275895040368251,
                "phi_deg": 69.72879251371373
            },
            "orientation_in_bot": [
                0.010415381340300447,
                0.019160930509347186,
                0.5193085252402085,
                0.8543085122989188
            ],
            "position_in_world": [
                -5.947904109954834,
                -1.7742741107940674,
                0.911696195602417
            ],
            "bot_in_world": [
                -6.8466033935546875,
                -0.4795628488063812,
                0.2503942847251892
            ],
            "path": "./prompt_files/data/cook_a_frozen_pie/subtask_12/seg_instance0_detect_surroundings.png"
        },
        "fridge_dszchb_0": {
            "ability": [
                [
                    "openable",
                    1
                ],
                [
                    "heatable",
                    0
                ],
                [
                    "freezable",
                    0
                ]
            ],
            "position_in_bot": {
                "rho": 1.4493288599075946,
                "theta_deg": -26.896701885206852,
                "phi_deg": 66.23776776659157
            },
            "orientation_in_bot": [
                0.010415381340300447,
                0.019160930509347186,
                0.5193085252402085,
                0.8543085122989188
            ],
            "position_in_world": [
                -6.848034381866455,
                -1.78300940990448,
                0.8840970396995544
            ],
            "bot_in_world": [
                -6.8466033935546875,
                -0.4795628488063812,
                0.2503942847251892
            ],
            "path": "./prompt_files/data/cook_a_frozen_pie/subtask_12/seg_instance0_detect_surroundings.png"
        },
        "scene_graph": [
            [
                "cheese_tart_188",
                "inside",
                "fridge_dszchb_0"
            ]
        ],
        "inventory": []
    },
    "1_detect_surroundings": {
        "cheese_tart_188": {
            "ability": [
                [
                    "heatable",
                    0
                ],
                [
                    "freezable",
                    0
                ],
                [
                    "burnable",
                    0
                ],
                [
                    "cookable",
                    1
                ]
            ],
            "position_in_bot": {
                "rho": 1.4364820217066046,
                "theta_deg": -27.137285481368878,
                "phi_deg": 68.40820461130323
            },
            "orientation_in_bot": [
                0.0034680719580112702,
                0.02370806498220213,
                0.20886765653719558,
                0.9776503476112274
            ],
            "position_in_world": [
                -6.852348327636719,
                -1.79435133934021,
                0.8289950489997864
            ],
            "bot_in_world": [
                -6.8466033935546875,
                -0.4795628488063812,
                0.2503942847251892
            ],
            "path": "./prompt_files/data/cook_a_frozen_pie/subtask_12/seg_instance1_detect_surroundings.png"
        },
        "oven_wuinhm_0": {
            "ability": [
                [
                    "openable",
                    1
                ],
                [
                    "togglable",
                    0
                ],
                [
                    "heatable",
                    0
                ],
                [
                    "freezable",
                    0
                ]
            ],
            "position_in_bot": {
                "rho": 1.7091687679242267,
                "theta_deg": 7.275895040368251,
                "phi_deg": 69.72879251371373
            },
            "orientation_in_bot": [
                0.010415381340300447,
                0.019160930509347186,
                0.5193085252402085,
                0.8543085122989188
            ],
            "position_in_world": [
                -5.947904109954834,
                -1.7742741107940674,
                0.911696195602417
            ],
            "bot_in_world": [
                -6.8466033935546875,
                -0.4795628488063812,
                0.2503942847251892
            ],
            "path": "./prompt_files/data/cook_a_frozen_pie/subtask_12/seg_instance1_detect_surroundings.png"
        },
        "fridge_dszchb_0": {
            "ability": [
                [
                    "openable",
                    1
                ],
                [
                    "heatable",
                    0
                ],
                [
                    "freezable",
                    0
                ]
            ],
            "position_in_bot": {
                "rho": 1.4493288599075946,
                "theta_deg": -26.896701885206852,
                "phi_deg": 66.23776776659157
            },
            "orientation_in_bot": [
                0.010415381340300447,
                0.019160930509347186,
                0.5193085252402085,
                0.8543085122989188
            ],
            "position_in_world": [
                -6.848034381866455,
                -1.78300940990448,
                0.8840970396995544
            ],
            "bot_in_world": [
                -6.8466033935546875,
                -0.4795628488063812,
                0.2503942847251892
            ],
            "path": "./prompt_files/data/cook_a_frozen_pie/subtask_12/seg_instance1_detect_surroundings.png"
        },
        "scene_graph": [
            [
                "cheese_tart_188",
                "inside",
                "fridge_dszchb_0"
            ]
        ],
        "inventory": []
    },