{
    "task": "put_a_entire_leaf_in_the_ashcan",
    "0_detect_surroundings": {
        "trash_can_284": {
            "ability": [
                [
                    "heatable",
                    0
                ],
                [
                    "freezable",
                    0
                ]
            ],
            "position_in_bot": {
                "rho": 2.717091191439302,
                "theta_deg": 43.603476860845745,
                "phi_deg": 87.79121324049687
            },
            "orientation_in_bot": [
                0.0008217532142286249,
                0.022563091598866887,
                0.031168287355248375,
                0.9992591102824616
            ],
            "position_in_world": [
                -8.508997917175293,
                22.416173934936523,
                0.19626593589782715
            ],
            "bot_in_world": [
                -10.874385833740234,
                23.7393741607666,
                0.004782736301422119
            ],
            "path": "./prompt_files/data/put_a_entire_leaf_in_the_ashcan/subtask_1/seg_instance0_detect_surroundings.png"
        },
        "board_275": {
            "ability": [
                [
                    "heatable",
                    0
                ],
                [
                    "freezable",
                    0
                ]
            ],
            "position_in_bot": {
                "rho": 1.534841325679243,
                "theta_deg": -52.43054622475659,
                "phi_deg": 91.44738205391546
            },
            "orientation_in_bot": [
                0.0012803317837725076,
                0.021985582913441257,
                0.061673508250310295,
                0.9978533826542748
            ],
            "position_in_world": [
                -11.761908531188965,
                22.48716163635254,
                0.007055128458887339
            ],
            "bot_in_world": [
                -10.874385833740234,
                23.7393741607666,
                0.004782736301422119
            ],
            "path": "./prompt_files/data/put_a_entire_leaf_in_the_ashcan/subtask_1/seg_instance0_detect_surroundings.png"
        },
        "leaf_276": {
            "ability": [
                [
                    "heatable",
                    0
                ],
                [
                    "freezable",
                    0
                ]
            ],
            "position_in_bot": {
                "rho": 2.0120692939078686,
                "theta_deg": -52.035085689327204,
                "phi_deg": 89.96463940510117
            },
            "orientation_in_bot": [
                0.0032406992840535538,
                0.5545292106734917,
                0.07761705852966161,
                0.8285302919043984
            ],
            "position_in_world": [
                -12.027566909790039,
                22.09149169921875,
                0.06027747690677643
            ],
            "bot_in_world": [
                -10.874385833740234,
                23.7393741607666,
                0.004782736301422119
            ],
            "path": "./prompt_files/data/put_a_entire_leaf_in_the_ashcan/subtask_1/seg_instance0_detect_surroundings.png"
        },
        "scene_graph": [
            [
                "leaf_276",
                "ontop",
                "board_275"
            ]
        ],
        "inventory": []
    },
    "1_detect_surroundings": {
        "trash_can_284": {
            "ability": [
                [
                    "heatable",
                    0
                ],
                [
                    "freezable",
                    0
                ]
            ],
            "position_in_bot": {
                "rho": 2.717091191439302,
                "theta_deg": 43.603476860845745,
                "phi_deg": 87.79121324049687
            },
            "orientation_in_bot": [
                0.0008217532142286249,
                0.022563091598866887,
                0.031168287355248375,
                0.9992591102824616
            ],
            "position_in_world": [
                -8.508997917175293,
                22.416173934936523,
                0.19626593589782715
            ],
            "bot_in_world": [
                -10.874385833740234,
                23.7393741607666,
                0.004782736301422119
            ],
            "path": "./prompt_files/data/put_a_entire_leaf_in_the_ashcan/subtask_1/seg_instance1_detect_surroundings.png"
        },
        "board_275": {
            "ability": [
                [
                    "heatable",
                    0
                ],
                [
                    "freezable",
                    0
                ]
            ],
            "position_in_bot": {
                "rho": 1.534841325679243,
                "theta_deg": -52.43054622475659,
                "phi_deg": 91.44738205391546
            },
            "orientation_in_bot": [
                0.0012803317837725076,
                0.021985582913441257,
                0.061673508250310295,
                0.9978533826542748
            ],
            "position_in_world": [
                -11.761908531188965,
                22.48716163635254,
                0.007055128458887339
            ],
            "bot_in_world": [
                -10.874385833740234,
                23.7393741607666,
                0.004782736301422119
            ],
            "path": "./prompt_files/data/put_a_entire_leaf_in_the_ashcan/subtask_1/seg_instance1_detect_surroundings.png"
        },
        "leaf_276": {
            "ability": [
                [
                    "heatable",
                    0
                ],
                [
                    "freezable",
                    0
                ]
            ],
            "position_in_bot": {
                "rho": 2.0120692939078686,
                "theta_deg": -52.035085689327204,
                "phi_deg": 89.96463940510117
            },
            "orientation_in_bot": [
                0.0032406992840535538,
                0.5545292106734917,
                0.07761705852966161,
                0.8285302919043984
            ],
            "position_in_world": [
                -12.027566909790039,
                22.09149169921875,
                0.06027747690677643
            ],
            "bot_in_world": [
                -10.874385833740234,
                23.7393741607666,
                0.004782736301422119
            ],
            "path": "./prompt_files/data/put_a_entire_leaf_in_the_ashcan/subtask_1/seg_instance1_detect_surroundings.png"
        },
        "scene_graph": [
            [
                "leaf_276",
                "ontop",
                "board_275"
            ]
        ],
        "inventory": []
    },
    "2_detect_surroundings": {
        "trash_can_284": {
            "ability": [
                [
                    "heatable",
                    0
                ],
                [
                    "freezable",
                    0
                ]
            ],
            "position_in_bot": {
                "rho": 2.717091191439302,
                "theta_deg": 43.603476860845745,
                "phi_deg": 87.79121324049687
            },
            "orientation_in_bot": [
                0.0008217532142286249,
                0.022563091598866887,
                0.031168287355248375,
                0.9992591102824616
            ],
            "position_in_world": [
                -8.508997917175293,
                22.416173934936523,
                0.19626593589782715
            ],
            "bot_in_world": [
                -10.874385833740234,
                23.7393741607666,
                0.004782736301422119
            ],