{
    "task": "put_a_entire_leaf_in_the_ashcan",
    "0_detect_surroundings": {
        "trash_can_284": {
            "ability": [
                [
                    "heatable",
                    0
                ],
                [
                    "freezable",
                    0
                ]
            ],
            "position_in_bot": {
                "rho": 2.717538936067337,
                "theta_deg": 43.52073404543945,
                "phi_deg": 87.78904121183326
            },
            "orientation_in_bot": [
                0.0008231965338085244,
                0.02252061543888455,
                0.030522107915322484,
                0.9992800133877021
            ],
            "position_in_world": [
                -8.508997917175293,
                22.416173934936523,
                0.19626587629318237
            ],
            "bot_in_world": [
                -10.874574661254883,
                23.739952087402344,
                0.004757389426231384
            ],
            "path": "./prompt_files/data/put_a_entire_leaf_in_the_ashcan/subtask_2/seg_instance0_detect_surroundings.png"
        },
        "board_275": {
            "ability": [
                [
                    "heatable",
                    0
                ],
                [
                    "freezable",
                    0
                ]
            ],
            "position_in_bot": {
                "rho": 1.5352037922840118,
                "theta_deg": -52.48644171346241,
                "phi_deg": 91.44304259850237
            },
            "orientation_in_bot": [
                0.0012799526318252087,
                0.021943218405635297,
                0.06102697625665552,
                0.9978940650471033
            ],
            "position_in_world": [
                -11.761908531188965,
                22.48716163635254,
                0.007055128458887339
            ],
            "bot_in_world": [
                -10.874574661254883,
                23.739952087402344,
                0.004757389426231384
            ],
            "path": "./prompt_files/data/put_a_entire_leaf_in_the_ashcan/subtask_2/seg_instance0_detect_surroundings.png"
        },
        "leaf_276": {
            "ability": [
                [
                    "heatable",
                    0
                ],
                [
                    "freezable",
                    0
                ]
            ],
            "position_in_bot": {
                "rho": 0.40349501098630325,
                "theta_deg": -86.91165488029495,
                "phi_deg": 0.8822685514564002
            },
            "orientation_in_bot": [
                -0.0409424017472509,
                0.5363950853870892,
                0.10883644969436299,
                0.8359178544149363
            ],
            "position_in_world": [
                -10.88568115234375,
                23.754730224609375,
                0.407828688621521
            ],
            "bot_in_world": [
                -10.874574661254883,
                23.739952087402344,
                0.004757389426231384
            ],
            "path": "./prompt_files/data/put_a_entire_leaf_in_the_ashcan/subtask_2/seg_instance0_detect_surroundings.png"
        },
        "scene_graph": [],
        "inventory": [
            "leaf_276"
        ]
    },
    "1_detect_surroundings": {
        "trash_can_284": {
            "ability": [
                [
                    "heatable",
                    0
                ],
                [
                    "freezable",
                    0
                ]
            ],
            "position_in_bot": {
                "rho": 2.717538936067337,
                "theta_deg": 43.52073404543945,
                "phi_deg": 87.78904121183326
            },
            "orientation_in_bot": [
                0.0008231965338085244,
                0.02252061543888455,
                0.030522107915322484,
                0.9992800133877021
            ],
            "position_in_world": [
                -8.508997917175293,
                22.416173934936523,
                0.19626587629318237
            ],
            "bot_in_world": [
                -10.874574661254883,
                23.739952087402344,
                0.004757389426231384
            ],
            "path": "./prompt_files/data/put_a_entire_leaf_in_the_ashcan/subtask_2/seg_instance1_detect_surroundings.png"
        },
        "board_275": {
            "ability": [
                [
                    "heatable",
                    0
                ],
                [
                    "freezable",
                    0
                ]
            ],
            "position_in_bot": {
                "rho": 1.5352037922840118,
                "theta_deg": -52.48644171346241,
                "phi_deg": 91.44304259850237
            },
            "orientation_in_bot": [
                0.0012799526318252087,
                0.021943218405635297,
                0.06102697625665552,
                0.9978940650471033
            ],
            "position_in_world": [
                -11.761908531188965,
                22.48716163635254,
                0.007055128458887339
            ],
            "bot_in_world": [
                -10.874574661254883,
                23.739952087402344,
                0.004757389426231384
            ],
            "path": "./prompt_files/data/put_a_entire_leaf_in_the_ashcan/subtask_2/seg_instance1_detect_surroundings.png"
        },
        "leaf_276": {
            "ability": [
                [
                    "heatable",
                    0
                ],
                [
                    "freezable",
                    0
                ]
            ],
            "position_in_bot": {
                "rho": 0.40349501098630325,
                "theta_deg": -86.91165488029495,
                "phi_deg": 0.8822685514564002
            },
            "orientation_in_bot": [
                -0.0409424017472509,
                0.5363950853870892,
                0.10883644969436299,
                0.8359178544149363
            ],
            "position_in_world": [
                -10.88568115234375,
                23.754730224609375,
                0.407828688621521
            ],
            "bot_in_world": [
                -10.874574661254883,
                23.739952087402344,
                0.004757389426231384
            ],
            "path": "./prompt_files/data/put_a_entire_leaf_in_the_ashcan/subtask_2/seg_instance1_detect_surroundings.png"
        },
        "scene_graph": [],
        "inventory": [
            "leaf_276"
        ]
    },
    "2_detect_surroundings": {
        "trash_can_284": {
            "ability": [
                [
                    "heatable",
                    0
                ],
                [
                    "freezable",
                    0
                ]
            ],
            "position_in_bot": {
                "rho": 2.717538936067337,
                "theta_deg": 43.52073404543945,
                "phi_deg": 87.78904121183326
            },
            "orientation_in_bot": [
                0.0008231965338085244,
                0.02252061543888455,
                0.030522107915322484,
                0.9992800133877021
            ],
            "position_in_world": [
                -8.508997917175293,
                22.416173934936523,
                0.19626587629318237
            ],
            "bot_in_world": [
                -10.874574661254883,
                23.739952087402344,
                0.004757389426231384
            ],
            "path": "./prompt_files/data/put_a_entire_leaf_in_the_ashcan/subtask_2/seg_instance2_detect_surroundings.png"
        },