{
    "task": "buy_a_good_avocado",
    "0_detect_surroundings": {
        "money_143": {
            "ability": [
                [
                    "heatable",
                    0
                ],
                [
                    "freezable",
                    0
                ]
            ],
            "position_in_bot": {
                "rho": 2.8444464367383246,
                "theta_deg": -77.36748349501082,
                "phi_deg": 135.04986123226413
            },
            "orientation_in_bot": [
                0.7110807942727233,
                -0.11334836621791074,
                -0.6855052920563984,
                0.10769747654831587
            ],
            "position_in_world": [
                0.7368515729904175,
                2.066080093383789,
                0.7624190449714661
            ],
            "bot_in_world": [
                0.7266243696212769,
                4.870909690856934,
                0.2894478142261505
            ],
            "path": "./prompt_files/data/buy_a_good_avocado/subtask_8/seg_instance0_detect_surroundings.png"
        },
        "checkout_counter_sckdal_0": {
            "ability": [
                [
                    "heatable",
                    0
                ],
                [
                    "freezable",
                    0
                ]
            ],
            "position_in_bot": {
                "rho": 2.814654791872952,
                "theta_deg": -84.13585102902378,
                "phi_deg": 135.54404183742585
            },
            "orientation_in_bot": [
                -0.6466845671472834,
                -0.2708186783971313,
                0.6577861025940335,
                0.2752703349053683
            ],
            "position_in_world": [
                0.7368888761418364,
                2.0660888102035844,
                0.5243021984952884
            ],
            "bot_in_world": [
                0.7266243696212769,
                4.870909690856934,
                0.2894478142261505
            ],
            "path": "./prompt_files/data/buy_a_good_avocado/subtask_8/seg_instance0_detect_surroundings.png"
        },
        "shopping_cart_kmgltg_1": {
            "ability": [
                [
                    "heatable",
                    0
                ],
                [
                    "freezable",
                    0
                ]
            ],
            "position_in_bot": {
                "rho": 6.049442038518043,
                "theta_deg": -88.64679738455385,
                "phi_deg": 161.57305689556156
            },
            "orientation_in_bot": [
                0.2752490605532427,
                0.6566497057963554,
                0.27083872119849006,
                0.647839104748767
            ],
            "position_in_world": [
                3.3912343978881836,
                -0.5582259893417358,
                0.4311772584915161
            ],
            "bot_in_world": [
                0.7266243696212769,
                4.870909690856934,
                0.2894478142261505
            ],
            "path": "./prompt_files/data/buy_a_good_avocado/subtask_8/seg_instance0_detect_surroundings.png"
        },
        "avocado_142": {
            "ability": [
                [
                    "heatable",
                    0
                ],
                [
                    "freezable",
                    0
                ],
                [
                    "burnable",
                    0
                ],
                [
                    "cookable",
                    0
                ]
            ],
            "position_in_bot": {
                "rho": 0.34224711026447135,
                "theta_deg": 144.98254822245903,
                "phi_deg": 109.7420333082068
            },
            "orientation_in_bot": [
                -0.2669349825912608,
                0.030223087609618542,
                0.613784478506004,
                0.7423617002441986
            ],
            "position_in_world": [
                0.9426064491271973,
                4.9151506423950195,
                0.0276701170951128
            ],
            "bot_in_world": [
                0.7266243696212769,
                4.870909690856934,
                0.2894478142261505
            ],
            "path": "./prompt_files/data/buy_a_good_avocado/subtask_8/seg_instance0_detect_surroundings.png"
        },
        "scene_graph": [
            [
                "money_143",
                "ontop",
                "checkout_counter_sckdal_0"
            ]
        ],
        "inventory": [
            "avocado_142"
        ]
    },
    "1_detect_surroundings": {
        "money_143": {
            "ability": [
                [
                    "heatable",
                    0
                ],
                [
                    "freezable",
                    0
                ]
            ],
            "position_in_bot": {
                "rho": 2.8444464367383246,
                "theta_deg": -77.36748349501082,
                "phi_deg": 135.04986123226413
            },
            "orientation_in_bot": [
                0.7110807942727233,
                -0.11334836621791074,
                -0.6855052920563984,
                0.10769747654831587
            ],
            "position_in_world": [
                0.7368515729904175,
                2.066080093383789,
                0.7624190449714661
            ],
            "bot_in_world": [
                0.7266243696212769,
                4.870909690856934,
                0.2894478142261505
            ],
            "path": "./prompt_files/data/buy_a_good_avocado/subtask_8/seg_instance1_detect_surroundings.png"
        },
        "checkout_counter_sckdal_0": {
            "ability": [
                [
                    "heatable",
                    0
                ],
                [
                    "freezable",
                    0
                ]
            ],
            "position_in_bot": {
                "rho": 2.814654791872952,
                "theta_deg": -84.13585102902378,
                "phi_deg": 135.54404183742585
            },
            "orientation_in_bot": [
                -0.6466845671472834,
                -0.2708186783971313,
                0.6577861025940335,
                0.2752703349053683
            ],
            "position_in_world": [
                0.7368888761418364,
                2.0660888102035844,
                0.5243021984952884
            ],
            "bot_in_world": [
                0.7266243696212769,
                4.870909690856934,
                0.2894478142261505
            ],
            "path": "./prompt_files/data/buy_a_good_avocado/subtask_8/seg_instance1_detect_surroundings.png"
        },
        "shopping_cart_kmgltg_1": {
            "ability": [
                [
                    "heatable",
                    0
                ],
                [
                    "freezable",
                    0
                ]
            ],
            "position_in_bot": {
                "rho": 6.049442038518043,
                "theta_deg": -88.64679738455385,
                "phi_deg": 161.57305689556156
            },
            "orientation_in_bot": [
                0.2752490605532427,
                0.6566497057963554,
                0.27083872119849006,
                0.647839104748767
            ],
            "position_in_world": [
                3.3912343978881836,
                -0.5582259893417358,
                0.4311772584915161
            ],
            "bot_in_world": [
                0.7266243696212769,
                4.870909690856934,
                0.2894478142261505
            ],
            "path": "./prompt_files/data/buy_a_good_avocado/subtask_8/seg_instance1_detect_surroundings.png"
        },