{
    "task": "put_a_book_in_the_carton",
    "0_detect_surroundings": {
        "hardback_188": {
            "ability": [
                [
                    "heatable",
                    0
                ],
                [
                    "freezable",
                    0
                ]
            ],
            "position_in_bot": {
                "rho": 0.3102753138599852,
                "theta_deg": -171.82281164943691,
                "phi_deg": 113.21974916753165
            },
            "orientation_in_bot": [
                0.8889275549066946,
                -0.0026894882979579668,
                -0.005249491471374667,
                -0.4580098379069958
            ],
            "position_in_world": [
                -2.6823277473449707,
                -2.5603253841400146,
                0.009210044518113136
            ],
            "bot_in_world": [
                -2.689493179321289,
                -2.4271600246429443,
                0.2893643081188202
            ],
            "path": "./prompt_files/data/put_a_book_in_the_carton/subtask_10/seg_instance0_detect_surroundings.png"
        },
        "shelf_owvfik_1": {
            "ability": [
                [
                    "heatable",
                    0
                ],
                [
                    "freezable",
                    0
                ]
            ],
            "position_in_bot": {
                "rho": 1.9712407173817694,
                "theta_deg": 94.94412270003002,
                "phi_deg": 92.39209233470743
            },
            "orientation_in_bot": [
                0.4049470473179973,
                0.5868495321456583,
                0.39822004038685893,
                0.5771016504249022
            ],
            "position_in_world": [
                -0.8248105049133301,
                -1.810388207435608,
                0.12101665139198303
            ],
            "bot_in_world": [
                -2.689493179321289,
                -2.4271600246429443,
                0.2893643081188202
            ],
            "path": "./prompt_files/data/put_a_book_in_the_carton/subtask_10/seg_instance0_detect_surroundings.png"
        },
        "carton_195": {
            "ability": [
                [
                    "openable",
                    0
                ],
                [
                    "heatable",
                    0
                ],
                [
                    "freezable",
                    0
                ]
            ],
            "position_in_bot": {
                "rho": 1.3977024012891033,
                "theta_deg": 79.99593818659196,
                "phi_deg": 124.94286961372701
            },
            "orientation_in_bot": [
                0.10540979404764098,
                0.7059224125523854,
                0.09851871593954907,
                0.6934380905204705
            ],
            "position_in_world": [
                -1.3517484664916992,
                -2.771965742111206,
                0.5017792582511902
            ],
            "bot_in_world": [
                -2.689493179321289,
                -2.4271600246429443,
                0.2893643081188202
            ],
            "path": "./prompt_files/data/put_a_book_in_the_carton/subtask_10/seg_instance0_detect_surroundings.png"
        },
        "scene_graph": [],
        "inventory": [
            "hardback_188"
        ]
    },
    "1_detect_surroundings": {
        "hardback_188": {
            "ability": [
                [
                    "heatable",
                    0
                ],
                [
                    "freezable",
                    0
                ]
            ],
            "position_in_bot": {
                "rho": 0.3102753138599852,
                "theta_deg": -171.82281164943691,
                "phi_deg": 113.21974916753165
            },
            "orientation_in_bot": [
                0.8889275549066946,
                -0.0026894882979579668,
                -0.005249491471374667,
                -0.4580098379069958
            ],
            "position_in_world": [
                -2.6823277473449707,
                -2.5603253841400146,
                0.009210044518113136
            ],
            "bot_in_world": [
                -2.689493179321289,
                -2.4271600246429443,
                0.2893643081188202
            ],
            "path": "./prompt_files/data/put_a_book_in_the_carton/subtask_10/seg_instance1_detect_surroundings.png"
        },
        "shelf_owvfik_1": {
            "ability": [
                [
                    "heatable",
                    0
                ],
                [
                    "freezable",
                    0
                ]
            ],
            "position_in_bot": {
                "rho": 1.9712407173817694,
                "theta_deg": 94.94412270003002,
                "phi_deg": 92.39209233470743
            },
            "orientation_in_bot": [
                0.4049470473179973,
                0.5868495321456583,
                0.39822004038685893,
                0.5771016504249022
            ],
            "position_in_world": [
                -0.8248105049133301,
                -1.810388207435608,
                0.12101665139198303
            ],
            "bot_in_world": [
                -2.689493179321289,
                -2.4271600246429443,
                0.2893643081188202
            ],
            "path": "./prompt_files/data/put_a_book_in_the_carton/subtask_10/seg_instance1_detect_surroundings.png"
        },
        "carton_195": {
            "ability": [
                [
                    "openable",
                    0
                ],
                [
                    "heatable",
                    0
                ],
                [
                    "freezable",
                    0
                ]
            ],
            "position_in_bot": {
                "rho": 1.3977024012891033,
                "theta_deg": 79.99593818659196,
                "phi_deg": 124.94286961372701
            },
            "orientation_in_bot": [
                0.10540979404764098,
                0.7059224125523854,
                0.09851871593954907,
                0.6934380905204705
            ],
            "position_in_world": [
                -1.3517484664916992,
                -2.771965742111206,
                0.5017792582511902
            ],
            "bot_in_world": [
                -2.689493179321289,
                -2.4271600246429443,
                0.2893643081188202
            ],
            "path": "./prompt_files/data/put_a_book_in_the_carton/subtask_10/seg_instance1_detect_surroundings.png"
        },
        "scene_graph": [],
        "inventory": [
            "hardback_188"
        ]
    },
    "2_detect_surroundings": {
        "hardback_188": {
            "ability": [
                [
                    "heatable",
                    0
                ],
                [
                    "freezable",
                    0
                ]
            ],
            "position_in_bot": {
                "rho": 0.3102753138599852,
                "theta_deg": -171.82281164943691,
                "phi_deg": 113.21974916753165
            },
            "orientation_in_bot": [
                0.8889275549066946,
                -0.0026894882979579668,
                -0.005249491471374667,
                -0.4580098379069958
            ],
            "position_in_world": [
                -2.6823277473449707,
                -2.5603253841400146,
                0.009210044518113136
            ],
            "bot_in_world": [
                -2.689493179321289,
                -2.4271600246429443,
                0.2893643081188202
            ],