{
    "task": "cook_a_frozen_pie",
    "0_detect_surroundings": {
        "fridge_dszchb_0": {
            "ability": [
                [
                    "openable",
                    1
                ],
                [
                    "heatable",
                    0
                ],
                [
                    "freezable",
                    0
                ]
            ],
            "position_in_bot": {
                "rho": 1.6305970814213842,
                "theta_deg": -63.32982322547521,
                "phi_deg": 68.12955675226462
            },
            "orientation_in_bot": [
                0.010465969938989772,
                0.019139167653831564,
                0.5195606377603741,
                0.8541550792594914
            ],
            "position_in_world": [
                -6.848034381866455,
                -1.78300940990448,
                0.8840970396995544
            ],
            "bot_in_world": [
                -5.9460530281066895,
                -0.5814749002456665,
                0.25038471817970276
            ],
            "path": "./prompt_files/data/cook_a_frozen_pie/subtask_8/seg_instance0_detect_surroundings.png"
        },
        "oven_wuinhm_0": {
            "ability": [
                [
                    "togglable",
                    0
                ],
                [
                    "openable",
                    1
                ],
                [
                    "heatable",
                    0
                ],
                [
                    "freezable",
                    0
                ]
            ],
            "position_in_bot": {
                "rho": 1.3638571032768636,
                "theta_deg": -26.80875127752129,
                "phi_deg": 63.16509716308651
            },
            "orientation_in_bot": [
                0.010465969938989772,
                0.019139167653831564,
                0.5195606377603741,
                0.8541550792594914
            ],
            "position_in_world": [
                -5.947904109954834,
                -1.7742741107940674,
                0.911696195602417
            ],
            "bot_in_world": [
                -5.9460530281066895,
                -0.5814749002456665,
                0.25038471817970276
            ],
            "path": "./prompt_files/data/cook_a_frozen_pie/subtask_8/seg_instance0_detect_surroundings.png"
        },
        "cheese_tart_188": {
            "ability": [
                [
                    "heatable",
                    0
                ],
                [
                    "freezable",
                    1
                ],
                [
                    "burnable",
                    0
                ],
                [
                    "cookable",
                    0
                ]
            ],
            "position_in_bot": {
                "rho": 1.4009909362241972,
                "theta_deg": -26.842471084621945,
                "phi_deg": 60.44567433471026
            },
            "orientation_in_bot": [
                -0.0009778272849880743,
                0.024924831943418446,
                -0.005380551805693495,
                0.9996743701169193
            ],
            "position_in_world": [
                -5.950249195098877,
                -1.773154854774475,
                0.9870372414588928
            ],
            "bot_in_world": [
                -5.9460530281066895,
                -0.5814749002456665,
                0.25038471817970276
            ],
            "path": "./prompt_files/data/cook_a_frozen_pie/subtask_8/seg_instance0_detect_surroundings.png"
        },
        "scene_graph": [
            [
                "cheese_tart_188",
                "inside",
                "oven_wuinhm_0"
            ]
        ],
        "inventory": []
    },
    "1_detect_surroundings": {
        "fridge_dszchb_0": {
            "ability": [
                [
                    "openable",
                    1
                ],
                [
                    "heatable",
                    0
                ],
                [
                    "freezable",
                    0
                ]
            ],
            "position_in_bot": {
                "rho": 1.6305970814213842,
                "theta_deg": -63.32982322547521,
                "phi_deg": 68.12955675226462
            },
            "orientation_in_bot": [
                0.010465969938989772,
                0.019139167653831564,
                0.5195606377603741,
                0.8541550792594914
            ],
            "position_in_world": [
                -6.848034381866455,
                -1.78300940990448,
                0.8840970396995544
            ],
            "bot_in_world": [
                -5.9460530281066895,
                -0.5814749002456665,
                0.25038471817970276
            ],
            "path": "./prompt_files/data/cook_a_frozen_pie/subtask_8/seg_instance1_detect_surroundings.png"
        },
        "oven_wuinhm_0": {
            "ability": [
                [
                    "togglable",
                    0
                ],
                [
                    "openable",
                    1
                ],
                [
                    "heatable",
                    0
                ],
                [
                    "freezable",
                    0
                ]
            ],
            "position_in_bot": {
                "rho": 1.3638571032768636,
                "theta_deg": -26.80875127752129,
                "phi_deg": 63.16509716308651
            },
            "orientation_in_bot": [
                0.010465969938989772,
                0.019139167653831564,
                0.5195606377603741,
                0.8541550792594914
            ],
            "position_in_world": [
                -5.947904109954834,
                -1.7742741107940674,
                0.911696195602417
            ],
            "bot_in_world": [
                -5.9460530281066895,
                -0.5814749002456665,
                0.25038471817970276
            ],
            "path": "./prompt_files/data/cook_a_frozen_pie/subtask_8/seg_instance1_detect_surroundings.png"
        },
        "cheese_tart_188": {
            "ability": [
                [
                    "heatable",
                    0
                ],
                [
                    "freezable",
                    1
                ],
                [
                    "burnable",
                    0
                ],
                [
                    "cookable",
                    0
                ]
            ],
            "position_in_bot": {
                "rho": 1.4009909362241972,
                "theta_deg": -26.842471084621945,
                "phi_deg": 60.44567433471026
            },
            "orientation_in_bot": [
                -0.0009778272849880743,
                0.024924831943418446,
                -0.005380551805693495,
                0.9996743701169193
            ],
            "position_in_world": [
                -5.950249195098877,
                -1.773154854774475,
                0.9870372414588928
            ],
            "bot_in_world": [
                -5.9460530281066895,
                -0.5814749002456665,
                0.25038471817970276
            ],
            "path": "./prompt_files/data/cook_a_frozen_pie/subtask_8/seg_instance1_detect_surroundings.png"
        },
        "scene_graph": [
            [
                "cheese_tart_188",
                "inside",
                "oven_wuinhm_0"
            ]
        ],
        "inventory": []
    },