{
    "task": "buy_a_air_conditioner",
    "0_detect_surroundings": {
        "shopping_cart_kmgltg_1": {
            "ability": [
                [
                    "heatable",
                    0
                ],
                [
                    "freezable",
                    0
                ]
            ],
            "position_in_bot": {
                "rho": 74.0125980661365,
                "theta_deg": 27.509281496001492,
                "phi_deg": 2.589387802593348
            },
            "orientation_in_bot": [
                -0.0009099115448160302,
                0.019816999487260595,
                0.07075792930967813,
                0.9972962318349092
            ],
            "position_in_world": [
                3.391177177429199,
                -0.5582025051116943,
                0.43117740750312805
            ],
            "bot_in_world": [
                3.3911209106445312,
                -1.8382214307785034,
                -73.57035064697266
            ],
            "path": "./prompt_files/data/buy_a_air_conditioner/subtask_7/seg_instance0_detect_surroundings.png"
        },
        "checkout_counter_sckdal_0": {
            "ability": [
                [
                    "heatable",
                    0
                ],
                [
                    "freezable",
                    0
                ]
            ],
            "position_in_bot": {
                "rho": 74.24490713305028,
                "theta_deg": 90.39515735423122,
                "phi_deg": 2.9093977333807715
            },
            "orientation_in_bot": [
                0.9972661396424858,
                0.07074337864696757,
                -0.021342173326793563,
                0.00036433209444405857
            ],
            "position_in_world": [
                0.7368888761418364,
                2.0660888102035844,
                0.5243021984952884
            ],
            "bot_in_world": [
                3.3911209106445312,
                -1.8382214307785034,
                -73.57035064697266
            ],
            "path": "./prompt_files/data/buy_a_air_conditioner/subtask_7/seg_instance0_detect_surroundings.png"
        },
        "ceiling_air_conditioner_143": {
            "ability": [
                [
                    "togglable",
                    0
                ],
                [
                    "heatable",
                    0
                ],
                [
                    "freezable",
                    0
                ]
            ],
            "position_in_bot": {
                "rho": 74.20189666859848,
                "theta_deg": 126.28538975610074,
                "phi_deg": 5.836203953271217
            },
            "orientation_in_bot": [
                -0.014715044848888111,
                0.015118270455596997,
                -0.6169873470228677,
                0.7866902306290642
            ],
            "position_in_world": [
                -3.313384771347046,
                4.982326030731201,
                0.012603465467691422
            ],
            "bot_in_world": [
                3.3911209106445312,
                -1.8382214307785034,
                -73.57035064697266
            ],
            "path": "./prompt_files/data/buy_a_air_conditioner/subtask_7/seg_instance0_detect_surroundings.png"
        },
        "money_142": {
            "ability": [
                [
                    "heatable",
                    0
                ],
                [
                    "freezable",
                    0
                ]
            ],
            "position_in_bot": {
                "rho": 73.97970680088294,
                "theta_deg": 26.321671301496753,
                "phi_deg": 2.646308024355961
            },
            "orientation_in_bot": [
                -0.009852183959244237,
                0.004779295452532799,
                -0.408270874404014,
                0.9127951500307133
            ],
            "position_in_world": [
                3.483302593231201,
                -0.6014155149459839,
                0.3989589512348175
            ],
            "bot_in_world": [
                3.3911209106445312,
                -1.8382214307785034,
                -73.57035064697266
            ],
            "path": "./prompt_files/data/buy_a_air_conditioner/subtask_7/seg_instance0_detect_surroundings.png"
        },
        "scene_graph": [
            [
                "money_142",
                "inside",
                "shopping_cart_kmgltg_1"
            ]
        ],
        "inventory": []
    },
    "1_detect_surroundings": {
        "shopping_cart_kmgltg_1": {
            "ability": [
                [
                    "heatable",
                    0
                ],
                [
                    "freezable",
                    0
                ]
            ],
            "position_in_bot": {
                "rho": 74.0125980661365,
                "theta_deg": 27.509281496001492,
                "phi_deg": 2.589387802593348
            },
            "orientation_in_bot": [
                -0.0009099115448160302,
                0.019816999487260595,
                0.07075792930967813,
                0.9972962318349092
            ],
            "position_in_world": [
                3.391177177429199,
                -0.5582025051116943,
                0.43117740750312805
            ],
            "bot_in_world": [
                3.3911209106445312,
                -1.8382214307785034,
                -73.57035064697266
            ],
            "path": "./prompt_files/data/buy_a_air_conditioner/subtask_7/seg_instance1_detect_surroundings.png"
        },
        "checkout_counter_sckdal_0": {
            "ability": [
                [
                    "heatable",
                    0
                ],
                [
                    "freezable",
                    0
                ]
            ],
            "position_in_bot": {
                "rho": 74.24490713305028,
                "theta_deg": 90.39515735423122,
                "phi_deg": 2.9093977333807715
            },
            "orientation_in_bot": [
                0.9972661396424858,
                0.07074337864696757,
                -0.021342173326793563,
                0.00036433209444405857
            ],
            "position_in_world": [
                0.7368888761418364,
                2.0660888102035844,
                0.5243021984952884
            ],
            "bot_in_world": [
                3.3911209106445312,
                -1.8382214307785034,
                -73.57035064697266
            ],
            "path": "./prompt_files/data/buy_a_air_conditioner/subtask_7/seg_instance1_detect_surroundings.png"
        },
        "ceiling_air_conditioner_143": {
            "ability": [
                [
                    "togglable",
                    0
                ],
                [
                    "heatable",
                    0
                ],
                [
                    "freezable",
                    0
                ]
            ],
            "position_in_bot": {
                "rho": 74.20189666859848,
                "theta_deg": 126.28538975610074,
                "phi_deg": 5.836203953271217
            },
            "orientation_in_bot": [
                -0.014715044848888111,
                0.015118270455596997,
                -0.6169873470228677,
                0.7866902306290642
            ],
            "position_in_world": [
                -3.313384771347046,
                4.982326030731201,
                0.012603465467691422
            ],
            "bot_in_world": [
                3.3911209106445312,
                -1.8382214307785034,
                -73.57035064697266
            ],