{
    "task": "put_a_book_in_the_carton",
    "0_detect_surroundings": {
        "hardback_188": {
            "ability": [
                [
                    "heatable",
                    0
                ],
                [
                    "freezable",
                    0
                ]
            ],
            "position_in_bot": {
                "rho": 3.656336441998955,
                "theta_deg": 108.99525317249557,
                "phi_deg": 164.28111760902362
            },
            "orientation_in_bot": [
                -0.6356828761627509,
                0.004517954561163219,
                0.0014019451463891494,
                0.7719358157190548
            ],
            "position_in_world": [
                -1.6209194660186768,
                -2.852398633956909,
                0.009210036136209965
            ],
            "bot_in_world": [
                -3.5907342433929443,
                0.21525755524635315,
                0.28869500756263733
            ],
            "path": "./prompt_files/data/put_a_book_in_the_carton/subtask_6/seg_instance0_detect_surroundings.png"
        },
        "shelf_owvfik_1": {
            "ability": [
                [
                    "heatable",
                    0
                ],
                [
                    "freezable",
                    0
                ]
            ],
            "position_in_bot": {
                "rho": 3.4257907737162205,
                "theta_deg": 95.66662140900556,
                "phi_deg": 143.4884636676463
            },
            "orientation_in_bot": [
                0.41608487851843035,
                0.5770314009746829,
                0.4110466772081205,
                0.5700427749859311
            ],
            "position_in_world": [
                -0.816460132598877,
                -1.7875728607177734,
                0.12101693451404572
            ],
            "bot_in_world": [
                -3.5907342433929443,
                0.21525755524635315,
                0.28869500756263733
            ],
            "path": "./prompt_files/data/put_a_book_in_the_carton/subtask_6/seg_instance0_detect_surroundings.png"
        },
        "carton_195": {
            "ability": [
                [
                    "openable",
                    1
                ],
                [
                    "heatable",
                    0
                ],
                [
                    "freezable",
                    0
                ]
            ],
            "position_in_bot": {
                "rho": 3.6896645065201996,
                "theta_deg": 82.36120695457568,
                "phi_deg": 159.60200198694525
            },
            "orientation_in_bot": [
                0.06817555113724717,
                0.7086444352603152,
                0.06237011233225222,
                0.6994891905450606
            ],
            "position_in_world": [
                -1.3197710514068604,
                -2.6849048137664795,
                0.5017887353897095
            ],
            "bot_in_world": [
                -3.5907342433929443,
                0.21525755524635315,
                0.28869500756263733
            ],
            "path": "./prompt_files/data/put_a_book_in_the_carton/subtask_6/seg_instance0_detect_surroundings.png"
        },
        "scene_graph": [],
        "inventory": []
    },
    "1_detect_surroundings": {
        "hardback_188": {
            "ability": [
                [
                    "heatable",
                    0
                ],
                [
                    "freezable",
                    0
                ]
            ],
            "position_in_bot": {
                "rho": 3.656336441998955,
                "theta_deg": 108.99525317249557,
                "phi_deg": 164.28111760902362
            },
            "orientation_in_bot": [
                -0.6356828761627509,
                0.004517954561163219,
                0.0014019451463891494,
                0.7719358157190548
            ],
            "position_in_world": [
                -1.6209194660186768,
                -2.852398633956909,
                0.009210036136209965
            ],
            "bot_in_world": [
                -3.5907342433929443,
                0.21525755524635315,
                0.28869500756263733
            ],
            "path": "./prompt_files/data/put_a_book_in_the_carton/subtask_6/seg_instance1_detect_surroundings.png"
        },
        "shelf_owvfik_1": {
            "ability": [
                [
                    "heatable",
                    0
                ],
                [
                    "freezable",
                    0
                ]
            ],
            "position_in_bot": {
                "rho": 3.4257907737162205,
                "theta_deg": 95.66662140900556,
                "phi_deg": 143.4884636676463
            },
            "orientation_in_bot": [
                0.41608487851843035,
                0.5770314009746829,
                0.4110466772081205,
                0.5700427749859311
            ],
            "position_in_world": [
                -0.816460132598877,
                -1.7875728607177734,
                0.12101693451404572
            ],
            "bot_in_world": [
                -3.5907342433929443,
                0.21525755524635315,
                0.28869500756263733
            ],
            "path": "./prompt_files/data/put_a_book_in_the_carton/subtask_6/seg_instance1_detect_surroundings.png"
        },
        "carton_195": {
            "ability": [
                [
                    "openable",
                    1
                ],
                [
                    "heatable",
                    0
                ],
                [
                    "freezable",
                    0
                ]
            ],
            "position_in_bot": {
                "rho": 3.6896645065201996,
                "theta_deg": 82.36120695457568,
                "phi_deg": 159.60200198694525
            },
            "orientation_in_bot": [
                0.06817555113724717,
                0.7086444352603152,
                0.06237011233225222,
                0.6994891905450606
            ],
            "position_in_world": [
                -1.3197710514068604,
                -2.6849048137664795,
                0.5017887353897095
            ],
            "bot_in_world": [
                -3.5907342433929443,
                0.21525755524635315,
                0.28869500756263733
            ],
            "path": "./prompt_files/data/put_a_book_in_the_carton/subtask_6/seg_instance1_detect_surroundings.png"
        },
        "scene_graph": [],
        "inventory": []
    },
    "2_detect_surroundings": {
        "hardback_188": {
            "ability": [
                [
                    "heatable",
                    0
                ],
                [
                    "freezable",
                    0
                ]
            ],
            "position_in_bot": {
                "rho": 3.656336441998955,
                "theta_deg": 108.99525317249557,
                "phi_deg": 164.28111760902362
            },
            "orientation_in_bot": [
                -0.6356828761627509,
                0.004517954561163219,
                0.0014019451463891494,
                0.7719358157190548
            ],
            "position_in_world": [
                -1.6209194660186768,
                -2.852398633956909,
                0.009210036136209965
            ],
            "bot_in_world": [
                -3.5907342433929443,
                0.21525755524635315,
                0.28869500756263733
            ],
            "path": "./prompt_files/data/put_a_book_in_the_carton/subtask_6/seg_instance2_detect_surroundings.png"
        },