{
    "task": "Put_the_chopping_board_on_the_sink_and_put_it_in_the_sink",
    "0_detect_surroundings": {
        "chopping_board_85": {
            "ability": [
                [
                    "heatable",
                    0
                ],
                [
                    "freezable",
                    0
                ]
            ],
            "position_in_bot": {
                "rho": 1.4129379082095928,
                "theta_deg": 106.68182468240325,
                "phi_deg": 57.116618253579965
            },
            "orientation_in_bot": [
                -0.009434814982737842,
                0.019946691464692107,
                -0.4238827325937997,
                0.9054482551613137
            ],
            "position_in_world": [
                0.032747186720371246,
                -2.396605968475342,
                0.7553480267524719
            ],
            "bot_in_world": [
                0.11017366498708725,
                -3.5905771255493164,
                0.0037952959537506104
            ],
            "path": "./prompt_files/data/Put_the_chopping_board_on_the_sink_and_put_it_in_the_sink/subtask_2/seg_instance0_detect_surroundings.png"
        },
        "sink_czyfhq_0": {
            "ability": [
                [
                    "togglable",
                    0
                ],
                [
                    "heatable",
                    0
                ],
                [
                    "freezable",
                    0
                ]
            ],
            "position_in_bot": {
                "rho": 3.8866762965704615,
                "theta_deg": 89.88973716202548,
                "phi_deg": 84.17380887483357
            },
            "orientation_in_bot": [
                -0.01357614803978697,
                0.017394061556701403,
                -0.6119920205555678,
                0.7905560711317554
            ],
            "position_in_world": [
                1.0693252086639404,
                0.15510401129722595,
                0.39895814657211304
            ],
            "bot_in_world": [
                0.11017366498708725,
                -3.5905771255493164,
                0.0037952959537506104
            ],
            "path": "./prompt_files/data/Put_the_chopping_board_on_the_sink_and_put_it_in_the_sink/subtask_2/seg_instance0_detect_surroundings.png"
        },
        "countertop_tpuwys_2": {
            "ability": [
                [
                    "heatable",
                    0
                ],
                [
                    "freezable",
                    0
                ]
            ],
            "position_in_bot": {
                "rho": 3.163134122219033,
                "theta_deg": 101.99557269684107,
                "phi_deg": 73.19440128866968
            },
            "orientation_in_bot": [
                0.0026996616331567912,
                0.02189922515447736,
                0.12626372564177682,
                0.9917512830098876
            ],
            "position_in_world": [
                0.20455229970466282,
                -0.5556479370210349,
                0.8902008019217902
            ],
            "bot_in_world": [
                0.11017366498708725,
                -3.5905771255493164,
                0.0037952959537506104
            ],
            "path": "./prompt_files/data/Put_the_chopping_board_on_the_sink_and_put_it_in_the_sink/subtask_2/seg_instance0_detect_surroundings.png"
        },
        "breakfast_table_idnnmz_0": {
            "ability": [
                [
                    "heatable",
                    0
                ],
                [
                    "freezable",
                    0
                ]
            ],
            "position_in_bot": {
                "rho": 1.3950710114462066,
                "theta_deg": 103.27853587285661,
                "phi_deg": 62.533802345663894
            },
            "orientation_in_bot": [
                0.0026993270834153654,
                0.0218989487048469,
                0.12626558319403552,
                0.9917510535308693
            ],
            "position_in_world": [
                0.10955169796943665,
                -2.3461039066314697,
                0.6342785358428955
            ],
            "bot_in_world": [
                0.11017366498708725,
                -3.5905771255493164,
                0.0037952959537506104
            ],
            "path": "./prompt_files/data/Put_the_chopping_board_on_the_sink_and_put_it_in_the_sink/subtask_2/seg_instance0_detect_surroundings.png"
        },
        "scene_graph": [
            [
                "chopping_board_85",
                "ontop",
                "breakfast_table_idnnmz_0"
            ],
            [
                "breakfast_table_idnnmz_0",
                "under",
                "chopping_board_85"
            ]
        ],
        "inventory": []
    },
    "1_detect_surroundings": {
        "chopping_board_85": {
            "ability": [
                [
                    "heatable",
                    0
                ],
                [
                    "freezable",
                    0
                ]
            ],
            "position_in_bot": {
                "rho": 1.4129379082095928,
                "theta_deg": 106.68182468240325,
                "phi_deg": 57.116618253579965
            },
            "orientation_in_bot": [
                -0.009434814982737842,
                0.019946691464692107,
                -0.4238827325937997,
                0.9054482551613137
            ],
            "position_in_world": [
                0.032747186720371246,
                -2.396605968475342,
                0.7553480267524719
            ],
            "bot_in_world": [
                0.11017366498708725,
                -3.5905771255493164,
                0.0037952959537506104
            ],
            "path": "./prompt_files/data/Put_the_chopping_board_on_the_sink_and_put_it_in_the_sink/subtask_2/seg_instance1_detect_surroundings.png"
        },
        "sink_czyfhq_0": {
            "ability": [
                [
                    "togglable",
                    0
                ],
                [
                    "heatable",
                    0
                ],
                [
                    "freezable",
                    0
                ]
            ],
            "position_in_bot": {
                "rho": 3.8866762965704615,
                "theta_deg": 89.88973716202548,
                "phi_deg": 84.17380887483357
            },
            "orientation_in_bot": [
                -0.01357614803978697,
                0.017394061556701403,
                -0.6119920205555678,
                0.7905560711317554
            ],
            "position_in_world": [
                1.0693252086639404,
                0.15510401129722595,
                0.39895814657211304
            ],
            "bot_in_world": [
                0.11017366498708725,
                -3.5905771255493164,
                0.0037952959537506104
            ],
            "path": "./prompt_files/data/Put_the_chopping_board_on_the_sink_and_put_it_in_the_sink/subtask_2/seg_instance1_detect_surroundings.png"
        },
        "countertop_tpuwys_2": {
            "ability": [
                [
                    "heatable",
                    0
                ],
                [
                    "freezable",
                    0
                ]
            ],
            "position_in_bot": {
                "rho": 3.163134122219033,
                "theta_deg": 101.99557269684107,
                "phi_deg": 73.19440128866968
            },
            "orientation_in_bot": [
                0.0026996616331567912,
                0.02189922515447736,
                0.12626372564177682,
                0.9917512830098876
            ],