{
    "task": "put_a_book_in_the_carton",
    "0_detect_surroundings": {
        "hardback_188": {
            "ability": [
                [
                    "heatable",
                    0
                ],
                [
                    "freezable",
                    0
                ]
            ],
            "position_in_bot": {
                "rho": 0.773459870353973,
                "theta_deg": 112.00385258635288,
                "phi_deg": 72.43610130293612
            },
            "orientation_in_bot": [
                -0.464266905143968,
                0.0077425435680438465,
                0.0014304250381885803,
                0.8856603455565508
            ],
            "position_in_world": [
                -1.807637095451355,
                -3.034050941467285,
                0.009210026822984219
            ],
            "bot_in_world": [
                -2.365649700164795,
                -3.490532875061035,
                0.28936415910720825
            ],
            "path": "./prompt_files/data/put_a_book_in_the_carton/subtask_7/seg_instance0_detect_surroundings.png"
        },
        "shelf_owvfik_1": {
            "ability": [
                [
                    "heatable",
                    0
                ],
                [
                    "freezable",
                    0
                ]
            ],
            "position_in_bot": {
                "rho": 2.2859161358130886,
                "theta_deg": 94.24453221029329,
                "phi_deg": 63.312647608848664
            },
            "orientation_in_bot": [
                0.4049460387136333,
                0.5868506865540771,
                0.39822099191225874,
                0.5771005276566307
            ],
            "position_in_world": [
                -0.8248105049133301,
                -1.810388207435608,
                0.12101665139198303
            ],
            "bot_in_world": [
                -2.365649700164795,
                -3.490532875061035,
                0.28936415910720825
            ],
            "path": "./prompt_files/data/put_a_book_in_the_carton/subtask_7/seg_instance0_detect_surroundings.png"
        },
        "carton_195": {
            "ability": [
                [
                    "openable",
                    0
                ],
                [
                    "heatable",
                    0
                ],
                [
                    "freezable",
                    0
                ]
            ],
            "position_in_bot": {
                "rho": 1.2607351146537975,
                "theta_deg": 79.745760745053,
                "phi_deg": 75.84149377690667
            },
            "orientation_in_bot": [
                0.1054084417657686,
                0.7059225990438356,
                0.09851982780505159,
                0.6934379482642781
            ],
            "position_in_world": [
                -1.3517491817474365,
                -2.771965980529785,
                0.5017796754837036
            ],
            "bot_in_world": [
                -2.365649700164795,
                -3.490532875061035,
                0.28936415910720825
            ],
            "path": "./prompt_files/data/put_a_book_in_the_carton/subtask_7/seg_instance0_detect_surroundings.png"
        },
        "scene_graph": [],
        "inventory": []
    },
    "1_detect_surroundings": {
        "hardback_188": {
            "ability": [
                [
                    "heatable",
                    0
                ],
                [
                    "freezable",
                    0
                ]
            ],
            "position_in_bot": {
                "rho": 0.773459870353973,
                "theta_deg": 112.00385258635288,
                "phi_deg": 72.43610130293612
            },
            "orientation_in_bot": [
                -0.464266905143968,
                0.0077425435680438465,
                0.0014304250381885803,
                0.8856603455565508
            ],
            "position_in_world": [
                -1.807637095451355,
                -3.034050941467285,
                0.009210026822984219
            ],
            "bot_in_world": [
                -2.365649700164795,
                -3.490532875061035,
                0.28936415910720825
            ],
            "path": "./prompt_files/data/put_a_book_in_the_carton/subtask_7/seg_instance1_detect_surroundings.png"
        },
        "shelf_owvfik_1": {
            "ability": [
                [
                    "heatable",
                    0
                ],
                [
                    "freezable",
                    0
                ]
            ],
            "position_in_bot": {
                "rho": 2.2859161358130886,
                "theta_deg": 94.24453221029329,
                "phi_deg": 63.312647608848664
            },
            "orientation_in_bot": [
                0.4049460387136333,
                0.5868506865540771,
                0.39822099191225874,
                0.5771005276566307
            ],
            "position_in_world": [
                -0.8248105049133301,
                -1.810388207435608,
                0.12101665139198303
            ],
            "bot_in_world": [
                -2.365649700164795,
                -3.490532875061035,
                0.28936415910720825
            ],
            "path": "./prompt_files/data/put_a_book_in_the_carton/subtask_7/seg_instance1_detect_surroundings.png"
        },
        "carton_195": {
            "ability": [
                [
                    "openable",
                    0
                ],
                [
                    "heatable",
                    0
                ],
                [
                    "freezable",
                    0
                ]
            ],
            "position_in_bot": {
                "rho": 1.2607351146537975,
                "theta_deg": 79.745760745053,
                "phi_deg": 75.84149377690667
            },
            "orientation_in_bot": [
                0.1054084417657686,
                0.7059225990438356,
                0.09851982780505159,
                0.6934379482642781
            ],
            "position_in_world": [
                -1.3517491817474365,
                -2.771965980529785,
                0.5017796754837036
            ],
            "bot_in_world": [
                -2.365649700164795,
                -3.490532875061035,
                0.28936415910720825
            ],
            "path": "./prompt_files/data/put_a_book_in_the_carton/subtask_7/seg_instance1_detect_surroundings.png"
        },
        "scene_graph": [],
        "inventory": []
    },
    "2_detect_surroundings": {
        "hardback_188": {
            "ability": [
                [
                    "heatable",
                    0
                ],
                [
                    "freezable",
                    0
                ]
            ],
            "position_in_bot": {
                "rho": 0.773459870353973,
                "theta_deg": 112.00385258635288,
                "phi_deg": 72.43610130293612
            },
            "orientation_in_bot": [
                -0.464266905143968,
                0.0077425435680438465,
                0.0014304250381885803,
                0.8856603455565508
            ],
            "position_in_world": [
                -1.807637095451355,
                -3.034050941467285,
                0.009210026822984219
            ],
            "bot_in_world": [
                -2.365649700164795,
                -3.490532875061035,
                0.28936415910720825
            ],
            "path": "./prompt_files/data/put_a_book_in_the_carton/subtask_7/seg_instance2_detect_surroundings.png"
        },