{
    "task": "cook_a_frozen_pie",
    "0_detect_surroundings": {
        "cheese_tart_188": {
            "ability": [
                [
                    "heatable",
                    0
                ],
                [
                    "freezable",
                    1
                ],
                [
                    "burnable",
                    0
                ],
                [
                    "cookable",
                    1
                ]
            ],
            "position_in_bot": {
                "rho": 104.15948053154662,
                "theta_deg": -177.2106011618642,
                "phi_deg": 177.5013793887755
            },
            "orientation_in_bot": [
                0.003434580819397973,
                0.021529030883887124,
                0.20867978794530534,
                0.9777409936107302
            ],
            "position_in_world": [
                -6.846030235290527,
                -0.47835227847099304,
                -103.9086685180664
            ],
            "bot_in_world": [
                -6.845099925994873,
                -0.47638988494873047,
                0.2508107125759125
            ],
            "path": "./prompt_files/data/cook_a_frozen_pie/subtask_15/seg_instance0_detect_surroundings.png"
        },
        "oven_wuinhm_0": {
            "ability": [
                [
                    "openable",
                    1
                ],
                [
                    "togglable",
                    0
                ],
                [
                    "heatable",
                    0
                ],
                [
                    "freezable",
                    0
                ]
            ],
            "position_in_bot": {
                "rho": 1.7106237009294507,
                "theta_deg": 7.16734514540516,
                "phi_deg": 69.76473543284041
            },
            "orientation_in_bot": [
                0.01041538211099447,
                0.019160929463970116,
                0.5193084123656057,
                0.8543085809260451
            ],
            "position_in_world": [
                -5.947904109954834,
                -1.7742741107940674,
                0.911696195602417
            ],
            "bot_in_world": [
                -6.845099925994873,
                -0.47638988494873047,
                0.2508107125759125
            ],
            "path": "./prompt_files/data/cook_a_frozen_pie/subtask_15/seg_instance0_detect_surroundings.png"
        },
        "fridge_dszchb_0": {
            "ability": [
                [
                    "openable",
                    1
                ],
                [
                    "heatable",
                    0
                ],
                [
                    "freezable",
                    0
                ]
            ],
            "position_in_bot": {
                "rho": 1.4520037053145287,
                "theta_deg": -26.963158912515937,
                "phi_deg": 66.30589242141048
            },
            "orientation_in_bot": [
                0.01041538211099447,
                0.019160929463970116,
                0.5193084123656057,
                0.8543085809260451
            ],
            "position_in_world": [
                -6.848034381866455,
                -1.78300940990448,
                0.8840970396995544
            ],
            "bot_in_world": [
                -6.845099925994873,
                -0.47638988494873047,
                0.2508107125759125
            ],
            "path": "./prompt_files/data/cook_a_frozen_pie/subtask_15/seg_instance0_detect_surroundings.png"
        },
        "scene_graph": [],
        "inventory": [
            "cheese_tart_188"
        ]
    },
    "1_detect_surroundings": {
        "cheese_tart_188": {
            "ability": [
                [
                    "heatable",
                    0
                ],
                [
                    "freezable",
                    1
                ],
                [
                    "burnable",
                    0
                ],
                [
                    "cookable",
                    1
                ]
            ],
            "position_in_bot": {
                "rho": 104.15948053154662,
                "theta_deg": -177.2106011618642,
                "phi_deg": 177.5013793887755
            },
            "orientation_in_bot": [
                0.003434580819397973,
                0.021529030883887124,
                0.20867978794530534,
                0.9777409936107302
            ],
            "position_in_world": [
                -6.846030235290527,
                -0.47835227847099304,
                -103.9086685180664
            ],
            "bot_in_world": [
                -6.845099925994873,
                -0.47638988494873047,
                0.2508107125759125
            ],
            "path": "./prompt_files/data/cook_a_frozen_pie/subtask_15/seg_instance1_detect_surroundings.png"
        },
        "oven_wuinhm_0": {
            "ability": [
                [
                    "openable",
                    1
                ],
                [
                    "togglable",
                    0
                ],
                [
                    "heatable",
                    0
                ],
                [
                    "freezable",
                    0
                ]
            ],
            "position_in_bot": {
                "rho": 1.7106237009294507,
                "theta_deg": 7.16734514540516,
                "phi_deg": 69.76473543284041
            },
            "orientation_in_bot": [
                0.01041538211099447,
                0.019160929463970116,
                0.5193084123656057,
                0.8543085809260451
            ],
            "position_in_world": [
                -5.947904109954834,
                -1.7742741107940674,
                0.911696195602417
            ],
            "bot_in_world": [
                -6.845099925994873,
                -0.47638988494873047,
                0.2508107125759125
            ],
            "path": "./prompt_files/data/cook_a_frozen_pie/subtask_15/seg_instance1_detect_surroundings.png"
        },
        "fridge_dszchb_0": {
            "ability": [
                [
                    "openable",
                    1
                ],
                [
                    "heatable",
                    0
                ],
                [
                    "freezable",
                    0
                ]
            ],
            "position_in_bot": {
                "rho": 1.4520037053145287,
                "theta_deg": -26.963158912515937,
                "phi_deg": 66.30589242141048
            },
            "orientation_in_bot": [
                0.01041538211099447,
                0.019160929463970116,
                0.5193084123656057,
                0.8543085809260451
            ],
            "position_in_world": [
                -6.848034381866455,
                -1.78300940990448,
                0.8840970396995544
            ],
            "bot_in_world": [
                -6.845099925994873,
                -0.47638988494873047,
                0.2508107125759125
            ],
            "path": "./prompt_files/data/cook_a_frozen_pie/subtask_15/seg_instance1_detect_surroundings.png"
        },
        "scene_graph": [],
        "inventory": [
            "cheese_tart_188"
        ]
    },