{
    "task": "put_a_teaspoon_in_the_bowl",
    "0_detect_surroundings": {
        "bottom_cabinet_no_top_qudfwe_0": {
            "ability": [
                [
                    "openable",
                    0
                ],
                [
                    "heatable",
                    0
                ],
                [
                    "freezable",
                    0
                ]
            ],
            "position_in_bot": {
                "rho": 1.2992657842212756,
                "theta_deg": -75.74321234039343,
                "phi_deg": 70.97650661177146
            },
            "orientation_in_bot": [
                0.021930987094473622,
                -0.0024492709373814332,
                0.9927766253566734,
                -0.1179305092940437
            ],
            "position_in_world": [
                -0.4690432846546173,
                -0.6071784496307373,
                0.4398816227912903
            ],
            "bot_in_world": [
                -0.4785623848438263,
                0.6166861653327942,
                0.003812462091445923
            ],
            "path": "./prompt_files/data/put_a_teaspoon_in_the_bowl/subtask_6/seg_instance0_detect_surroundings.png"
        },
        "scene_graph": [],
        "inventory": []
    },
    "1_detect_surroundings": {
        "bottom_cabinet_no_top_qudfwe_0": {
            "ability": [
                [
                    "openable",
                    0
                ],
                [
                    "heatable",
                    0
                ],
                [
                    "freezable",
                    0
                ]
            ],
            "position_in_bot": {
                "rho": 1.2992657842212756,
                "theta_deg": -75.74321234039343,
                "phi_deg": 70.97650661177146
            },
            "orientation_in_bot": [
                0.021930987094473622,
                -0.0024492709373814332,
                0.9927766253566734,
                -0.1179305092940437
            ],
            "position_in_world": [
                -0.4690432846546173,
                -0.6071784496307373,
                0.4398816227912903
            ],
            "bot_in_world": [
                -0.4785623848438263,
                0.6166861653327942,
                0.003812462091445923
            ],
            "path": "./prompt_files/data/put_a_teaspoon_in_the_bowl/subtask_6/seg_instance1_detect_surroundings.png"
        },
        "scene_graph": [],
        "inventory": []
    },
    "2_detect_surroundings": {
        "bottom_cabinet_no_top_qudfwe_0": {
            "ability": [
                [
                    "openable",
                    0
                ],
                [
                    "heatable",
                    0
                ],
                [
                    "freezable",
                    0
                ]
            ],
            "position_in_bot": {
                "rho": 1.2992657842212756,
                "theta_deg": -75.74321234039343,
                "phi_deg": 70.97650661177146
            },
            "orientation_in_bot": [
                0.021930987094473622,
                -0.0024492709373814332,
                0.9927766253566734,
                -0.1179305092940437
            ],
            "position_in_world": [
                -0.4690432846546173,
                -0.6071784496307373,
                0.4398816227912903
            ],
            "bot_in_world": [
                -0.4785623848438263,
                0.6166861653327942,
                0.003812462091445923
            ],
            "path": "./prompt_files/data/put_a_teaspoon_in_the_bowl/subtask_6/seg_instance2_detect_surroundings.png"
        },
        "scene_graph": [],
        "inventory": []
    },
    "3_detect_surroundings": {
        "bottom_cabinet_no_top_qudfwe_0": {
            "ability": [
                [
                    "openable",
                    0
                ],
                [
                    "heatable",
                    0
                ],
                [
                    "freezable",
                    0
                ]
            ],
            "position_in_bot": {
                "rho": 1.2992657842212756,
                "theta_deg": -75.74321234039343,
                "phi_deg": 70.97650661177146
            },
            "orientation_in_bot": [
                0.021930987094473622,
                -0.0024492709373814332,
                0.9927766253566734,
                -0.1179305092940437
            ],
            "position_in_world": [
                -0.4690432846546173,
                -0.6071784496307373,
                0.4398816227912903
            ],
            "bot_in_world": [
                -0.4785623848438263,
                0.6166861653327942,
                0.003812462091445923
            ],
            "path": "./prompt_files/data/put_a_teaspoon_in_the_bowl/subtask_6/seg_instance3_detect_surroundings.png"
        },
        "scene_graph": [],
        "inventory": []
    },
    "4_detect_surroundings": {
        "bottom_cabinet_no_top_qudfwe_0": {
            "ability": [
                [
                    "openable",
                    0
                ],
                [
                    "heatable",
                    0
                ],
                [
                    "freezable",
                    0
                ]
            ],
            "position_in_bot": {
                "rho": 1.2992657842212756,
                "theta_deg": -75.74321234039343,
                "phi_deg": 70.97650661177146
            },
            "orientation_in_bot": [
                0.021930987094473622,
                -0.0024492709373814332,
                0.9927766253566734,
                -0.1179305092940437
            ],
            "position_in_world": [
                -0.4690432846546173,
                -0.6071784496307373,
                0.4398816227912903
            ],
            "bot_in_world": [
                -0.4785623848438263,
                0.6166861653327942,
                0.003812462091445923
            ],
            "path": "./prompt_files/data/put_a_teaspoon_in_the_bowl/subtask_6/seg_instance4_detect_surroundings.png"
        },
        "scene_graph": [],
        "inventory": []
    },
    "5_detect_surroundings": {
        "bottom_cabinet_no_top_qudfwe_0": {
            "ability": [
                [
                    "openable",
                    0
                ],
                [
                    "heatable",
                    0
                ],
                [
                    "freezable",
                    0
                ]
            ],
            "position_in_bot": {
                "rho": 1.2992657842212756,
                "theta_deg": -75.74321234039343,
                "phi_deg": 70.97650661177146
            },
            "orientation_in_bot": [
                0.021930987094473622,
                -0.0024492709373814332,
                0.9927766253566734,
                -0.1179305092940437
            ],
            "position_in_world": [
                -0.4690432846546173,
                -0.6071784496307373,
                0.4398816227912903
            ],
            "bot_in_world": [
                -0.4785623848438263,
                0.6166861653327942,
                0.003812462091445923
            ],
            "path": "./prompt_files/data/put_a_teaspoon_in_the_bowl/subtask_6/seg_instance5_detect_surroundings.png"
        },
        "scene_graph": [],
        "inventory": []
    },