{
    "task": "cook_a_frozen_pie",
    "0_detect_surroundings": {
        "cheese_tart_188": {
            "ability": [
                [
                    "heatable",
                    0
                ],
                [
                    "freezable",
                    1
                ],
                [
                    "burnable",
                    0
                ],
                [
                    "cookable",
                    0
                ]
            ],
            "position_in_bot": {
                "rho": 104.15966556182924,
                "theta_deg": -178.13027688964354,
                "phi_deg": 177.49280984771582
            },
            "orientation_in_bot": [
                0.0032387229591008594,
                0.02506590837061136,
                0.17069750368412964,
                0.9849992757089504
            ],
            "position_in_world": [
                -6.846762180328369,
                -0.48021548986434937,
                -103.90914916992188
            ],
            "bot_in_world": [
                -6.845444202423096,
                -0.4779820442199707,
                0.2505137622356415
            ],
            "path": "./prompt_files/data/cook_a_frozen_pie/subtask_5/seg_instance0_detect_surroundings.png"
        },
        "oven_wuinhm_0": {
            "ability": [
                [
                    "openable",
                    1
                ],
                [
                    "togglable",
                    0
                ],
                [
                    "heatable",
                    0
                ],
                [
                    "freezable",
                    0
                ]
            ],
            "position_in_bot": {
                "rho": 1.7097115217889645,
                "theta_deg": 7.436678271017138,
                "phi_deg": 69.74509756270125
            },
            "orientation_in_bot": [
                0.010801460838686515,
                0.01903245818107759,
                0.52114921806959,
                0.8531849661619636
            ],
            "position_in_world": [
                -5.947904109954834,
                -1.7742741107940674,
                0.911696195602417
            ],
            "bot_in_world": [
                -6.845444202423096,
                -0.4779820442199707,
                0.2505137622356415
            ],
            "path": "./prompt_files/data/cook_a_frozen_pie/subtask_5/seg_instance0_detect_surroundings.png"
        },
        "fridge_dszchb_0": {
            "ability": [
                [
                    "openable",
                    1
                ],
                [
                    "heatable",
                    0
                ],
                [
                    "freezable",
                    0
                ]
            ],
            "position_in_bot": {
                "rho": 1.4507001215275128,
                "theta_deg": -26.7192002633695,
                "phi_deg": 66.30069478281392
            },
            "orientation_in_bot": [
                0.010801460838686515,
                0.01903245818107759,
                0.52114921806959,
                0.8531849661619636
            ],
            "position_in_world": [
                -6.848034381866455,
                -1.78300940990448,
                0.8840970396995544
            ],
            "bot_in_world": [
                -6.845444202423096,
                -0.4779820442199707,
                0.2505137622356415
            ],
            "path": "./prompt_files/data/cook_a_frozen_pie/subtask_5/seg_instance0_detect_surroundings.png"
        },
        "scene_graph": [],
        "inventory": [
            "cheese_tart_188"
        ]
    },
    "1_detect_surroundings": {
        "cheese_tart_188": {
            "ability": [
                [
                    "heatable",
                    0
                ],
                [
                    "freezable",
                    1
                ],
                [
                    "burnable",
                    0
                ],
                [
                    "cookable",
                    0
                ]
            ],
            "position_in_bot": {
                "rho": 104.15966556182924,
                "theta_deg": -178.13027688964354,
                "phi_deg": 177.49280984771582
            },
            "orientation_in_bot": [
                0.0032387229591008594,
                0.02506590837061136,
                0.17069750368412964,
                0.9849992757089504
            ],
            "position_in_world": [
                -6.846762180328369,
                -0.48021548986434937,
                -103.90914916992188
            ],
            "bot_in_world": [
                -6.845444202423096,
                -0.4779820442199707,
                0.2505137622356415
            ],
            "path": "./prompt_files/data/cook_a_frozen_pie/subtask_5/seg_instance1_detect_surroundings.png"
        },
        "oven_wuinhm_0": {
            "ability": [
                [
                    "openable",
                    1
                ],
                [
                    "togglable",
                    0
                ],
                [
                    "heatable",
                    0
                ],
                [
                    "freezable",
                    0
                ]
            ],
            "position_in_bot": {
                "rho": 1.7097115217889645,
                "theta_deg": 7.436678271017138,
                "phi_deg": 69.74509756270125
            },
            "orientation_in_bot": [
                0.010801460838686515,
                0.01903245818107759,
                0.52114921806959,
                0.8531849661619636
            ],
            "position_in_world": [
                -5.947904109954834,
                -1.7742741107940674,
                0.911696195602417
            ],
            "bot_in_world": [
                -6.845444202423096,
                -0.4779820442199707,
                0.2505137622356415
            ],
            "path": "./prompt_files/data/cook_a_frozen_pie/subtask_5/seg_instance1_detect_surroundings.png"
        },
        "fridge_dszchb_0": {
            "ability": [
                [
                    "openable",
                    1
                ],
                [
                    "heatable",
                    0
                ],
                [
                    "freezable",
                    0
                ]
            ],
            "position_in_bot": {
                "rho": 1.4507001215275128,
                "theta_deg": -26.7192002633695,
                "phi_deg": 66.30069478281392
            },
            "orientation_in_bot": [
                0.010801460838686515,
                0.01903245818107759,
                0.52114921806959,
                0.8531849661619636
            ],
            "position_in_world": [
                -6.848034381866455,
                -1.78300940990448,
                0.8840970396995544
            ],
            "bot_in_world": [
                -6.845444202423096,
                -0.4779820442199707,
                0.2505137622356415
            ],
            "path": "./prompt_files/data/cook_a_frozen_pie/subtask_5/seg_instance1_detect_surroundings.png"
        },
        "scene_graph": [],
        "inventory": [
            "cheese_tart_188"
        ]
    },