{
    "task": "buy_a_good_avocado",
    "0_detect_surroundings": {
        "money_143": {
            "ability": [
                [
                    "heatable",
                    0
                ],
                [
                    "freezable",
                    0
                ]
            ],
            "position_in_bot": {
                "rho": 146.2905552065719,
                "theta_deg": -153.02154270761972,
                "phi_deg": 94.7335625954224
            },
            "orientation_in_bot": [
                -0.00032200534860158574,
                0.31577852856901956,
                0.7361475836638383,
                -0.5986405868910263
            ],
            "position_in_world": [
                0.8206932544708252,
                2.023010492324829,
                -146.25338745117188
            ],
            "bot_in_world": [
                0.6347125768661499,
                4.984025478363037,
                0.007076002657413483
            ],
            "path": "./prompt_files/data/buy_a_good_avocado/subtask_7/seg_instance0_detect_surroundings.png"
        },
        "checkout_counter_sckdal_0": {
            "ability": [
                [
                    "heatable",
                    0
                ],
                [
                    "freezable",
                    0
                ]
            ],
            "position_in_bot": {
                "rho": 2.9651841768885197,
                "theta_deg": -54.028977790840095,
                "phi_deg": 33.2591845378375
            },
            "orientation_in_bot": [
                0.7118966222922589,
                -0.20676312859062493,
                -0.49477466257202624,
                0.4534867595652901
            ],
            "position_in_world": [
                0.7368888761418364,
                2.0660888102035844,
                0.5243021984952884
            ],
            "bot_in_world": [
                0.6347125768661499,
                4.984025478363037,
                0.007076002657413483
            ],
            "path": "./prompt_files/data/buy_a_good_avocado/subtask_7/seg_instance0_detect_surroundings.png"
        },
        "shopping_cart_kmgltg_1": {
            "ability": [
                [
                    "heatable",
                    0
                ],
                [
                    "freezable",
                    0
                ]
            ],
            "position_in_bot": {
                "rho": 6.204419334342368,
                "theta_deg": -62.652890004975646,
                "phi_deg": 57.544865459002104
            },
            "orientation_in_bot": [
                -0.45425775098341287,
                0.4938524673157821,
                -0.2057680686602509,
                0.7123335862623889
            ],
            "position_in_world": [
                3.3912339210510254,
                -0.5582255125045776,
                0.4311773478984833
            ],
            "bot_in_world": [
                0.6347125768661499,
                4.984025478363037,
                0.007076002657413483
            ],
            "path": "./prompt_files/data/buy_a_good_avocado/subtask_7/seg_instance0_detect_surroundings.png"
        },
        "avocado_142": {
            "ability": [
                [
                    "heatable",
                    0
                ],
                [
                    "freezable",
                    0
                ],
                [
                    "burnable",
                    0
                ],
                [
                    "cookable",
                    0
                ]
            ],
            "position_in_bot": {
                "rho": 1.2730622601097292,
                "theta_deg": 106.28567308002627,
                "phi_deg": 137.54257137702805
            },
            "orientation_in_bot": [
                0.39889505070957404,
                0.7027603757013474,
                0.39498203946191485,
                -0.4370352175351704
            ],
            "position_in_world": [
                0.4048318564891815,
                6.234916687011719,
                0.06287450343370438
            ],
            "bot_in_world": [
                0.6347125768661499,
                4.984025478363037,
                0.007076002657413483
            ],
            "path": "./prompt_files/data/buy_a_good_avocado/subtask_7/seg_instance0_detect_surroundings.png"
        },
        "scene_graph": [],
        "inventory": [
            "avocado_142"
        ]
    },
    "1_detect_surroundings": {
        "money_143": {
            "ability": [
                [
                    "heatable",
                    0
                ],
                [
                    "freezable",
                    0
                ]
            ],
            "position_in_bot": {
                "rho": 146.2905552065719,
                "theta_deg": -153.02154270761972,
                "phi_deg": 94.7335625954224
            },
            "orientation_in_bot": [
                -0.00032200534860158574,
                0.31577852856901956,
                0.7361475836638383,
                -0.5986405868910263
            ],
            "position_in_world": [
                0.8206932544708252,
                2.023010492324829,
                -146.25338745117188
            ],
            "bot_in_world": [
                0.6347125768661499,
                4.984025478363037,
                0.007076002657413483
            ],
            "path": "./prompt_files/data/buy_a_good_avocado/subtask_7/seg_instance1_detect_surroundings.png"
        },
        "checkout_counter_sckdal_0": {
            "ability": [
                [
                    "heatable",
                    0
                ],
                [
                    "freezable",
                    0
                ]
            ],
            "position_in_bot": {
                "rho": 2.9651841768885197,
                "theta_deg": -54.028977790840095,
                "phi_deg": 33.2591845378375
            },
            "orientation_in_bot": [
                0.7118966222922589,
                -0.20676312859062493,
                -0.49477466257202624,
                0.4534867595652901
            ],
            "position_in_world": [
                0.7368888761418364,
                2.0660888102035844,
                0.5243021984952884
            ],
            "bot_in_world": [
                0.6347125768661499,
                4.984025478363037,
                0.007076002657413483
            ],
            "path": "./prompt_files/data/buy_a_good_avocado/subtask_7/seg_instance1_detect_surroundings.png"
        },
        "shopping_cart_kmgltg_1": {
            "ability": [
                [
                    "heatable",
                    0
                ],
                [
                    "freezable",
                    0
                ]
            ],
            "position_in_bot": {
                "rho": 6.204419334342368,
                "theta_deg": -62.652890004975646,
                "phi_deg": 57.544865459002104
            },
            "orientation_in_bot": [
                -0.45425775098341287,
                0.4938524673157821,
                -0.2057680686602509,
                0.7123335862623889
            ],
            "position_in_world": [
                3.3912339210510254,
                -0.5582255125045776,
                0.4311773478984833
            ],
            "bot_in_world": [
                0.6347125768661499,
                4.984025478363037,
                0.007076002657413483
            ],
            "path": "./prompt_files/data/buy_a_good_avocado/subtask_7/seg_instance1_detect_surroundings.png"
        },