{
    "task": "Put_the_chopping_board_on_the_sink_and_put_it_in_the_sink",
    "0_detect_surroundings": {
        "chopping_board_85": {
            "ability": [
                [
                    "heatable",
                    0
                ],
                [
                    "freezable",
                    0
                ]
            ],
            "position_in_bot": {
                "rho": 0.36839920674540805,
                "theta_deg": 7.413647070857197,
                "phi_deg": 5.557470151700335
            },
            "orientation_in_bot": [
                0.0045019875053199454,
                0.009919518790290098,
                -0.4128264553801585,
                0.9107445596838474
            ],
            "position_in_world": [
                0.12987442314624786,
                -3.590987205505371,
                0.3716683089733124
            ],
            "bot_in_world": [
                0.11018245667219162,
                -3.5905797481536865,
                0.003795996308326721
            ],
            "path": "./prompt_files/data/Put_the_chopping_board_on_the_sink_and_put_it_in_the_sink/subtask_3/seg_instance0_detect_surroundings.png"
        },
        "sink_czyfhq_0": {
            "ability": [
                [
                    "togglable",
                    0
                ],
                [
                    "heatable",
                    0
                ],
                [
                    "freezable",
                    0
                ]
            ],
            "position_in_bot": {
                "rho": 3.886676643976485,
                "theta_deg": 89.88920795860771,
                "phi_deg": 84.1737793394142
            },
            "orientation_in_bot": [
                -0.013577211491753557,
                0.01739613859379565,
                -0.6119963942234532,
                0.7905526213653493
            ],
            "position_in_world": [
                1.0693252086639404,
                0.15510401129722595,
                0.39895814657211304
            ],
            "bot_in_world": [
                0.11018245667219162,
                -3.5905797481536865,
                0.003795996308326721
            ],
            "path": "./prompt_files/data/Put_the_chopping_board_on_the_sink_and_put_it_in_the_sink/subtask_3/seg_instance0_detect_surroundings.png"
        },
        "countertop_tpuwys_2": {
            "ability": [
                [
                    "heatable",
                    0
                ],
                [
                    "freezable",
                    0
                ]
            ],
            "position_in_bot": {
                "rho": 3.1631362162835552,
                "theta_deg": 101.99502681508896,
                "phi_deg": 73.19432996127159
            },
            "orientation_in_bot": [
                0.0027003775314600894,
                0.021901446018233173,
                0.12625819764581092,
                0.9917519357937897
            ],
            "position_in_world": [
                0.20455229970466282,
                -0.5556479370210349,
                0.8902008019217902
            ],
            "bot_in_world": [
                0.11018245667219162,
                -3.5905797481536865,
                0.003795996308326721
            ],
            "path": "./prompt_files/data/Put_the_chopping_board_on_the_sink_and_put_it_in_the_sink/subtask_3/seg_instance0_detect_surroundings.png"
        },
        "breakfast_table_idnnmz_0": {
            "ability": [
                [
                    "heatable",
                    0
                ],
                [
                    "freezable",
                    0
                ]
            ],
            "position_in_bot": {
                "rho": 1.3950727509407086,
                "theta_deg": 103.27817766932725,
                "phi_deg": 62.53376807800793
            },
            "orientation_in_bot": [
                0.002700268737344859,
                0.02190124802452615,
                0.12625984379141197,
                0.9917517308931115
            ],
            "position_in_world": [
                0.10955171287059784,
                -2.346104145050049,
                0.6342783570289612
            ],
            "bot_in_world": [
                0.11018245667219162,
                -3.5905797481536865,
                0.003795996308326721
            ],
            "path": "./prompt_files/data/Put_the_chopping_board_on_the_sink_and_put_it_in_the_sink/subtask_3/seg_instance0_detect_surroundings.png"
        },
        "scene_graph": [],
        "inventory": [
            "chopping_board_85"
        ]
    },
    "1_detect_surroundings": {
        "chopping_board_85": {
            "ability": [
                [
                    "heatable",
                    0
                ],
                [
                    "freezable",
                    0
                ]
            ],
            "position_in_bot": {
                "rho": 0.36839920674540805,
                "theta_deg": 7.413647070857197,
                "phi_deg": 5.557470151700335
            },
            "orientation_in_bot": [
                0.0045019875053199454,
                0.009919518790290098,
                -0.4128264553801585,
                0.9107445596838474
            ],
            "position_in_world": [
                0.12987442314624786,
                -3.590987205505371,
                0.3716683089733124
            ],
            "bot_in_world": [
                0.11018245667219162,
                -3.5905797481536865,
                0.003795996308326721
            ],
            "path": "./prompt_files/data/Put_the_chopping_board_on_the_sink_and_put_it_in_the_sink/subtask_3/seg_instance1_detect_surroundings.png"
        },
        "sink_czyfhq_0": {
            "ability": [
                [
                    "togglable",
                    0
                ],
                [
                    "heatable",
                    0
                ],
                [
                    "freezable",
                    0
                ]
            ],
            "position_in_bot": {
                "rho": 3.886676643976485,
                "theta_deg": 89.88920795860771,
                "phi_deg": 84.1737793394142
            },
            "orientation_in_bot": [
                -0.013577211491753557,
                0.01739613859379565,
                -0.6119963942234532,
                0.7905526213653493
            ],
            "position_in_world": [
                1.0693252086639404,
                0.15510401129722595,
                0.39895814657211304
            ],
            "bot_in_world": [
                0.11018245667219162,
                -3.5905797481536865,
                0.003795996308326721
            ],
            "path": "./prompt_files/data/Put_the_chopping_board_on_the_sink_and_put_it_in_the_sink/subtask_3/seg_instance1_detect_surroundings.png"
        },
        "countertop_tpuwys_2": {
            "ability": [
                [
                    "heatable",
                    0
                ],
                [
                    "freezable",
                    0
                ]
            ],
            "position_in_bot": {
                "rho": 3.1631362162835552,
                "theta_deg": 101.99502681508896,
                "phi_deg": 73.19432996127159
            },
            "orientation_in_bot": [
                0.0027003775314600894,
                0.021901446018233173,
                0.12625819764581092,
                0.9917519357937897
            ],
            "position_in_world": [
                0.20455229970466282,
                -0.5556479370210349,
                0.8902008019217902
            ],