{
    "task": "put_a_book_in_the_carton",
    "0_detect_surroundings": {
        "hardback_188": {
            "ability": [
                [
                    "heatable",
                    0
                ],
                [
                    "freezable",
                    0
                ]
            ],
            "position_in_bot": {
                "rho": 1.0745545468843434,
                "theta_deg": 92.86634050555503,
                "phi_deg": 84.92023189842482
            },
            "orientation_in_bot": [
                0.00014886014941744536,
                0.03421990204521799,
                0.02668227562135654,
                0.9990580725425011
            ],
            "position_in_world": [
                -2.2114784717559814,
                -2.091298818588257,
                0.09768786281347275
            ],
            "bot_in_world": [
                -3.079808235168457,
                -2.717432975769043,
                0.004806295037269592
            ],
            "path": "./prompt_files/data/put_a_book_in_the_carton/subtask_2/seg_instance0_detect_surroundings.png"
        },
        "shelf_owvfik_1": {
            "ability": [
                [
                    "heatable",
                    0
                ],
                [
                    "freezable",
                    0
                ]
            ],
            "position_in_bot": {
                "rho": 2.433361332527139,
                "theta_deg": 79.0975790043836,
                "phi_deg": 87.74977456016191
            },
            "orientation_in_bot": [
                0.010512178410452145,
                0.019438276407828928,
                0.4792942606324947,
                0.8773760079008942
            ],
            "position_in_world": [
                -0.8248109817504883,
                -1.810388207435608,
                0.12101668119430542
            ],
            "bot_in_world": [
                -3.079808235168457,
                -2.717432975769043,
                0.004806295037269592
            ],
            "path": "./prompt_files/data/put_a_book_in_the_carton/subtask_2/seg_instance0_detect_surroundings.png"
        },
        "carton_195": {
            "ability": [
                [
                    "openable",
                    0
                ],
                [
                    "heatable",
                    0
                ],
                [
                    "freezable",
                    0
                ]
            ],
            "position_in_bot": {
                "rho": 1.7994129774182066,
                "theta_deg": 54.918297394273836,
                "phi_deg": 75.42145648932636
            },
            "orientation_in_bot": [
                0.004512745676025219,
                0.02224140862908277,
                0.04099618872234123,
                0.9989015303716877
            ],
            "position_in_world": [
                -1.3512465953826904,
                -2.7719979286193848,
                0.5017816424369812
            ],
            "bot_in_world": [
                -3.079808235168457,
                -2.717432975769043,
                0.004806295037269592
            ],
            "path": "./prompt_files/data/put_a_book_in_the_carton/subtask_2/seg_instance0_detect_surroundings.png"
        },
        "scene_graph": [],
        "inventory": []
    },
    "1_detect_surroundings": {
        "hardback_188": {
            "ability": [
                [
                    "heatable",
                    0
                ],
                [
                    "freezable",
                    0
                ]
            ],
            "position_in_bot": {
                "rho": 1.0745545468843434,
                "theta_deg": 92.86634050555503,
                "phi_deg": 84.92023189842482
            },
            "orientation_in_bot": [
                0.00014886014941744536,
                0.03421990204521799,
                0.02668227562135654,
                0.9990580725425011
            ],
            "position_in_world": [
                -2.2114784717559814,
                -2.091298818588257,
                0.09768786281347275
            ],
            "bot_in_world": [
                -3.079808235168457,
                -2.717432975769043,
                0.004806295037269592
            ],
            "path": "./prompt_files/data/put_a_book_in_the_carton/subtask_2/seg_instance1_detect_surroundings.png"
        },
        "shelf_owvfik_1": {
            "ability": [
                [
                    "heatable",
                    0
                ],
                [
                    "freezable",
                    0
                ]
            ],
            "position_in_bot": {
                "rho": 2.433361332527139,
                "theta_deg": 79.0975790043836,
                "phi_deg": 87.74977456016191
            },
            "orientation_in_bot": [
                0.010512178410452145,
                0.019438276407828928,
                0.4792942606324947,
                0.8773760079008942
            ],
            "position_in_world": [
                -0.8248109817504883,
                -1.810388207435608,
                0.12101668119430542
            ],
            "bot_in_world": [
                -3.079808235168457,
                -2.717432975769043,
                0.004806295037269592
            ],
            "path": "./prompt_files/data/put_a_book_in_the_carton/subtask_2/seg_instance1_detect_surroundings.png"
        },
        "carton_195": {
            "ability": [
                [
                    "openable",
                    0
                ],
                [
                    "heatable",
                    0
                ],
                [
                    "freezable",
                    0
                ]
            ],
            "position_in_bot": {
                "rho": 1.7994129774182066,
                "theta_deg": 54.918297394273836,
                "phi_deg": 75.42145648932636
            },
            "orientation_in_bot": [
                0.004512745676025219,
                0.02224140862908277,
                0.04099618872234123,
                0.9989015303716877
            ],
            "position_in_world": [
                -1.3512465953826904,
                -2.7719979286193848,
                0.5017816424369812
            ],
            "bot_in_world": [
                -3.079808235168457,
                -2.717432975769043,
                0.004806295037269592
            ],
            "path": "./prompt_files/data/put_a_book_in_the_carton/subtask_2/seg_instance1_detect_surroundings.png"
        },
        "scene_graph": [],
        "inventory": []
    },
    "2_detect_surroundings": {
        "hardback_188": {
            "ability": [
                [
                    "heatable",
                    0
                ],
                [
                    "freezable",
                    0
                ]
            ],
            "position_in_bot": {
                "rho": 1.0745545468843434,
                "theta_deg": 92.86634050555503,
                "phi_deg": 84.92023189842482
            },
            "orientation_in_bot": [
                0.00014886014941744536,
                0.03421990204521799,
                0.02668227562135654,
                0.9990580725425011
            ],
            "position_in_world": [
                -2.2114784717559814,
                -2.091298818588257,
                0.09768786281347275
            ],
            "bot_in_world": [
                -3.079808235168457,
                -2.717432975769043,
                0.004806295037269592
            ],
            "path": "./prompt_files/data/put_a_book_in_the_carton/subtask_2/seg_instance2_detect_surroundings.png"
        },