{
    "task": "put_a_teaspoon_in_the_bowl",
    "0_detect_surroundings": {
        "bottom_cabinet_no_top_qudfwe_0": {
            "ability": [
                [
                    "openable",
                    1
                ],
                [
                    "heatable",
                    0
                ],
                [
                    "freezable",
                    0
                ]
            ],
            "position_in_bot": {
                "rho": 1.5139010249139495,
                "theta_deg": -32.342448036246054,
                "phi_deg": 75.38910139446163
            },
            "orientation_in_bot": [
                0.021924389914367057,
                -0.002713584614608138,
                0.9918137155734756,
                -0.1257676873674586
            ],
            "position_in_world": [
                -0.4690432846546173,
                -0.6071784496307373,
                0.4398816227912903
            ],
            "bot_in_world": [
                -1.465501070022583,
                0.44581764936447144,
                0.00379982590675354
            ],
            "path": "./prompt_files/data/put_a_teaspoon_in_the_bowl/subtask_8/seg_instance0_detect_surroundings.png"
        },
        "scene_graph": [],
        "inventory": []
    },
    "1_detect_surroundings": {
        "bottom_cabinet_no_top_qudfwe_0": {
            "ability": [
                [
                    "openable",
                    1
                ],
                [
                    "heatable",
                    0
                ],
                [
                    "freezable",
                    0
                ]
            ],
            "position_in_bot": {
                "rho": 1.5139010249139495,
                "theta_deg": -32.342448036246054,
                "phi_deg": 75.38910139446163
            },
            "orientation_in_bot": [
                0.021924389914367057,
                -0.002713584614608138,
                0.9918137155734756,
                -0.1257676873674586
            ],
            "position_in_world": [
                -0.4690432846546173,
                -0.6071784496307373,
                0.4398816227912903
            ],
            "bot_in_world": [
                -1.465501070022583,
                0.44581764936447144,
                0.00379982590675354
            ],
            "path": "./prompt_files/data/put_a_teaspoon_in_the_bowl/subtask_8/seg_instance1_detect_surroundings.png"
        },
        "scene_graph": [],
        "inventory": []
    },
    "2_detect_surroundings": {
        "bottom_cabinet_no_top_qudfwe_0": {
            "ability": [
                [
                    "openable",
                    1
                ],
                [
                    "heatable",
                    0
                ],
                [
                    "freezable",
                    0
                ]
            ],
            "position_in_bot": {
                "rho": 1.5139010249139495,
                "theta_deg": -32.342448036246054,
                "phi_deg": 75.38910139446163
            },
            "orientation_in_bot": [
                0.021924389914367057,
                -0.002713584614608138,
                0.9918137155734756,
                -0.1257676873674586
            ],
            "position_in_world": [
                -0.4690432846546173,
                -0.6071784496307373,
                0.4398816227912903
            ],
            "bot_in_world": [
                -1.465501070022583,
                0.44581764936447144,
                0.00379982590675354
            ],
            "path": "./prompt_files/data/put_a_teaspoon_in_the_bowl/subtask_8/seg_instance2_detect_surroundings.png"
        },
        "scene_graph": [],
        "inventory": []
    },
    "3_detect_surroundings": {
        "bottom_cabinet_no_top_qudfwe_0": {
            "ability": [
                [
                    "openable",
                    1
                ],
                [
                    "heatable",
                    0
                ],
                [
                    "freezable",
                    0
                ]
            ],
            "position_in_bot": {
                "rho": 1.5139010249139495,
                "theta_deg": -32.342448036246054,
                "phi_deg": 75.38910139446163
            },
            "orientation_in_bot": [
                0.021924389914367057,
                -0.002713584614608138,
                0.9918137155734756,
                -0.1257676873674586
            ],
            "position_in_world": [
                -0.4690432846546173,
                -0.6071784496307373,
                0.4398816227912903
            ],
            "bot_in_world": [
                -1.465501070022583,
                0.44581764936447144,
                0.00379982590675354
            ],
            "path": "./prompt_files/data/put_a_teaspoon_in_the_bowl/subtask_8/seg_instance3_detect_surroundings.png"
        },
        "scene_graph": [],
        "inventory": []
    },
    "4_detect_surroundings": {
        "bottom_cabinet_no_top_qudfwe_0": {
            "ability": [
                [
                    "openable",
                    1
                ],
                [
                    "heatable",
                    0
                ],
                [
                    "freezable",
                    0
                ]
            ],
            "position_in_bot": {
                "rho": 1.5139010249139495,
                "theta_deg": -32.342448036246054,
                "phi_deg": 75.38910139446163
            },
            "orientation_in_bot": [
                0.021924389914367057,
                -0.002713584614608138,
                0.9918137155734756,
                -0.1257676873674586
            ],
            "position_in_world": [
                -0.4690432846546173,
                -0.6071784496307373,
                0.4398816227912903
            ],
            "bot_in_world": [
                -1.465501070022583,
                0.44581764936447144,
                0.00379982590675354
            ],
            "path": "./prompt_files/data/put_a_teaspoon_in_the_bowl/subtask_8/seg_instance4_detect_surroundings.png"
        },
        "scene_graph": [],
        "inventory": []
    },
    "5_detect_surroundings": {
        "bottom_cabinet_no_top_qudfwe_0": {
            "ability": [
                [
                    "openable",
                    1
                ],
                [
                    "heatable",
                    0
                ],
                [
                    "freezable",
                    0
                ]
            ],
            "position_in_bot": {
                "rho": 1.5139010249139495,
                "theta_deg": -32.342448036246054,
                "phi_deg": 75.38910139446163
            },
            "orientation_in_bot": [
                0.021924389914367057,
                -0.002713584614608138,
                0.9918137155734756,
                -0.1257676873674586
            ],
            "position_in_world": [
                -0.4690432846546173,
                -0.6071784496307373,
                0.4398816227912903
            ],
            "bot_in_world": [
                -1.465501070022583,
                0.44581764936447144,
                0.00379982590675354
            ],
            "path": "./prompt_files/data/put_a_teaspoon_in_the_bowl/subtask_8/seg_instance5_detect_surroundings.png"
        },
        "scene_graph": [],
        "inventory": []
    },