{
    "task": "turn_on_a_radio",
    "0_detect_surroundings": {
        "radio_34": {
            "ability": [
                [
                    "togglable",
                    0
                ],
                [
                    "heatable",
                    0
                ],
                [
                    "freezable",
                    0
                ]
            ],
            "position_in_bot": {
                "rho": 1.7417164235707006,
                "theta_deg": -16.94810134830882,
                "phi_deg": 88.69637555969969
            },
            "orientation_in_bot": [
                0.008975860507947795,
                0.02183972202051381,
                -0.3792686489641752,
                0.9249852714411715
            ],
            "position_in_world": [
                0.7509335875511169,
                5.334003448486328,
                0.11117034405469894
            ],
            "bot_in_world": [
                -0.4656517207622528,
                6.5753068923950195,
                -0.0013555288314819336
            ],
            "path": "./prompt_files/data/turn_on_a_radio/subtask_1/seg_instance0_detect_surroundings.png"
        },
        "scene_graph": [],
        "inventory": []
    },
    "1_detect_surroundings": {
        "radio_34": {
            "ability": [
                [
                    "togglable",
                    0
                ],
                [
                    "heatable",
                    0
                ],
                [
                    "freezable",
                    0
                ]
            ],
            "position_in_bot": {
                "rho": 1.7417164235707006,
                "theta_deg": -16.94810134830882,
                "phi_deg": 88.69637555969969
            },
            "orientation_in_bot": [
                0.008975860507947795,
                0.02183972202051381,
                -0.3792686489641752,
                0.9249852714411715
            ],
            "position_in_world": [
                0.7509335875511169,
                5.334003448486328,
                0.11117034405469894
            ],
            "bot_in_world": [
                -0.4656517207622528,
                6.5753068923950195,
                -0.0013555288314819336
            ],
            "path": "./prompt_files/data/turn_on_a_radio/subtask_1/seg_instance1_detect_surroundings.png"
        },
        "scene_graph": [],
        "inventory": []
    },
    "2_detect_surroundings": {
        "radio_34": {
            "ability": [
                [
                    "togglable",
                    0
                ],
                [
                    "heatable",
                    0
                ],
                [
                    "freezable",
                    0
                ]
            ],
            "position_in_bot": {
                "rho": 1.7417164235707006,
                "theta_deg": -16.94810134830882,
                "phi_deg": 88.69637555969969
            },
            "orientation_in_bot": [
                0.008975860507947795,
                0.02183972202051381,
                -0.3792686489641752,
                0.9249852714411715
            ],
            "position_in_world": [
                0.7509335875511169,
                5.334003448486328,
                0.11117034405469894
            ],
            "bot_in_world": [
                -0.4656517207622528,
                6.5753068923950195,
                -0.0013555288314819336
            ],
            "path": "./prompt_files/data/turn_on_a_radio/subtask_1/seg_instance2_detect_surroundings.png"
        },
        "scene_graph": [],
        "inventory": []
    },
    "3_detect_surroundings": {
        "radio_34": {
            "ability": [
                [
                    "togglable",
                    0
                ],
                [
                    "heatable",
                    0
                ],
                [
                    "freezable",
                    0
                ]
            ],
            "position_in_bot": {
                "rho": 1.7417164235707006,
                "theta_deg": -16.94810134830882,
                "phi_deg": 88.69637555969969
            },
            "orientation_in_bot": [
                0.008975860507947795,
                0.02183972202051381,
                -0.3792686489641752,
                0.9249852714411715
            ],
            "position_in_world": [
                0.7509335875511169,
                5.334003448486328,
                0.11117034405469894
            ],
            "bot_in_world": [
                -0.4656517207622528,
                6.5753068923950195,
                -0.0013555288314819336
            ],
            "path": "./prompt_files/data/turn_on_a_radio/subtask_1/seg_instance3_detect_surroundings.png"
        },
        "scene_graph": [],
        "inventory": []
    },
    "4_detect_surroundings": {
        "radio_34": {
            "ability": [
                [
                    "togglable",
                    0
                ],
                [
                    "heatable",
                    0
                ],
                [
                    "freezable",
                    0
                ]
            ],
            "position_in_bot": {
                "rho": 1.7417164235707006,
                "theta_deg": -16.94810134830882,
                "phi_deg": 88.69637555969969
            },
            "orientation_in_bot": [
                0.008975860507947795,
                0.02183972202051381,
                -0.3792686489641752,
                0.9249852714411715
            ],
            "position_in_world": [
                0.7509335875511169,
                5.334003448486328,
                0.11117034405469894
            ],
            "bot_in_world": [
                -0.4656517207622528,
                6.5753068923950195,
                -0.0013555288314819336
            ],
            "path": "./prompt_files/data/turn_on_a_radio/subtask_1/seg_instance4_detect_surroundings.png"
        },
        "scene_graph": [],
        "inventory": []
    },
    "5_detect_surroundings": {
        "radio_34": {
            "ability": [
                [
                    "togglable",
                    0
                ],
                [
                    "heatable",
                    0
                ],
                [
                    "freezable",
                    0
                ]
            ],
            "position_in_bot": {
                "rho": 1.7417164235707006,
                "theta_deg": -16.94810134830882,
                "phi_deg": 88.69637555969969
            },
            "orientation_in_bot": [
                0.008975860507947795,
                0.02183972202051381,
                -0.3792686489641752,
                0.9249852714411715
            ],
            "position_in_world": [
                0.7509335875511169,
                5.334003448486328,
                0.11117034405469894
            ],
            "bot_in_world": [
                -0.4656517207622528,
                6.5753068923950195,
                -0.0013555288314819336
            ],
            "path": "./prompt_files/data/turn_on_a_radio/subtask_1/seg_instance5_detect_surroundings.png"
        },
        "scene_graph": [],
        "inventory": []
    },
    "6_detect_surroundings": {
        "radio_34": {
            "ability": [
                [
                    "togglable",
                    0
                ],
                [
                    "heatable",
                    0
                ],
                [
                    "freezable",
                    0
                ]
            ],
            "position_in_bot": {
                "rho": 1.7417164235707006,
                "theta_deg": -16.94810134830882,