{
    "task": "buy_a_good_avocado",
    "0_detect_surroundings": {
        "money_143": {
            "ability": [
                [
                    "heatable",
                    0
                ],
                [
                    "freezable",
                    0
                ]
            ],
            "position_in_bot": {
                "rho": 2.958401904337284,
                "theta_deg": -79.24823894574654,
                "phi_deg": 126.42865448199298
            },
            "orientation_in_bot": [
                0.7013030359582384,
                -0.1628588358023632,
                -0.6750871772078344,
                0.160960723552097
            ],
            "position_in_world": [
                0.7368515729904175,
                2.066080093383789,
                0.7624190449714661
            ],
            "bot_in_world": [
                0.744301438331604,
                4.986433982849121,
                0.2895350456237793
            ],
            "path": "./prompt_files/data/buy_a_good_avocado/subtask_9/seg_instance0_detect_surroundings.png"
        },
        "checkout_counter_sckdal_0": {
            "ability": [
                [
                    "heatable",
                    0
                ],
                [
                    "freezable",
                    0
                ]
            ],
            "position_in_bot": {
                "rho": 2.9297757721773596,
                "theta_deg": -84.96656356203859,
                "phi_deg": 126.74490882566138
            },
            "orientation_in_bot": [
                -0.6649345717680641,
                -0.22222086087941967,
                0.6763964804480285,
                0.22576028325449635
            ],
            "position_in_world": [
                0.7368888761418364,
                2.0660888102035844,
                0.5243021984952884
            ],
            "bot_in_world": [
                0.744301438331604,
                4.986433982849121,
                0.2895350456237793
            ],
            "path": "./prompt_files/data/buy_a_good_avocado/subtask_9/seg_instance0_detect_surroundings.png"
        },
        "shopping_cart_kmgltg_1": {
            "ability": [
                [
                    "heatable",
                    0
                ],
                [
                    "freezable",
                    0
                ]
            ],
            "position_in_bot": {
                "rho": 6.145695390334419,
                "theta_deg": -88.98512815336737,
                "phi_deg": 152.45955075990724
            },
            "orientation_in_bot": [
                0.22565507655484945,
                0.6752646603311557,
                0.22232652015024515,
                0.6660843365301099
            ],
            "position_in_world": [
                3.3912343978881836,
                -0.5582259893417358,
                0.4311772584915161
            ],
            "bot_in_world": [
                0.744301438331604,
                4.986433982849121,
                0.2895350456237793
            ],
            "path": "./prompt_files/data/buy_a_good_avocado/subtask_9/seg_instance0_detect_surroundings.png"
        },
        "avocado_142": {
            "ability": [
                [
                    "heatable",
                    0
                ],
                [
                    "freezable",
                    0
                ],
                [
                    "burnable",
                    0
                ],
                [
                    "cookable",
                    0
                ]
            ],
            "position_in_bot": {
                "rho": 2.946112566388525,
                "theta_deg": 98.88383658616027,
                "phi_deg": 140.93090387782897
            },
            "orientation_in_bot": [
                0.7598459861783339,
                0.2107993577806548,
                0.5930210879647162,
                -0.16286097530434737
            ],
            "position_in_world": [
                3.6786696910858154,
                5.0756049156188965,
                0.042329128831624985
            ],
            "bot_in_world": [
                0.744301438331604,
                4.986433982849121,
                0.2895350456237793
            ],
            "path": "./prompt_files/data/buy_a_good_avocado/subtask_9/seg_instance0_detect_surroundings.png"
        },
        "scene_graph": [
            [
                "money_143",
                "ontop",
                "checkout_counter_sckdal_0"
            ]
        ],
        "inventory": [
            "avocado_142"
        ]
    },
    "1_detect_surroundings": {
        "money_143": {
            "ability": [
                [
                    "heatable",
                    0
                ],
                [
                    "freezable",
                    0
                ]
            ],
            "position_in_bot": {
                "rho": 2.958401904337284,
                "theta_deg": -79.24823894574654,
                "phi_deg": 126.42865448199298
            },
            "orientation_in_bot": [
                0.7013030359582384,
                -0.1628588358023632,
                -0.6750871772078344,
                0.160960723552097
            ],
            "position_in_world": [
                0.7368515729904175,
                2.066080093383789,
                0.7624190449714661
            ],
            "bot_in_world": [
                0.744301438331604,
                4.986433982849121,
                0.2895350456237793
            ],
            "path": "./prompt_files/data/buy_a_good_avocado/subtask_9/seg_instance1_detect_surroundings.png"
        },
        "checkout_counter_sckdal_0": {
            "ability": [
                [
                    "heatable",
                    0
                ],
                [
                    "freezable",
                    0
                ]
            ],
            "position_in_bot": {
                "rho": 2.9297757721773596,
                "theta_deg": -84.96656356203859,
                "phi_deg": 126.74490882566138
            },
            "orientation_in_bot": [
                -0.6649345717680641,
                -0.22222086087941967,
                0.6763964804480285,
                0.22576028325449635
            ],
            "position_in_world": [
                0.7368888761418364,
                2.0660888102035844,
                0.5243021984952884
            ],
            "bot_in_world": [
                0.744301438331604,
                4.986433982849121,
                0.2895350456237793
            ],
            "path": "./prompt_files/data/buy_a_good_avocado/subtask_9/seg_instance1_detect_surroundings.png"
        },
        "shopping_cart_kmgltg_1": {
            "ability": [
                [
                    "heatable",
                    0
                ],
                [
                    "freezable",
                    0
                ]
            ],
            "position_in_bot": {
                "rho": 6.145695390334419,
                "theta_deg": -88.98512815336737,
                "phi_deg": 152.45955075990724
            },
            "orientation_in_bot": [
                0.22565507655484945,
                0.6752646603311557,
                0.22232652015024515,
                0.6660843365301099
            ],
            "position_in_world": [
                3.3912343978881836,
                -0.5582259893417358,
                0.4311772584915161
            ],
            "bot_in_world": [
                0.744301438331604,
                4.986433982849121,
                0.2895350456237793
            ],
            "path": "./prompt_files/data/buy_a_good_avocado/subtask_9/seg_instance1_detect_surroundings.png"
        },