{
    "task": "put_a_teaspoon_in_the_bowl",
    "0_detect_surroundings": {
        "bottom_cabinet_no_top_qudfwe_0": {
            "ability": [
                [
                    "openable",
                    0
                ],
                [
                    "heatable",
                    0
                ],
                [
                    "freezable",
                    0
                ]
            ],
            "position_in_bot": {
                "rho": 1.5140891216746362,
                "theta_deg": -32.407825766795604,
                "phi_deg": 75.3906197929773
            },
            "orientation_in_bot": [
                0.021933643304917268,
                -0.002704738623127108,
                0.9918778039590209,
                -0.12525981675614573
            ],
            "position_in_world": [
                -0.4690432846546173,
                -0.6071784496307373,
                0.4398816227912903
            ],
            "bot_in_world": [
                -1.4654996395111084,
                0.4460902512073517,
                0.003801867365837097
            ],
            "path": "./prompt_files/data/put_a_teaspoon_in_the_bowl/subtask_3/seg_instance0_detect_surroundings.png"
        },
        "scene_graph": [],
        "inventory": []
    },
    "1_detect_surroundings": {
        "bottom_cabinet_no_top_qudfwe_0": {
            "ability": [
                [
                    "openable",
                    0
                ],
                [
                    "heatable",
                    0
                ],
                [
                    "freezable",
                    0
                ]
            ],
            "position_in_bot": {
                "rho": 1.5140891216746362,
                "theta_deg": -32.407825766795604,
                "phi_deg": 75.3906197929773
            },
            "orientation_in_bot": [
                0.021933643304917268,
                -0.002704738623127108,
                0.9918778039590209,
                -0.12525981675614573
            ],
            "position_in_world": [
                -0.4690432846546173,
                -0.6071784496307373,
                0.4398816227912903
            ],
            "bot_in_world": [
                -1.4654996395111084,
                0.4460902512073517,
                0.003801867365837097
            ],
            "path": "./prompt_files/data/put_a_teaspoon_in_the_bowl/subtask_3/seg_instance1_detect_surroundings.png"
        },
        "scene_graph": [],
        "inventory": []
    },
    "2_detect_surroundings": {
        "bottom_cabinet_no_top_qudfwe_0": {
            "ability": [
                [
                    "openable",
                    0
                ],
                [
                    "heatable",
                    0
                ],
                [
                    "freezable",
                    0
                ]
            ],
            "position_in_bot": {
                "rho": 1.5140891216746362,
                "theta_deg": -32.407825766795604,
                "phi_deg": 75.3906197929773
            },
            "orientation_in_bot": [
                0.021933643304917268,
                -0.002704738623127108,
                0.9918778039590209,
                -0.12525981675614573
            ],
            "position_in_world": [
                -0.4690432846546173,
                -0.6071784496307373,
                0.4398816227912903
            ],
            "bot_in_world": [
                -1.4654996395111084,
                0.4460902512073517,
                0.003801867365837097
            ],
            "path": "./prompt_files/data/put_a_teaspoon_in_the_bowl/subtask_3/seg_instance2_detect_surroundings.png"
        },
        "scene_graph": [],
        "inventory": []
    },
    "3_detect_surroundings": {
        "bottom_cabinet_no_top_qudfwe_0": {
            "ability": [
                [
                    "openable",
                    0
                ],
                [
                    "heatable",
                    0
                ],
                [
                    "freezable",
                    0
                ]
            ],
            "position_in_bot": {
                "rho": 1.5140891216746362,
                "theta_deg": -32.407825766795604,
                "phi_deg": 75.3906197929773
            },
            "orientation_in_bot": [
                0.021933643304917268,
                -0.002704738623127108,
                0.9918778039590209,
                -0.12525981675614573
            ],
            "position_in_world": [
                -0.4690432846546173,
                -0.6071784496307373,
                0.4398816227912903
            ],
            "bot_in_world": [
                -1.4654996395111084,
                0.4460902512073517,
                0.003801867365837097
            ],
            "path": "./prompt_files/data/put_a_teaspoon_in_the_bowl/subtask_3/seg_instance3_detect_surroundings.png"
        },
        "scene_graph": [],
        "inventory": []
    },
    "4_detect_surroundings": {
        "bottom_cabinet_no_top_qudfwe_0": {
            "ability": [
                [
                    "openable",
                    0
                ],
                [
                    "heatable",
                    0
                ],
                [
                    "freezable",
                    0
                ]
            ],
            "position_in_bot": {
                "rho": 1.5140891216746362,
                "theta_deg": -32.407825766795604,
                "phi_deg": 75.3906197929773
            },
            "orientation_in_bot": [
                0.021933643304917268,
                -0.002704738623127108,
                0.9918778039590209,
                -0.12525981675614573
            ],
            "position_in_world": [
                -0.4690432846546173,
                -0.6071784496307373,
                0.4398816227912903
            ],
            "bot_in_world": [
                -1.4654996395111084,
                0.4460902512073517,
                0.003801867365837097
            ],
            "path": "./prompt_files/data/put_a_teaspoon_in_the_bowl/subtask_3/seg_instance4_detect_surroundings.png"
        },
        "scene_graph": [],
        "inventory": []
    },
    "5_detect_surroundings": {
        "bottom_cabinet_no_top_qudfwe_0": {
            "ability": [
                [
                    "openable",
                    0
                ],
                [
                    "heatable",
                    0
                ],
                [
                    "freezable",
                    0
                ]
            ],
            "position_in_bot": {
                "rho": 1.5140891216746362,
                "theta_deg": -32.407825766795604,
                "phi_deg": 75.3906197929773
            },
            "orientation_in_bot": [
                0.021933643304917268,
                -0.002704738623127108,
                0.9918778039590209,
                -0.12525981675614573
            ],
            "position_in_world": [
                -0.4690432846546173,
                -0.6071784496307373,
                0.4398816227912903
            ],
            "bot_in_world": [
                -1.4654996395111084,
                0.4460902512073517,
                0.003801867365837097
            ],
            "path": "./prompt_files/data/put_a_teaspoon_in_the_bowl/subtask_3/seg_instance5_detect_surroundings.png"
        },
        "scene_graph": [],
        "inventory": []
    },