{
    "task": "put_a_entire_leaf_in_the_ashcan",
    "0_detect_surroundings": {
        "trash_can_284": {
            "ability": [
                [
                    "heatable",
                    0
                ],
                [
                    "freezable",
                    0
                ]
            ],
            "position_in_bot": {
                "rho": 1.1871902336487248,
                "theta_deg": 93.12139264729248,
                "phi_deg": 80.5760320906698
            },
            "orientation_in_bot": [
                0.0008380287249513933,
                0.02253060094897682,
                0.030530537126361796,
                0.9992795184689367
            ],
            "position_in_world": [
                -8.508997917175293,
                22.416173934936523,
                0.19626599550247192
            ],
            "bot_in_world": [
                -9.605086326599121,
                22.002246856689453,
                0.0047581493854522705
            ],
            "path": "./prompt_files/data/put_a_entire_leaf_in_the_ashcan/subtask_3/seg_instance0_detect_surroundings.png"
        },
        "board_275": {
            "ability": [
                [
                    "heatable",
                    0
                ],
                [
                    "freezable",
                    0
                ]
            ],
            "position_in_bot": {
                "rho": 2.210662712813337,
                "theta_deg": -119.79742127525913,
                "phi_deg": 88.68276899223441
            },
            "orientation_in_bot": [
                0.0012952430737959274,
                0.021953062987438304,
                0.0610328490517433,
                0.9978934696186144
            ],
            "position_in_world": [
                -11.761908531188965,
                22.48716163635254,
                0.007055128458887339
            ],
            "bot_in_world": [
                -9.605086326599121,
                22.002246856689453,
                0.0047581493854522705
            ],
            "path": "./prompt_files/data/put_a_entire_leaf_in_the_ashcan/subtask_3/seg_instance0_detect_surroundings.png"
        },
        "leaf_276": {
            "ability": [
                [
                    "heatable",
                    0
                ],
                [
                    "freezable",
                    0
                ]
            ],
            "position_in_bot": {
                "rho": 0.4527771904503547,
                "theta_deg": 10.085619038157732,
                "phi_deg": 90.54852028692247
            },
            "orientation_in_bot": [
                0.5628912838343221,
                0.57376573728874,
                0.4457925196262418,
                -0.3939737437217667
            ],
            "position_in_world": [
                -9.397934913635254,
                21.599925994873047,
                0.020035289227962494
            ],
            "bot_in_world": [
                -9.605086326599121,
                22.002246856689453,
                0.0047581493854522705
            ],
            "path": "./prompt_files/data/put_a_entire_leaf_in_the_ashcan/subtask_3/seg_instance0_detect_surroundings.png"
        },
        "scene_graph": [],
        "inventory": [
            "leaf_276"
        ]
    },
    "1_detect_surroundings": {
        "trash_can_284": {
            "ability": [
                [
                    "heatable",
                    0
                ],
                [
                    "freezable",
                    0
                ]
            ],
            "position_in_bot": {
                "rho": 1.1871902336487248,
                "theta_deg": 93.12139264729248,
                "phi_deg": 80.5760320906698
            },
            "orientation_in_bot": [
                0.0008380287249513933,
                0.02253060094897682,
                0.030530537126361796,
                0.9992795184689367
            ],
            "position_in_world": [
                -8.508997917175293,
                22.416173934936523,
                0.19626599550247192
            ],
            "bot_in_world": [
                -9.605086326599121,
                22.002246856689453,
                0.0047581493854522705
            ],
            "path": "./prompt_files/data/put_a_entire_leaf_in_the_ashcan/subtask_3/seg_instance1_detect_surroundings.png"
        },
        "board_275": {
            "ability": [
                [
                    "heatable",
                    0
                ],
                [
                    "freezable",
                    0
                ]
            ],
            "position_in_bot": {
                "rho": 2.210662712813337,
                "theta_deg": -119.79742127525913,
                "phi_deg": 88.68276899223441
            },
            "orientation_in_bot": [
                0.0012952430737959274,
                0.021953062987438304,
                0.0610328490517433,
                0.9978934696186144
            ],
            "position_in_world": [
                -11.761908531188965,
                22.48716163635254,
                0.007055128458887339
            ],
            "bot_in_world": [
                -9.605086326599121,
                22.002246856689453,
                0.0047581493854522705
            ],
            "path": "./prompt_files/data/put_a_entire_leaf_in_the_ashcan/subtask_3/seg_instance1_detect_surroundings.png"
        },
        "leaf_276": {
            "ability": [
                [
                    "heatable",
                    0
                ],
                [
                    "freezable",
                    0
                ]
            ],
            "position_in_bot": {
                "rho": 0.4527771904503547,
                "theta_deg": 10.085619038157732,
                "phi_deg": 90.54852028692247
            },
            "orientation_in_bot": [
                0.5628912838343221,
                0.57376573728874,
                0.4457925196262418,
                -0.3939737437217667
            ],
            "position_in_world": [
                -9.397934913635254,
                21.599925994873047,
                0.020035289227962494
            ],
            "bot_in_world": [
                -9.605086326599121,
                22.002246856689453,
                0.0047581493854522705
            ],
            "path": "./prompt_files/data/put_a_entire_leaf_in_the_ashcan/subtask_3/seg_instance1_detect_surroundings.png"
        },
        "scene_graph": [],
        "inventory": [
            "leaf_276"
        ]
    },
    "2_detect_surroundings": {
        "trash_can_284": {
            "ability": [
                [
                    "heatable",
                    0
                ],
                [
                    "freezable",
                    0
                ]
            ],
            "position_in_bot": {
                "rho": 1.1871902336487248,
                "theta_deg": 93.12139264729248,
                "phi_deg": 80.5760320906698
            },
            "orientation_in_bot": [
                0.0008380287249513933,
                0.02253060094897682,
                0.030530537126361796,
                0.9992795184689367
            ],
            "position_in_world": [
                -8.508997917175293,
                22.416173934936523,
                0.19626599550247192
            ],
            "bot_in_world": [
                -9.605086326599121,
                22.002246856689453,
                0.0047581493854522705
            ],
            "path": "./prompt_files/data/put_a_entire_leaf_in_the_ashcan/subtask_3/seg_instance2_detect_surroundings.png"
        },