{
    "task": "buy_a_good_avocado",
    "0_detect_surroundings": {
        "money_143": {
            "ability": [
                [
                    "heatable",
                    0
                ],
                [
                    "freezable",
                    0
                ]
            ],
            "position_in_bot": {
                "rho": 3.0147740627344413,
                "theta_deg": -43.30560785980171,
                "phi_deg": 33.90068692595599
            },
            "orientation_in_bot": [
                0.6347862524952282,
                -0.22439628149154664,
                0.45361062576454103,
                -0.5838922183839518
            ],
            "position_in_world": [
                0.7368772625923157,
                2.0660617351531982,
                0.7624160647392273
            ],
            "bot_in_world": [
                0.6368741393089294,
                4.979040145874023,
                -0.0079208854585886
            ],
            "path": "./prompt_files/data/buy_a_good_avocado/subtask_5/seg_instance0_detect_surroundings.png"
        },
        "checkout_counter_sckdal_0": {
            "ability": [
                [
                    "heatable",
                    0
                ],
                [
                    "freezable",
                    0
                ]
            ],
            "position_in_bot": {
                "rho": 2.9628616207860596,
                "theta_deg": -51.28778638832837,
                "phi_deg": 33.289833957055386
            },
            "orientation_in_bot": [
                0.7198632564128611,
                -0.1884434847317792,
                -0.48130739956344243,
                0.4632808351899438
            ],
            "position_in_world": [
                0.7368888761418364,
                2.0660888102035844,
                0.5243021984952884
            ],
            "bot_in_world": [
                0.6368741393089294,
                4.979040145874023,
                -0.0079208854585886
            ],
            "path": "./prompt_files/data/buy_a_good_avocado/subtask_5/seg_instance0_detect_surroundings.png"
        },
        "shopping_cart_kmgltg_1": {
            "ability": [
                [
                    "heatable",
                    0
                ],
                [
                    "freezable",
                    0
                ]
            ],
            "position_in_bot": {
                "rho": 6.200049562352627,
                "theta_deg": -59.852562430548296,
                "phi_deg": 57.65360221499002
            },
            "orientation_in_bot": [
                -0.464029823484153,
                0.4803614443715233,
                -0.18744271372944915,
                0.7202738609364564
            ],
            "position_in_world": [
                3.3912339210510254,
                -0.5582255125045776,
                0.4311773478984833
            ],
            "bot_in_world": [
                0.6368741393089294,
                4.979040145874023,
                -0.0079208854585886
            ],
            "path": "./prompt_files/data/buy_a_good_avocado/subtask_5/seg_instance0_detect_surroundings.png"
        },
        "avocado_142": {
            "ability": [
                [
                    "heatable",
                    0
                ],
                [
                    "freezable",
                    0
                ],
                [
                    "burnable",
                    0
                ],
                [
                    "cookable",
                    0
                ]
            ],
            "position_in_bot": {
                "rho": 1.2790939917524244,
                "theta_deg": 107.80051012171286,
                "phi_deg": 137.13988703590076
            },
            "orientation_in_bot": [
                0.37820141458812734,
                0.7129947093455072,
                0.38696899268116824,
                -0.44593411301690855
            ],
            "position_in_world": [
                0.4048318564891815,
                6.234916687011719,
                0.06287450343370438
            ],
            "bot_in_world": [
                0.6368741393089294,
                4.979040145874023,
                -0.0079208854585886
            ],
            "path": "./prompt_files/data/buy_a_good_avocado/subtask_5/seg_instance0_detect_surroundings.png"
        },
        "scene_graph": [
            [
                "money_143",
                "ontop",
                "checkout_counter_sckdal_0"
            ]
        ],
        "inventory": [
            "avocado_142"
        ]
    },
    "1_detect_surroundings": {
        "money_143": {
            "ability": [
                [
                    "heatable",
                    0
                ],
                [
                    "freezable",
                    0
                ]
            ],
            "position_in_bot": {
                "rho": 3.0147740627344413,
                "theta_deg": -43.30560785980171,
                "phi_deg": 33.90068692595599
            },
            "orientation_in_bot": [
                0.6347862524952282,
                -0.22439628149154664,
                0.45361062576454103,
                -0.5838922183839518
            ],
            "position_in_world": [
                0.7368772625923157,
                2.0660617351531982,
                0.7624160647392273
            ],
            "bot_in_world": [
                0.6368741393089294,
                4.979040145874023,
                -0.0079208854585886
            ],
            "path": "./prompt_files/data/buy_a_good_avocado/subtask_5/seg_instance1_detect_surroundings.png"
        },
        "checkout_counter_sckdal_0": {
            "ability": [
                [
                    "heatable",
                    0
                ],
                [
                    "freezable",
                    0
                ]
            ],
            "position_in_bot": {
                "rho": 2.9628616207860596,
                "theta_deg": -51.28778638832837,
                "phi_deg": 33.289833957055386
            },
            "orientation_in_bot": [
                0.7198632564128611,
                -0.1884434847317792,
                -0.48130739956344243,
                0.4632808351899438
            ],
            "position_in_world": [
                0.7368888761418364,
                2.0660888102035844,
                0.5243021984952884
            ],
            "bot_in_world": [
                0.6368741393089294,
                4.979040145874023,
                -0.0079208854585886
            ],
            "path": "./prompt_files/data/buy_a_good_avocado/subtask_5/seg_instance1_detect_surroundings.png"
        },
        "shopping_cart_kmgltg_1": {
            "ability": [
                [
                    "heatable",
                    0
                ],
                [
                    "freezable",
                    0
                ]
            ],
            "position_in_bot": {
                "rho": 6.200049562352627,
                "theta_deg": -59.852562430548296,
                "phi_deg": 57.65360221499002
            },
            "orientation_in_bot": [
                -0.464029823484153,
                0.4803614443715233,
                -0.18744271372944915,
                0.7202738609364564
            ],
            "position_in_world": [
                3.3912339210510254,
                -0.5582255125045776,
                0.4311773478984833
            ],
            "bot_in_world": [
                0.6368741393089294,
                4.979040145874023,
                -0.0079208854585886
            ],
            "path": "./prompt_files/data/buy_a_good_avocado/subtask_5/seg_instance1_detect_surroundings.png"
        },