{
    "task": "put_a_book_in_the_carton",
    "0_detect_surroundings": {
        "hardback_188": {
            "ability": [
                [
                    "heatable",
                    0
                ],
                [
                    "freezable",
                    0
                ]
            ],
            "position_in_bot": {
                "rho": 0.3676591242020514,
                "theta_deg": -178.3783175891941,
                "phi_deg": 2.72516224282527
            },
            "orientation_in_bot": [
                0.0015876627858123645,
                0.7080618005271848,
                4.828837028341206e-05,
                0.706148683797763
            ],
            "position_in_world": [
                -3.0984792709350586,
                -2.6893932819366455,
                0.37091878056526184
            ],
            "bot_in_world": [
                -3.0798068046569824,
                -2.717432975769043,
                0.004806309938430786
            ],
            "path": "./prompt_files/data/put_a_book_in_the_carton/subtask_3/seg_instance0_detect_surroundings.png"
        },
        "shelf_owvfik_1": {
            "ability": [
                [
                    "heatable",
                    0
                ],
                [
                    "freezable",
                    0
                ]
            ],
            "position_in_bot": {
                "rho": 2.4333600750133337,
                "theta_deg": 79.09700909610777,
                "phi_deg": 87.7495956736977
            },
            "orientation_in_bot": [
                0.010511803858926517,
                0.019435217807583526,
                0.4792897536679391,
                0.8773785422024688
            ],
            "position_in_world": [
                -0.8248109817504883,
                -1.810388207435608,
                0.12101668119430542
            ],
            "bot_in_world": [
                -3.0798068046569824,
                -2.717432975769043,
                0.004806309938430786
            ],
            "path": "./prompt_files/data/put_a_book_in_the_carton/subtask_3/seg_instance0_detect_surroundings.png"
        },
        "carton_195": {
            "ability": [
                [
                    "openable",
                    0
                ],
                [
                    "heatable",
                    0
                ],
                [
                    "freezable",
                    0
                ]
            ],
            "position_in_bot": {
                "rho": 1.7994116259409911,
                "theta_deg": 54.917752870652784,
                "phi_deg": 75.42115939839927
            },
            "orientation_in_bot": [
                0.004513765615794447,
                0.022238481338548274,
                0.04099103315816216,
                0.9989018025153159
            ],
            "position_in_world": [
                -1.3512465953826904,
                -2.7719979286193848,
                0.5017816424369812
            ],
            "bot_in_world": [
                -3.0798068046569824,
                -2.717432975769043,
                0.004806309938430786
            ],
            "path": "./prompt_files/data/put_a_book_in_the_carton/subtask_3/seg_instance0_detect_surroundings.png"
        },
        "scene_graph": [],
        "inventory": [
            "hardback_188"
        ]
    },
    "1_detect_surroundings": {
        "hardback_188": {
            "ability": [
                [
                    "heatable",
                    0
                ],
                [
                    "freezable",
                    0
                ]
            ],
            "position_in_bot": {
                "rho": 0.3676591242020514,
                "theta_deg": -178.3783175891941,
                "phi_deg": 2.72516224282527
            },
            "orientation_in_bot": [
                0.0015876627858123645,
                0.7080618005271848,
                4.828837028341206e-05,
                0.706148683797763
            ],
            "position_in_world": [
                -3.0984792709350586,
                -2.6893932819366455,
                0.37091878056526184
            ],
            "bot_in_world": [
                -3.0798068046569824,
                -2.717432975769043,
                0.004806309938430786
            ],
            "path": "./prompt_files/data/put_a_book_in_the_carton/subtask_3/seg_instance1_detect_surroundings.png"
        },
        "shelf_owvfik_1": {
            "ability": [
                [
                    "heatable",
                    0
                ],
                [
                    "freezable",
                    0
                ]
            ],
            "position_in_bot": {
                "rho": 2.4333600750133337,
                "theta_deg": 79.09700909610777,
                "phi_deg": 87.7495956736977
            },
            "orientation_in_bot": [
                0.010511803858926517,
                0.019435217807583526,
                0.4792897536679391,
                0.8773785422024688
            ],
            "position_in_world": [
                -0.8248109817504883,
                -1.810388207435608,
                0.12101668119430542
            ],
            "bot_in_world": [
                -3.0798068046569824,
                -2.717432975769043,
                0.004806309938430786
            ],
            "path": "./prompt_files/data/put_a_book_in_the_carton/subtask_3/seg_instance1_detect_surroundings.png"
        },
        "carton_195": {
            "ability": [
                [
                    "openable",
                    0
                ],
                [
                    "heatable",
                    0
                ],
                [
                    "freezable",
                    0
                ]
            ],
            "position_in_bot": {
                "rho": 1.7994116259409911,
                "theta_deg": 54.917752870652784,
                "phi_deg": 75.42115939839927
            },
            "orientation_in_bot": [
                0.004513765615794447,
                0.022238481338548274,
                0.04099103315816216,
                0.9989018025153159
            ],
            "position_in_world": [
                -1.3512465953826904,
                -2.7719979286193848,
                0.5017816424369812
            ],
            "bot_in_world": [
                -3.0798068046569824,
                -2.717432975769043,
                0.004806309938430786
            ],
            "path": "./prompt_files/data/put_a_book_in_the_carton/subtask_3/seg_instance1_detect_surroundings.png"
        },
        "scene_graph": [],
        "inventory": [
            "hardback_188"
        ]
    },
    "2_detect_surroundings": {
        "hardback_188": {
            "ability": [
                [
                    "heatable",
                    0
                ],
                [
                    "freezable",
                    0
                ]
            ],
            "position_in_bot": {
                "rho": 0.3676591242020514,
                "theta_deg": -178.3783175891941,
                "phi_deg": 2.72516224282527
            },
            "orientation_in_bot": [
                0.0015876627858123645,
                0.7080618005271848,
                4.828837028341206e-05,
                0.706148683797763
            ],
            "position_in_world": [
                -3.0984792709350586,
                -2.6893932819366455,
                0.37091878056526184
            ],
            "bot_in_world": [
                -3.0798068046569824,
                -2.717432975769043,
                0.004806309938430786
            ],