{
    "task": "put_a_book_in_the_carton",
    "0_detect_surroundings": {
        "hardback_188": {
            "ability": [
                [
                    "heatable",
                    0
                ],
                [
                    "freezable",
                    0
                ]
            ],
            "position_in_bot": {
                "rho": 0.941404491701484,
                "theta_deg": 53.36366405585073,
                "phi_deg": 40.4641120388352
            },
            "orientation_in_bot": [
                -0.44943583910280754,
                0.11198084080777562,
                0.6583210887219008,
                -0.5933641899929166
            ],
            "position_in_world": [
                -1.3148890733718872,
                -3.2062206268310547,
                0.09810500591993332
            ],
            "bot_in_world": [
                -2.249814987182617,
                -3.1858227252960205,
                0.20645582675933838
            ],
            "path": "./prompt_files/data/put_a_book_in_the_carton/subtask_4/seg_instance0_detect_surroundings.png"
        },
        "shelf_owvfik_1": {
            "ability": [
                [
                    "heatable",
                    0
                ],
                [
                    "freezable",
                    0
                ]
            ],
            "position_in_bot": {
                "rho": 1.9825952195894152,
                "theta_deg": 102.68730160745451,
                "phi_deg": 65.1268136222301
            },
            "orientation_in_bot": [
                0.07717042083677433,
                -0.480016590286849,
                0.35053647209081784,
                0.8004704747405652
            ],
            "position_in_world": [
                -0.824760913848877,
                -1.810102939605713,
                0.1210164874792099
            ],
            "bot_in_world": [
                -2.249814987182617,
                -3.1858227252960205,
                0.20645582675933838
            ],
            "path": "./prompt_files/data/put_a_book_in_the_carton/subtask_4/seg_instance0_detect_surroundings.png"
        },
        "carton_195": {
            "ability": [
                [
                    "openable",
                    1
                ],
                [
                    "heatable",
                    0
                ],
                [
                    "freezable",
                    0
                ]
            ],
            "position_in_bot": {
                "rho": 1.0590963153031852,
                "theta_deg": 108.45317137600833,
                "phi_deg": 38.83872271045184
            },
            "orientation_in_bot": [
                0.2792100990972231,
                -0.4000992851698925,
                -0.026654161541878933,
                0.8724974717677749
            ],
            "position_in_world": [
                -1.3259427547454834,
                -2.760434150695801,
                0.5017348527908325
            ],
            "bot_in_world": [
                -2.249814987182617,
                -3.1858227252960205,
                0.20645582675933838
            ],
            "path": "./prompt_files/data/put_a_book_in_the_carton/subtask_4/seg_instance0_detect_surroundings.png"
        },
        "scene_graph": [],
        "inventory": [
            "hardback_188"
        ]
    },
    "1_detect_surroundings": {
        "hardback_188": {
            "ability": [
                [
                    "heatable",
                    0
                ],
                [
                    "freezable",
                    0
                ]
            ],
            "position_in_bot": {
                "rho": 0.941404491701484,
                "theta_deg": 53.36366405585073,
                "phi_deg": 40.4641120388352
            },
            "orientation_in_bot": [
                -0.44943583910280754,
                0.11198084080777562,
                0.6583210887219008,
                -0.5933641899929166
            ],
            "position_in_world": [
                -1.3148890733718872,
                -3.2062206268310547,
                0.09810500591993332
            ],
            "bot_in_world": [
                -2.249814987182617,
                -3.1858227252960205,
                0.20645582675933838
            ],
            "path": "./prompt_files/data/put_a_book_in_the_carton/subtask_4/seg_instance1_detect_surroundings.png"
        },
        "shelf_owvfik_1": {
            "ability": [
                [
                    "heatable",
                    0
                ],
                [
                    "freezable",
                    0
                ]
            ],
            "position_in_bot": {
                "rho": 1.9825952195894152,
                "theta_deg": 102.68730160745451,
                "phi_deg": 65.1268136222301
            },
            "orientation_in_bot": [
                0.07717042083677433,
                -0.480016590286849,
                0.35053647209081784,
                0.8004704747405652
            ],
            "position_in_world": [
                -0.824760913848877,
                -1.810102939605713,
                0.1210164874792099
            ],
            "bot_in_world": [
                -2.249814987182617,
                -3.1858227252960205,
                0.20645582675933838
            ],
            "path": "./prompt_files/data/put_a_book_in_the_carton/subtask_4/seg_instance1_detect_surroundings.png"
        },
        "carton_195": {
            "ability": [
                [
                    "openable",
                    1
                ],
                [
                    "heatable",
                    0
                ],
                [
                    "freezable",
                    0
                ]
            ],
            "position_in_bot": {
                "rho": 1.0590963153031852,
                "theta_deg": 108.45317137600833,
                "phi_deg": 38.83872271045184
            },
            "orientation_in_bot": [
                0.2792100990972231,
                -0.4000992851698925,
                -0.026654161541878933,
                0.8724974717677749
            ],
            "position_in_world": [
                -1.3259427547454834,
                -2.760434150695801,
                0.5017348527908325
            ],
            "bot_in_world": [
                -2.249814987182617,
                -3.1858227252960205,
                0.20645582675933838
            ],
            "path": "./prompt_files/data/put_a_book_in_the_carton/subtask_4/seg_instance1_detect_surroundings.png"
        },
        "scene_graph": [],
        "inventory": [
            "hardback_188"
        ]
    },
    "2_detect_surroundings": {
        "hardback_188": {
            "ability": [
                [
                    "heatable",
                    0
                ],
                [
                    "freezable",
                    0
                ]
            ],
            "position_in_bot": {
                "rho": 0.941404491701484,
                "theta_deg": 53.36366405585073,
                "phi_deg": 40.4641120388352
            },
            "orientation_in_bot": [
                -0.44943583910280754,
                0.11198084080777562,
                0.6583210887219008,
                -0.5933641899929166
            ],
            "position_in_world": [
                -1.3148890733718872,
                -3.2062206268310547,
                0.09810500591993332
            ],
            "bot_in_world": [
                -2.249814987182617,
                -3.1858227252960205,
                0.20645582675933838
            ],
            "path": "./prompt_files/data/put_a_book_in_the_carton/subtask_4/seg_instance2_detect_surroundings.png"
        },