{
    "task": "installing_a_fax_machine",
    "0_detect_surroundings": {
        "breakfast_table_skczfi_5": {
            "ability": [
                [
                    "heatable",
                    0
                ],
                [
                    "freezable",
                    0
                ]
            ],
            "position_in_bot": {
                "rho": 2.150443765614479,
                "theta_deg": 42.82266567927321,
                "phi_deg": 71.42495957825045
            },
            "orientation_in_bot": [
                -0.15443826258198703,
                -0.36340875669433,
                -0.39275543519247674,
                0.8305576841708868
            ],
            "position_in_world": [
                1.3659759173234955,
                1.1796204691395502,
                0.5524894393664023
            ],
            "bot_in_world": [
                -0.6890956163406372,
                1.5667399168014526,
                0.051263228058815
            ],
            "path": "./prompt_files/data/installing_a_fax_machine/subtask_1/seg_instance0_detect_surroundings.png"
        },
        "facsimile_188": {
            "ability": [
                [
                    "togglable",
                    0
                ],
                [
                    "heatable",
                    0
                ],
                [
                    "freezable",
                    0
                ]
            ],
            "position_in_bot": {
                "rho": 0.35813275480750084,
                "theta_deg": -136.33280287572586,
                "phi_deg": 96.05589845523956
            },
            "orientation_in_bot": [
                -0.32604062803203,
                -0.22096683358847014,
                0.12047521865721039,
                0.9112392051573848
            ],
            "position_in_world": [
                -1.04548180103302,
                1.5713979005813599,
                0.016245216131210327
            ],
            "bot_in_world": [
                -0.6890956163406372,
                1.5667399168014526,
                0.051263228058815
            ],
            "path": "./prompt_files/data/installing_a_fax_machine/subtask_1/seg_instance0_detect_surroundings.png"
        },
        "scene_graph": [],
        "inventory": []
    },
    "1_detect_surroundings": {
        "breakfast_table_skczfi_5": {
            "ability": [
                [
                    "heatable",
                    0
                ],
                [
                    "freezable",
                    0
                ]
            ],
            "position_in_bot": {
                "rho": 2.150443765614479,
                "theta_deg": 42.82266567927321,
                "phi_deg": 71.42495957825045
            },
            "orientation_in_bot": [
                -0.15443826258198703,
                -0.36340875669433,
                -0.39275543519247674,
                0.8305576841708868
            ],
            "position_in_world": [
                1.3659759173234955,
                1.1796204691395502,
                0.5524894393664023
            ],
            "bot_in_world": [
                -0.6890956163406372,
                1.5667399168014526,
                0.051263228058815
            ],
            "path": "./prompt_files/data/installing_a_fax_machine/subtask_1/seg_instance1_detect_surroundings.png"
        },
        "facsimile_188": {
            "ability": [
                [
                    "togglable",
                    0
                ],
                [
                    "heatable",
                    0
                ],
                [
                    "freezable",
                    0
                ]
            ],
            "position_in_bot": {
                "rho": 0.35813275480750084,
                "theta_deg": -136.33280287572586,
                "phi_deg": 96.05589845523956
            },
            "orientation_in_bot": [
                -0.32604062803203,
                -0.22096683358847014,
                0.12047521865721039,
                0.9112392051573848
            ],
            "position_in_world": [
                -1.04548180103302,
                1.5713979005813599,
                0.016245216131210327
            ],
            "bot_in_world": [
                -0.6890956163406372,
                1.5667399168014526,
                0.051263228058815
            ],
            "path": "./prompt_files/data/installing_a_fax_machine/subtask_1/seg_instance1_detect_surroundings.png"
        },
        "scene_graph": [],
        "inventory": []
    },
    "2_detect_surroundings": {
        "breakfast_table_skczfi_5": {
            "ability": [
                [
                    "heatable",
                    0
                ],
                [
                    "freezable",
                    0
                ]
            ],
            "position_in_bot": {
                "rho": 2.150443765614479,
                "theta_deg": 42.82266567927321,
                "phi_deg": 71.42495957825045
            },
            "orientation_in_bot": [
                -0.15443826258198703,
                -0.36340875669433,
                -0.39275543519247674,
                0.8305576841708868
            ],
            "position_in_world": [
                1.3659759173234955,
                1.1796204691395502,
                0.5524894393664023
            ],
            "bot_in_world": [
                -0.6890956163406372,
                1.5667399168014526,
                0.051263228058815
            ],
            "path": "./prompt_files/data/installing_a_fax_machine/subtask_1/seg_instance2_detect_surroundings.png"
        },
        "facsimile_188": {
            "ability": [
                [
                    "togglable",
                    0
                ],
                [
                    "heatable",
                    0
                ],
                [
                    "freezable",
                    0
                ]
            ],
            "position_in_bot": {
                "rho": 0.35813275480750084,
                "theta_deg": -136.33280287572586,
                "phi_deg": 96.05589845523956
            },
            "orientation_in_bot": [
                -0.32604062803203,
                -0.22096683358847014,
                0.12047521865721039,
                0.9112392051573848
            ],
            "position_in_world": [
                -1.04548180103302,
                1.5713979005813599,
                0.016245216131210327
            ],
            "bot_in_world": [
                -0.6890956163406372,
                1.5667399168014526,
                0.051263228058815
            ],
            "path": "./prompt_files/data/installing_a_fax_machine/subtask_1/seg_instance2_detect_surroundings.png"
        },
        "scene_graph": [],
        "inventory": []
    },
    "3_detect_surroundings": {
        "breakfast_table_skczfi_5": {
            "ability": [
                [
                    "heatable",
                    0
                ],
                [
                    "freezable",
                    0
                ]
            ],
            "position_in_bot": {
                "rho": 2.150443765614479,
                "theta_deg": 42.82266567927321,
                "phi_deg": 71.42495957825045
            },
            "orientation_in_bot": [
                -0.15443826258198703,
                -0.36340875669433,
                -0.39275543519247674,
                0.8305576841708868
            ],
            "position_in_world": [
                1.3659759173234955,
                1.1796204691395502,
                0.5524894393664023
            ],
            "bot_in_world": [
                -0.6890956163406372,
                1.5667399168014526,
                0.051263228058815
            ],