{
    "task": "put_a_teaspoon_in_the_bowl",
    "0_detect_surroundings": {
        "bottom_cabinet_no_top_qudfwe_0": {
            "ability": [
                [
                    "openable",
                    0
                ],
                [
                    "heatable",
                    0
                ],
                [
                    "freezable",
                    0
                ]
            ],
            "position_in_bot": {
                "rho": 1.5140881511749809,
                "theta_deg": -32.40768546131956,
                "phi_deg": 75.39064321033882
            },
            "orientation_in_bot": [
                0.0219341901993837,
                -0.002704424293817429,
                0.9918776399393027,
                -0.12526102657241528
            ],
            "position_in_world": [
                -0.4690432846546173,
                -0.6071784496307373,
                0.4398816227912903
            ],
            "bot_in_world": [
                -1.465498685836792,
                0.44608989357948303,
                0.003802061080932617
            ],
            "path": "./prompt_files/data/put_a_teaspoon_in_the_bowl/subtask_2/seg_instance0_detect_surroundings.png"
        },
        "scene_graph": [],
        "inventory": []
    },
    "1_detect_surroundings": {
        "bottom_cabinet_no_top_qudfwe_0": {
            "ability": [
                [
                    "openable",
                    0
                ],
                [
                    "heatable",
                    0
                ],
                [
                    "freezable",
                    0
                ]
            ],
            "position_in_bot": {
                "rho": 1.5140881511749809,
                "theta_deg": -32.40768546131956,
                "phi_deg": 75.39064321033882
            },
            "orientation_in_bot": [
                0.0219341901993837,
                -0.002704424293817429,
                0.9918776399393027,
                -0.12526102657241528
            ],
            "position_in_world": [
                -0.4690432846546173,
                -0.6071784496307373,
                0.4398816227912903
            ],
            "bot_in_world": [
                -1.465498685836792,
                0.44608989357948303,
                0.003802061080932617
            ],
            "path": "./prompt_files/data/put_a_teaspoon_in_the_bowl/subtask_2/seg_instance1_detect_surroundings.png"
        },
        "scene_graph": [],
        "inventory": []
    },
    "2_detect_surroundings": {
        "bottom_cabinet_no_top_qudfwe_0": {
            "ability": [
                [
                    "openable",
                    0
                ],
                [
                    "heatable",
                    0
                ],
                [
                    "freezable",
                    0
                ]
            ],
            "position_in_bot": {
                "rho": 1.5140881511749809,
                "theta_deg": -32.40768546131956,
                "phi_deg": 75.39064321033882
            },
            "orientation_in_bot": [
                0.0219341901993837,
                -0.002704424293817429,
                0.9918776399393027,
                -0.12526102657241528
            ],
            "position_in_world": [
                -0.4690432846546173,
                -0.6071784496307373,
                0.4398816227912903
            ],
            "bot_in_world": [
                -1.465498685836792,
                0.44608989357948303,
                0.003802061080932617
            ],
            "path": "./prompt_files/data/put_a_teaspoon_in_the_bowl/subtask_2/seg_instance2_detect_surroundings.png"
        },
        "scene_graph": [],
        "inventory": []
    },
    "3_detect_surroundings": {
        "bottom_cabinet_no_top_qudfwe_0": {
            "ability": [
                [
                    "openable",
                    0
                ],
                [
                    "heatable",
                    0
                ],
                [
                    "freezable",
                    0
                ]
            ],
            "position_in_bot": {
                "rho": 1.5140881511749809,
                "theta_deg": -32.40768546131956,
                "phi_deg": 75.39064321033882
            },
            "orientation_in_bot": [
                0.0219341901993837,
                -0.002704424293817429,
                0.9918776399393027,
                -0.12526102657241528
            ],
            "position_in_world": [
                -0.4690432846546173,
                -0.6071784496307373,
                0.4398816227912903
            ],
            "bot_in_world": [
                -1.465498685836792,
                0.44608989357948303,
                0.003802061080932617
            ],
            "path": "./prompt_files/data/put_a_teaspoon_in_the_bowl/subtask_2/seg_instance3_detect_surroundings.png"
        },
        "scene_graph": [],
        "inventory": []
    },
    "4_detect_surroundings": {
        "bottom_cabinet_no_top_qudfwe_0": {
            "ability": [
                [
                    "openable",
                    0
                ],
                [
                    "heatable",
                    0
                ],
                [
                    "freezable",
                    0
                ]
            ],
            "position_in_bot": {
                "rho": 1.5140881511749809,
                "theta_deg": -32.40768546131956,
                "phi_deg": 75.39064321033882
            },
            "orientation_in_bot": [
                0.0219341901993837,
                -0.002704424293817429,
                0.9918776399393027,
                -0.12526102657241528
            ],
            "position_in_world": [
                -0.4690432846546173,
                -0.6071784496307373,
                0.4398816227912903
            ],
            "bot_in_world": [
                -1.465498685836792,
                0.44608989357948303,
                0.003802061080932617
            ],
            "path": "./prompt_files/data/put_a_teaspoon_in_the_bowl/subtask_2/seg_instance4_detect_surroundings.png"
        },
        "scene_graph": [],
        "inventory": []
    },
    "5_detect_surroundings": {
        "bottom_cabinet_no_top_qudfwe_0": {
            "ability": [
                [
                    "openable",
                    0
                ],
                [
                    "heatable",
                    0
                ],
                [
                    "freezable",
                    0
                ]
            ],
            "position_in_bot": {
                "rho": 1.5140881511749809,
                "theta_deg": -32.40768546131956,
                "phi_deg": 75.39064321033882
            },
            "orientation_in_bot": [
                0.0219341901993837,
                -0.002704424293817429,
                0.9918776399393027,
                -0.12526102657241528
            ],
            "position_in_world": [
                -0.4690432846546173,
                -0.6071784496307373,
                0.4398816227912903
            ],
            "bot_in_world": [
                -1.465498685836792,
                0.44608989357948303,
                0.003802061080932617
            ],
            "path": "./prompt_files/data/put_a_teaspoon_in_the_bowl/subtask_2/seg_instance5_detect_surroundings.png"
        },
        "scene_graph": [],
        "inventory": []
    },