{
    "task": "buy_a_good_avocado",
    "0_detect_surroundings": {
        "money_143": {
            "ability": [
                [
                    "heatable",
                    0
                ],
                [
                    "freezable",
                    0
                ]
            ],
            "position_in_bot": {
                "rho": 13.35364782733577,
                "theta_deg": 20.071286505957673,
                "phi_deg": 90.71012703877031
            },
            "orientation_in_bot": [
                0.023320902163535714,
                0.008799439772977088,
                0.3428499783724197,
                0.9390594218216395
            ],
            "position_in_world": [
                3.577432870864868,
                -0.5805250406265259,
                0.4028369188308716
            ],
            "bot_in_world": [
                -2.3882176876068115,
                11.359689712524414,
                9.660422801971436e-05
            ],
            "path": "./prompt_files/data/buy_a_good_avocado/subtask_1/seg_instance0_detect_surroundings.png"
        },
        "checkout_counter_sckdal_0": {
            "ability": [
                [
                    "heatable",
                    0
                ],
                [
                    "freezable",
                    0
                ]
            ],
            "position_in_bot": {
                "rho": 9.81896611368486,
                "theta_deg": 12.10083190427607,
                "phi_deg": 89.47389238336925
            },
            "orientation_in_bot": [
                0.7456872978311044,
                0.6659138651586114,
                -0.01699298426937738,
                -0.014846431506766379
            ],
            "position_in_world": [
                0.7368888761418364,
                2.0660888102035844,
                0.5243021984952884
            ],
            "bot_in_world": [
                -2.3882176876068115,
                11.359689712524414,
                9.660422801971436e-05
            ],
            "path": "./prompt_files/data/buy_a_good_avocado/subtask_1/seg_instance0_detect_surroundings.png"
        },
        "shopping_cart_kmgltg_1": {
            "ability": [
                [
                    "heatable",
                    0
                ],
                [
                    "freezable",
                    0
                ]
            ],
            "position_in_bot": {
                "rho": 13.252345328117546,
                "theta_deg": 19.392219656020366,
                "phi_deg": 90.58434375322456
            },
            "orientation_in_bot": [
                0.015346681755662379,
                0.01545276571267846,
                0.665901122294769,
                0.7457220572823942
            ],
            "position_in_world": [
                3.391235113143921,
                -0.5582277178764343,
                0.4311772882938385
            ],
            "bot_in_world": [
                -2.3882176876068115,
                11.359689712524414,
                9.660422801971436e-05
            ],
            "path": "./prompt_files/data/buy_a_good_avocado/subtask_1/seg_instance0_detect_surroundings.png"
        },
        "avocado_142": {
            "ability": [
                [
                    "heatable",
                    0
                ],
                [
                    "freezable",
                    0
                ],
                [
                    "burnable",
                    0
                ],
                [
                    "cookable",
                    0
                ]
            ],
            "position_in_bot": {
                "rho": 13.273083416675018,
                "theta_deg": 19.50980294744143,
                "phi_deg": 90.56150214293623
            },
            "orientation_in_bot": [
                -0.18435995137432545,
                0.0005465689296958914,
                -0.07185504698193482,
                0.9802285253015673
            ],
            "position_in_world": [
                3.424771785736084,
                -0.5647910237312317,
                0.4367433190345764
            ],
            "bot_in_world": [
                -2.3882176876068115,
                11.359689712524414,
                9.660422801971436e-05
            ],
            "path": "./prompt_files/data/buy_a_good_avocado/subtask_1/seg_instance0_detect_surroundings.png"
        },
        "scene_graph": [
            [
                "money_143",
                "inside",
                "shopping_cart_kmgltg_1"
            ],
            [
                "avocado_142",
                "inside",
                "shopping_cart_kmgltg_1"
            ]
        ],
        "inventory": []
    },
    "1_detect_surroundings": {
        "money_143": {
            "ability": [
                [
                    "heatable",
                    0
                ],
                [
                    "freezable",
                    0
                ]
            ],
            "position_in_bot": {
                "rho": 13.35364782733577,
                "theta_deg": 20.071286505957673,
                "phi_deg": 90.71012703877031
            },
            "orientation_in_bot": [
                0.023320902163535714,
                0.008799439772977088,
                0.3428499783724197,
                0.9390594218216395
            ],
            "position_in_world": [
                3.577432870864868,
                -0.5805250406265259,
                0.4028369188308716
            ],
            "bot_in_world": [
                -2.3882176876068115,
                11.359689712524414,
                9.660422801971436e-05
            ],
            "path": "./prompt_files/data/buy_a_good_avocado/subtask_1/seg_instance1_detect_surroundings.png"
        },
        "checkout_counter_sckdal_0": {
            "ability": [
                [
                    "heatable",
                    0
                ],
                [
                    "freezable",
                    0
                ]
            ],
            "position_in_bot": {
                "rho": 9.81896611368486,
                "theta_deg": 12.10083190427607,
                "phi_deg": 89.47389238336925
            },
            "orientation_in_bot": [
                0.7456872978311044,
                0.6659138651586114,
                -0.01699298426937738,
                -0.014846431506766379
            ],
            "position_in_world": [
                0.7368888761418364,
                2.0660888102035844,
                0.5243021984952884
            ],
            "bot_in_world": [
                -2.3882176876068115,
                11.359689712524414,
                9.660422801971436e-05
            ],
            "path": "./prompt_files/data/buy_a_good_avocado/subtask_1/seg_instance1_detect_surroundings.png"
        },
        "shopping_cart_kmgltg_1": {
            "ability": [
                [
                    "heatable",
                    0
                ],
                [
                    "freezable",
                    0
                ]
            ],
            "position_in_bot": {
                "rho": 13.252345328117546,
                "theta_deg": 19.392219656020366,
                "phi_deg": 90.58434375322456
            },
            "orientation_in_bot": [
                0.015346681755662379,
                0.01545276571267846,
                0.665901122294769,
                0.7457220572823942
            ],
            "position_in_world": [
                3.391235113143921,
                -0.5582277178764343,
                0.4311772882938385
            ],
            "bot_in_world": [
                -2.3882176876068115,
                11.359689712524414,
                9.660422801971436e-05
            ],