{
    "task": "dispose_of_water_bottle",
    "0_detect_surroundings": {
        "recycling_bin_278": {
            "ability": [
                [
                    "openable",
                    0
                ],
                [
                    "heatable",
                    0
                ],
                [
                    "freezable",
                    0
                ]
            ],
            "position_in_bot": {
                "rho": 1.250726836259617,
                "theta_deg": 87.66172762639489,
                "phi_deg": 95.96814569130028
            },
            "orientation_in_bot": [
                0.045637050560071654,
                0.7105614203467429,
                0.044995597284840025,
                0.7007104421627934
            ],
            "position_in_world": [
                -10.521559715270996,
                0.3153764307498932,
                0.3415152430534363
            ],
            "bot_in_world": [
                -11.758212089538574,
                0.1358014941215515,
                0.28896617889404297
            ],
            "path": "./prompt_files/data/dispose_of_water_bottle/subtask_7/seg_instance0_detect_surroundings.png"
        },
        "water_bottle_275": {
            "ability": [
                [
                    "heatable",
                    0
                ],
                [
                    "freezable",
                    0
                ]
            ],
            "position_in_bot": {
                "rho": 1.2460087511010076,
                "theta_deg": 87.28598760871266,
                "phi_deg": 96.47622884888852
            },
            "orientation_in_bot": [
                0.6072547022224329,
                -0.12200576833817285,
                0.18885131735090058,
                0.7620311667220612
            ],
            "position_in_world": [
                -10.525064468383789,
                0.3037794232368469,
                0.349531888961792
            ],
            "bot_in_world": [
                -11.758212089538574,
                0.1358014941215515,
                0.28896617889404297
            ],
            "path": "./prompt_files/data/dispose_of_water_bottle/subtask_7/seg_instance0_detect_surroundings.png"
        },
        "lawn_uinmme_0": {
            "ability": [
                [
                    "heatable",
                    0
                ],
                [
                    "freezable",
                    0
                ]
            ],
            "position_in_bot": {
                "rho": 2.8884509819271624,
                "theta_deg": 102.86149423261988,
                "phi_deg": 64.72773316195003
            },
            "orientation_in_bot": [
                0.43737812009956156,
                0.5618548597005718,
                0.4313078271126534,
                0.554069539823645
            ],
            "position_in_world": [
                -9.590114744188744,
                1.948030992984771,
                -0.30963798338357024
            ],
            "bot_in_world": [
                -11.758212089538574,
                0.1358014941215515,
                0.28896617889404297
            ],
            "path": "./prompt_files/data/dispose_of_water_bottle/subtask_7/seg_instance0_detect_surroundings.png"
        },
        "scene_graph": [
            [
                "recycling_bin_278",
                "inside",
                "water_bottle_275"
            ],
            [
                "recycling_bin_278",
                "ontop",
                "lawn_uinmme_0"
            ],
            [
                "water_bottle_275",
                "inside",
                "recycling_bin_278"
            ]
        ],
        "inventory": []
    },
    "1_detect_surroundings": {
        "recycling_bin_278": {
            "ability": [
                [
                    "openable",
                    0
                ],
                [
                    "heatable",
                    0
                ],
                [
                    "freezable",
                    0
                ]
            ],
            "position_in_bot": {
                "rho": 1.250726836259617,
                "theta_deg": 87.66172762639489,
                "phi_deg": 95.96814569130028
            },
            "orientation_in_bot": [
                0.045637050560071654,
                0.7105614203467429,
                0.044995597284840025,
                0.7007104421627934
            ],
            "position_in_world": [
                -10.521559715270996,
                0.3153764307498932,
                0.3415152430534363
            ],
            "bot_in_world": [
                -11.758212089538574,
                0.1358014941215515,
                0.28896617889404297
            ],
            "path": "./prompt_files/data/dispose_of_water_bottle/subtask_7/seg_instance1_detect_surroundings.png"
        },
        "water_bottle_275": {
            "ability": [
                [
                    "heatable",
                    0
                ],
                [
                    "freezable",
                    0
                ]
            ],
            "position_in_bot": {
                "rho": 1.2460087511010076,
                "theta_deg": 87.28598760871266,
                "phi_deg": 96.47622884888852
            },
            "orientation_in_bot": [
                0.6072547022224329,
                -0.12200576833817285,
                0.18885131735090058,
                0.7620311667220612
            ],
            "position_in_world": [
                -10.525064468383789,
                0.3037794232368469,
                0.349531888961792
            ],
            "bot_in_world": [
                -11.758212089538574,
                0.1358014941215515,
                0.28896617889404297
            ],
            "path": "./prompt_files/data/dispose_of_water_bottle/subtask_7/seg_instance1_detect_surroundings.png"
        },
        "lawn_uinmme_0": {
            "ability": [
                [
                    "heatable",
                    0
                ],
                [
                    "freezable",
                    0
                ]
            ],
            "position_in_bot": {
                "rho": 2.8884509819271624,
                "theta_deg": 102.86149423261988,
                "phi_deg": 64.72773316195003
            },
            "orientation_in_bot": [
                0.43737812009956156,
                0.5618548597005718,
                0.4313078271126534,
                0.554069539823645
            ],
            "position_in_world": [
                -9.590114744188744,
                1.948030992984771,
                -0.30963798338357024
            ],
            "bot_in_world": [
                -11.758212089538574,
                0.1358014941215515,
                0.28896617889404297
            ],
            "path": "./prompt_files/data/dispose_of_water_bottle/subtask_7/seg_instance1_detect_surroundings.png"
        },
        "scene_graph": [
            [
                "recycling_bin_278",
                "inside",
                "water_bottle_275"
            ],
            [
                "recycling_bin_278",
                "ontop",
                "lawn_uinmme_0"
            ],
            [
                "water_bottle_275",
                "inside",
                "recycling_bin_278"
            ]
        ],
        "inventory": []
    },
    "2_detect_surroundings": {
        "recycling_bin_278": {
            "ability": [
                [
                    "openable",
                    0
                ],
                [
                    "heatable",
                    0
                ],
                [
                    "freezable",
                    0
                ]
            ],