{
    "task": "buy_a_air_conditioner",
    "0_detect_surroundings": {
        "shopping_cart_kmgltg_1": {
            "ability": [
                [
                    "heatable",
                    0
                ],
                [
                    "freezable",
                    0
                ]
            ],
            "position_in_bot": {
                "rho": 132.86805438499434,
                "theta_deg": 19.788302419786618,
                "phi_deg": 2.4774099888134646
            },
            "orientation_in_bot": [
                -0.0016008482625168472,
                0.019624225453408726,
                0.07074785558736264,
                0.9972998886944607
            ],
            "position_in_world": [
                3.391177177429199,
                -0.5582025051116943,
                0.43117740750312805
            ],
            "bot_in_world": [
                3.39111590385437,
                -1.838221788406372,
                -132.4307098388672
            ],
            "path": "./prompt_files/data/buy_a_air_conditioner/subtask_15/seg_instance0_detect_surroundings.png"
        },
        "checkout_counter_sckdal_0": {
            "ability": [
                [
                    "heatable",
                    0
                ],
                [
                    "freezable",
                    0
                ]
            ],
            "position_in_bot": {
                "rho": 133.03880684998154,
                "theta_deg": 59.94169808456125,
                "phi_deg": 2.0746559353958007
            },
            "orientation_in_bot": [
                0.9972705330765119,
                0.07073240598224077,
                -0.021149398278743906,
                0.0010552505390207386
            ],
            "position_in_world": [
                0.7368888761418364,
                2.0660888102035844,
                0.5243021984952884
            ],
            "bot_in_world": [
                3.39111590385437,
                -1.838221788406372,
                -132.4307098388672
            ],
            "path": "./prompt_files/data/buy_a_air_conditioner/subtask_15/seg_instance0_detect_surroundings.png"
        },
        "ceiling_air_conditioner_143": {
            "ability": [
                [
                    "togglable",
                    0
                ],
                [
                    "heatable",
                    0
                ],
                [
                    "freezable",
                    0
                ]
            ],
            "position_in_bot": {
                "rho": 132.788183881079,
                "theta_deg": 107.3643436168684,
                "phi_deg": 2.9315802140075777
            },
            "orientation_in_bot": [
                -0.015097769762356755,
                0.014511594459597162,
                -0.6169981478138262,
                0.7866859326114526
            ],
            "position_in_world": [
                -3.313384771347046,
                4.982326030731201,
                0.012603465467691422
            ],
            "bot_in_world": [
                3.39111590385437,
                -1.838221788406372,
                -132.4307098388672
            ],
            "path": "./prompt_files/data/buy_a_air_conditioner/subtask_15/seg_instance0_detect_surroundings.png"
        },
        "money_142": {
            "ability": [
                [
                    "heatable",
                    0
                ],
                [
                    "freezable",
                    0
                ]
            ],
            "position_in_bot": {
                "rho": 132.83546003582816,
                "theta_deg": 19.191708214512087,
                "phi_deg": 2.5127214008122674
            },
            "orientation_in_bot": [
                -0.010370420321457447,
                0.004283233595467505,
                -0.40827312189050063,
                0.9127908666469594
            ],
            "position_in_world": [
                3.483302593231201,
                -0.6014155149459839,
                0.3989589512348175
            ],
            "bot_in_world": [
                3.39111590385437,
                -1.838221788406372,
                -132.4307098388672
            ],
            "path": "./prompt_files/data/buy_a_air_conditioner/subtask_15/seg_instance0_detect_surroundings.png"
        },
        "scene_graph": [
            [
                "money_142",
                "inside",
                "shopping_cart_kmgltg_1"
            ]
        ],
        "inventory": []
    },
    "1_detect_surroundings": {
        "shopping_cart_kmgltg_1": {
            "ability": [
                [
                    "heatable",
                    0
                ],
                [
                    "freezable",
                    0
                ]
            ],
            "position_in_bot": {
                "rho": 132.86805438499434,
                "theta_deg": 19.788302419786618,
                "phi_deg": 2.4774099888134646
            },
            "orientation_in_bot": [
                -0.0016008482625168472,
                0.019624225453408726,
                0.07074785558736264,
                0.9972998886944607
            ],
            "position_in_world": [
                3.391177177429199,
                -0.5582025051116943,
                0.43117740750312805
            ],
            "bot_in_world": [
                3.39111590385437,
                -1.838221788406372,
                -132.4307098388672
            ],
            "path": "./prompt_files/data/buy_a_air_conditioner/subtask_15/seg_instance1_detect_surroundings.png"
        },
        "checkout_counter_sckdal_0": {
            "ability": [
                [
                    "heatable",
                    0
                ],
                [
                    "freezable",
                    0
                ]
            ],
            "position_in_bot": {
                "rho": 133.03880684998154,
                "theta_deg": 59.94169808456125,
                "phi_deg": 2.0746559353958007
            },
            "orientation_in_bot": [
                0.9972705330765119,
                0.07073240598224077,
                -0.021149398278743906,
                0.0010552505390207386
            ],
            "position_in_world": [
                0.7368888761418364,
                2.0660888102035844,
                0.5243021984952884
            ],
            "bot_in_world": [
                3.39111590385437,
                -1.838221788406372,
                -132.4307098388672
            ],
            "path": "./prompt_files/data/buy_a_air_conditioner/subtask_15/seg_instance1_detect_surroundings.png"
        },
        "ceiling_air_conditioner_143": {
            "ability": [
                [
                    "togglable",
                    0
                ],
                [
                    "heatable",
                    0
                ],
                [
                    "freezable",
                    0
                ]
            ],
            "position_in_bot": {
                "rho": 132.788183881079,
                "theta_deg": 107.3643436168684,
                "phi_deg": 2.9315802140075777
            },
            "orientation_in_bot": [
                -0.015097769762356755,
                0.014511594459597162,
                -0.6169981478138262,
                0.7866859326114526
            ],
            "position_in_world": [
                -3.313384771347046,
                4.982326030731201,
                0.012603465467691422
            ],
            "bot_in_world": [
                3.39111590385437,
                -1.838221788406372,
                -132.4307098388672
            ],