{
    "task": "dispose_of_water_bottle",
    "0_detect_surroundings": {
        "recycling_bin_278": {
            "ability": [
                [
                    "openable",
                    0
                ],
                [
                    "heatable",
                    0
                ],
                [
                    "freezable",
                    0
                ]
            ],
            "position_in_bot": {
                "rho": 1.250729651704711,
                "theta_deg": 87.66190326600788,
                "phi_deg": 95.9681317688271
            },
            "orientation_in_bot": [
                0.04563533833865936,
                0.7105620999664057,
                0.04499718841856971,
                0.7007097623270787
            ],
            "position_in_world": [
                -10.521559715270996,
                0.3153764605522156,
                0.341515451669693
            ],
            "bot_in_world": [
                -11.758214950561523,
                0.13580171763896942,
                0.28896623849868774
            ],
            "path": "./prompt_files/data/dispose_of_water_bottle/subtask_6/seg_instance0_detect_surroundings.png"
        },
        "water_bottle_275": {
            "ability": [
                [
                    "heatable",
                    0
                ],
                [
                    "freezable",
                    0
                ]
            ],
            "position_in_bot": {
                "rho": 1.2460477633115472,
                "theta_deg": 87.28798449853885,
                "phi_deg": 96.479933138383
            },
            "orientation_in_bot": [
                0.6068523663550955,
                -0.1221463856676372,
                0.18956316912777188,
                0.7621523934409636
            ],
            "position_in_world": [
                -10.525015830993652,
                0.3037041127681732,
                0.3494952619075775
            ],
            "bot_in_world": [
                -11.758214950561523,
                0.13580171763896942,
                0.28896623849868774
            ],
            "path": "./prompt_files/data/dispose_of_water_bottle/subtask_6/seg_instance0_detect_surroundings.png"
        },
        "lawn_uinmme_0": {
            "ability": [
                [
                    "heatable",
                    0
                ],
                [
                    "freezable",
                    0
                ]
            ],
            "position_in_bot": {
                "rho": 2.8884530000311655,
                "theta_deg": 102.86165421196769,
                "phi_deg": 64.7277272267966
            },
            "orientation_in_bot": [
                0.4373775332595384,
                0.5618554438037842,
                0.43130881677156374,
                0.5540686403713605
            ],
            "position_in_world": [
                -9.590114744188744,
                1.948030992984771,
                -0.30963798338357024
            ],
            "bot_in_world": [
                -11.758214950561523,
                0.13580171763896942,
                0.28896623849868774
            ],
            "path": "./prompt_files/data/dispose_of_water_bottle/subtask_6/seg_instance0_detect_surroundings.png"
        },
        "scene_graph": [
            [
                "recycling_bin_278",
                "inside",
                "water_bottle_275"
            ],
            [
                "recycling_bin_278",
                "ontop",
                "lawn_uinmme_0"
            ],
            [
                "water_bottle_275",
                "inside",
                "recycling_bin_278"
            ]
        ],
        "inventory": []
    },
    "1_detect_surroundings": {
        "recycling_bin_278": {
            "ability": [
                [
                    "openable",
                    0
                ],
                [
                    "heatable",
                    0
                ],
                [
                    "freezable",
                    0
                ]
            ],
            "position_in_bot": {
                "rho": 1.250729651704711,
                "theta_deg": 87.66190326600788,
                "phi_deg": 95.9681317688271
            },
            "orientation_in_bot": [
                0.04563533833865936,
                0.7105620999664057,
                0.04499718841856971,
                0.7007097623270787
            ],
            "position_in_world": [
                -10.521559715270996,
                0.3153764605522156,
                0.341515451669693
            ],
            "bot_in_world": [
                -11.758214950561523,
                0.13580171763896942,
                0.28896623849868774
            ],
            "path": "./prompt_files/data/dispose_of_water_bottle/subtask_6/seg_instance1_detect_surroundings.png"
        },
        "water_bottle_275": {
            "ability": [
                [
                    "heatable",
                    0
                ],
                [
                    "freezable",
                    0
                ]
            ],
            "position_in_bot": {
                "rho": 1.2460477633115472,
                "theta_deg": 87.28798449853885,
                "phi_deg": 96.479933138383
            },
            "orientation_in_bot": [
                0.6068523663550955,
                -0.1221463856676372,
                0.18956316912777188,
                0.7621523934409636
            ],
            "position_in_world": [
                -10.525015830993652,
                0.3037041127681732,
                0.3494952619075775
            ],
            "bot_in_world": [
                -11.758214950561523,
                0.13580171763896942,
                0.28896623849868774
            ],
            "path": "./prompt_files/data/dispose_of_water_bottle/subtask_6/seg_instance1_detect_surroundings.png"
        },
        "lawn_uinmme_0": {
            "ability": [
                [
                    "heatable",
                    0
                ],
                [
                    "freezable",
                    0
                ]
            ],
            "position_in_bot": {
                "rho": 2.8884530000311655,
                "theta_deg": 102.86165421196769,
                "phi_deg": 64.7277272267966
            },
            "orientation_in_bot": [
                0.4373775332595384,
                0.5618554438037842,
                0.43130881677156374,
                0.5540686403713605
            ],
            "position_in_world": [
                -9.590114744188744,
                1.948030992984771,
                -0.30963798338357024
            ],
            "bot_in_world": [
                -11.758214950561523,
                0.13580171763896942,
                0.28896623849868774
            ],
            "path": "./prompt_files/data/dispose_of_water_bottle/subtask_6/seg_instance1_detect_surroundings.png"
        },
        "scene_graph": [
            [
                "recycling_bin_278",
                "inside",
                "water_bottle_275"
            ],
            [
                "recycling_bin_278",
                "ontop",
                "lawn_uinmme_0"
            ],
            [
                "water_bottle_275",
                "inside",
                "recycling_bin_278"
            ]
        ],
        "inventory": []
    },
    "2_detect_surroundings": {
        "recycling_bin_278": {
            "ability": [
                [
                    "openable",
                    0
                ],
                [
                    "heatable",
                    0
                ],
                [
                    "freezable",
                    0
                ]
            ],