{
    "task": "buy_a_air_conditioner",
    "0_detect_surroundings": {
        "shopping_cart_kmgltg_1": {
            "ability": [
                [
                    "heatable",
                    0
                ],
                [
                    "freezable",
                    0
                ]
            ],
            "position_in_bot": {
                "rho": 2.6809058032175184,
                "theta_deg": 10.206495677096003,
                "phi_deg": 83.2106517873928
            },
            "orientation_in_bot": [
                0.0005210907207702871,
                0.020206083762744863,
                0.0707648171136923,
                0.9972882147615599
            ],
            "position_in_world": [
                3.39117693901062,
                -0.558202862739563,
                0.43117737770080566
            ],
            "bot_in_world": [
                0.7470026612281799,
                -0.6572416424751282,
                0.00014378130435943604
            ],
            "path": "./prompt_files/data/buy_a_air_conditioner/subtask_1/seg_instance0_detect_surroundings.png"
        },
        "checkout_counter_sckdal_0": {
            "ability": [
                [
                    "heatable",
                    0
                ],
                [
                    "freezable",
                    0
                ]
            ],
            "position_in_bot": {
                "rho": 2.773332647360976,
                "theta_deg": 97.845920790088,
                "phi_deg": 78.80853756907096
            },
            "orientation_in_bot": [
                0.9972565859822987,
                0.0707525997964176,
                -0.021730900007515243,
                -0.0010673902011051398
            ],
            "position_in_world": [
                0.7368888761418364,
                2.0660888102035844,
                0.5243021984952884
            ],
            "bot_in_world": [
                0.7470026612281799,
                -0.6572416424751282,
                0.00014378130435943604
            ],
            "path": "./prompt_files/data/buy_a_air_conditioner/subtask_1/seg_instance0_detect_surroundings.png"
        },
        "ceiling_air_conditioner_143": {
            "ability": [
                [
                    "togglable",
                    0
                ],
                [
                    "heatable",
                    0
                ],
                [
                    "freezable",
                    0
                ]
            ],
            "position_in_bot": {
                "rho": 6.949217625998021,
                "theta_deg": 133.83923095130945,
                "phi_deg": 88.20915557599882
            },
            "orientation_in_bot": [
                -0.013914726606762016,
                0.016367468106634933,
                -0.616974828327632,
                0.7866896132410333
            ],
            "position_in_world": [
                -3.313384771347046,
                4.982326030731201,
                0.012603464536368847
            ],
            "bot_in_world": [
                0.7470026612281799,
                -0.6572416424751282,
                0.00014378130435943604
            ],
            "path": "./prompt_files/data/buy_a_air_conditioner/subtask_1/seg_instance0_detect_surroundings.png"
        },
        "money_142": {
            "ability": [
                [
                    "heatable",
                    0
                ],
                [
                    "freezable",
                    0
                ]
            ],
            "position_in_bot": {
                "rho": 2.765791054347913,
                "theta_deg": 9.242078604093743,
                "phi_deg": 84.17435868088707
            },
            "orientation_in_bot": [
                -0.007433291614957684,
                0.004114266537429558,
                -0.40828525784852954,
                0.9128148592185523
            ],
            "position_in_world": [
                3.4832921028137207,
                -0.6014151573181152,
                0.39914754033088684
            ],
            "bot_in_world": [
                0.7470026612281799,
                -0.6572416424751282,
                0.00014378130435943604
            ],
            "path": "./prompt_files/data/buy_a_air_conditioner/subtask_1/seg_instance0_detect_surroundings.png"
        },
        "scene_graph": [
            [
                "money_142",
                "inside",
                "shopping_cart_kmgltg_1"
            ]
        ],
        "inventory": []
    },
    "1_detect_surroundings": {
        "shopping_cart_kmgltg_1": {
            "ability": [
                [
                    "heatable",
                    0
                ],
                [
                    "freezable",
                    0
                ]
            ],
            "position_in_bot": {
                "rho": 2.6809058032175184,
                "theta_deg": 10.206495677096003,
                "phi_deg": 83.2106517873928
            },
            "orientation_in_bot": [
                0.0005210907207702871,
                0.020206083762744863,
                0.0707648171136923,
                0.9972882147615599
            ],
            "position_in_world": [
                3.39117693901062,
                -0.558202862739563,
                0.43117737770080566
            ],
            "bot_in_world": [
                0.7470026612281799,
                -0.6572416424751282,
                0.00014378130435943604
            ],
            "path": "./prompt_files/data/buy_a_air_conditioner/subtask_1/seg_instance1_detect_surroundings.png"
        },
        "checkout_counter_sckdal_0": {
            "ability": [
                [
                    "heatable",
                    0
                ],
                [
                    "freezable",
                    0
                ]
            ],
            "position_in_bot": {
                "rho": 2.773332647360976,
                "theta_deg": 97.845920790088,
                "phi_deg": 78.80853756907096
            },
            "orientation_in_bot": [
                0.9972565859822987,
                0.0707525997964176,
                -0.021730900007515243,
                -0.0010673902011051398
            ],
            "position_in_world": [
                0.7368888761418364,
                2.0660888102035844,
                0.5243021984952884
            ],
            "bot_in_world": [
                0.7470026612281799,
                -0.6572416424751282,
                0.00014378130435943604
            ],
            "path": "./prompt_files/data/buy_a_air_conditioner/subtask_1/seg_instance1_detect_surroundings.png"
        },
        "ceiling_air_conditioner_143": {
            "ability": [
                [
                    "togglable",
                    0
                ],
                [
                    "heatable",
                    0
                ],
                [
                    "freezable",
                    0
                ]
            ],
            "position_in_bot": {
                "rho": 6.949217625998021,
                "theta_deg": 133.83923095130945,
                "phi_deg": 88.20915557599882
            },
            "orientation_in_bot": [
                -0.013914726606762016,
                0.016367468106634933,
                -0.616974828327632,
                0.7866896132410333
            ],
            "position_in_world": [
                -3.313384771347046,
                4.982326030731201,
                0.012603464536368847
            ],
            "bot_in_world": [
                0.7470026612281799,
                -0.6572416424751282,
                0.00014378130435943604
            ],