{
    "task": "put_a_paving_stone_on_the_floor",
    "0_detect_surroundings": {
        "paving_stone_275": {
            "ability": [
                [
                    "heatable",
                    0
                ],
                [
                    "freezable",
                    0
                ]
            ],
            "position_in_bot": {
                "rho": 3.030476513294079,
                "theta_deg": 37.689376812654004,
                "phi_deg": 91.98579538146299
            },
            "orientation_in_bot": [
                0.0034363739765322153,
                0.020843505001593442,
                0.09129656926815055,
                0.9955996565251556
            ],
            "position_in_world": [
                -9.193512916564941,
                22.167011260986328,
                0.005972136277705431
            ],
            "bot_in_world": [
                -12.145023345947266,
                21.479717254638672,
                0.00479966402053833
            ],
            "path": "./prompt_files/data/put_a_paving_stone_on_the_floor/subtask_1/seg_instance0_detect_surroundings.png"
        },
        "scene_graph": [],
        "inventory": []
    },
    "1_detect_surroundings": {
        "paving_stone_275": {
            "ability": [
                [
                    "heatable",
                    0
                ],
                [
                    "freezable",
                    0
                ]
            ],
            "position_in_bot": {
                "rho": 3.030476513294079,
                "theta_deg": 37.689376812654004,
                "phi_deg": 91.98579538146299
            },
            "orientation_in_bot": [
                0.0034363739765322153,
                0.020843505001593442,
                0.09129656926815055,
                0.9955996565251556
            ],
            "position_in_world": [
                -9.193512916564941,
                22.167011260986328,
                0.005972136277705431
            ],
            "bot_in_world": [
                -12.145023345947266,
                21.479717254638672,
                0.00479966402053833
            ],
            "path": "./prompt_files/data/put_a_paving_stone_on_the_floor/subtask_1/seg_instance1_detect_surroundings.png"
        },
        "scene_graph": [],
        "inventory": []
    },
    "2_detect_surroundings": {
        "paving_stone_275": {
            "ability": [
                [
                    "heatable",
                    0
                ],
                [
                    "freezable",
                    0
                ]
            ],
            "position_in_bot": {
                "rho": 3.030476513294079,
                "theta_deg": 37.689376812654004,
                "phi_deg": 91.98579538146299
            },
            "orientation_in_bot": [
                0.0034363739765322153,
                0.020843505001593442,
                0.09129656926815055,
                0.9955996565251556
            ],
            "position_in_world": [
                -9.193512916564941,
                22.167011260986328,
                0.005972136277705431
            ],
            "bot_in_world": [
                -12.145023345947266,
                21.479717254638672,
                0.00479966402053833
            ],
            "path": "./prompt_files/data/put_a_paving_stone_on_the_floor/subtask_1/seg_instance2_detect_surroundings.png"
        },
        "scene_graph": [],
        "inventory": []
    },
    "3_detect_surroundings": {
        "paving_stone_275": {
            "ability": [
                [
                    "heatable",
                    0
                ],
                [
                    "freezable",
                    0
                ]
            ],
            "position_in_bot": {
                "rho": 3.030476513294079,
                "theta_deg": 37.689376812654004,
                "phi_deg": 91.98579538146299
            },
            "orientation_in_bot": [
                0.0034363739765322153,
                0.020843505001593442,
                0.09129656926815055,
                0.9955996565251556
            ],
            "position_in_world": [
                -9.193512916564941,
                22.167011260986328,
                0.005972136277705431
            ],
            "bot_in_world": [
                -12.145023345947266,
                21.479717254638672,
                0.00479966402053833
            ],
            "path": "./prompt_files/data/put_a_paving_stone_on_the_floor/subtask_1/seg_instance3_detect_surroundings.png"
        },
        "scene_graph": [],
        "inventory": []
    },
    "4_detect_surroundings": {
        "paving_stone_275": {
            "ability": [
                [
                    "heatable",
                    0
                ],
                [
                    "freezable",
                    0
                ]
            ],
            "position_in_bot": {
                "rho": 3.030476513294079,
                "theta_deg": 37.689376812654004,
                "phi_deg": 91.98579538146299
            },
            "orientation_in_bot": [
                0.0034363739765322153,
                0.020843505001593442,
                0.09129656926815055,
                0.9955996565251556
            ],
            "position_in_world": [
                -9.193512916564941,
                22.167011260986328,
                0.005972136277705431
            ],
            "bot_in_world": [
                -12.145023345947266,
                21.479717254638672,
                0.00479966402053833
            ],
            "path": "./prompt_files/data/put_a_paving_stone_on_the_floor/subtask_1/seg_instance4_detect_surroundings.png"
        },
        "scene_graph": [],
        "inventory": []
    },
    "5_detect_surroundings": {
        "paving_stone_275": {
            "ability": [
                [
                    "heatable",
                    0
                ],
                [
                    "freezable",
                    0
                ]
            ],
            "position_in_bot": {
                "rho": 3.030476513294079,
                "theta_deg": 37.689376812654004,
                "phi_deg": 91.98579538146299
            },
            "orientation_in_bot": [
                0.0034363739765322153,
                0.020843505001593442,
                0.09129656926815055,
                0.9955996565251556
            ],
            "position_in_world": [
                -9.193512916564941,
                22.167011260986328,
                0.005972136277705431
            ],
            "bot_in_world": [
                -12.145023345947266,
                21.479717254638672,
                0.00479966402053833
            ],
            "path": "./prompt_files/data/put_a_paving_stone_on_the_floor/subtask_1/seg_instance5_detect_surroundings.png"
        },
        "scene_graph": [],
        "inventory": []
    },
    "6_detect_surroundings": {
        "paving_stone_275": {
            "ability": [
                [
                    "heatable",
                    0
                ],
                [
                    "freezable",
                    0
                ]
            ],
            "position_in_bot": {
                "rho": 3.030476513294079,
                "theta_deg": 37.689376812654004,
                "phi_deg": 91.98579538146299
            },
            "orientation_in_bot": [
                0.0034363739765322153,
                0.020843505001593442,
                0.09129656926815055,
                0.9955996565251556
            ],
            "position_in_world": [
                -9.193512916564941,
                22.167011260986328,
                0.005972136277705431
            ],