{
    "task": "put_a_book_in_the_carton",
    "0_detect_surroundings": {
        "hardback_188": {
            "ability": [
                [
                    "heatable",
                    0
                ],
                [
                    "freezable",
                    0
                ]
            ],
            "position_in_bot": {
                "rho": 0.7734596943281283,
                "theta_deg": 112.00392868138297,
                "phi_deg": 72.43610652056526
            },
            "orientation_in_bot": [
                -0.4642668349750374,
                0.007742216593303129,
                0.0014310256127054249,
                0.8856603842275996
            ],
            "position_in_world": [
                -1.807637095451355,
                -3.034050941467285,
                0.009210026822984219
            ],
            "bot_in_world": [
                -2.365649700164795,
                -3.490532636642456,
                0.2893640697002411
            ],
            "path": "./prompt_files/data/put_a_book_in_the_carton/subtask_8/seg_instance0_detect_surroundings.png"
        },
        "shelf_owvfik_1": {
            "ability": [
                [
                    "heatable",
                    0
                ],
                [
                    "freezable",
                    0
                ]
            ],
            "position_in_bot": {
                "rho": 2.285915939273928,
                "theta_deg": 94.24460924326485,
                "phi_deg": 63.31264228191079
            },
            "orientation_in_bot": [
                0.40494568572281797,
                0.5868509175901909,
                0.3982214397452841,
                0.5771002313855201
            ],
            "position_in_world": [
                -0.8248105049133301,
                -1.810388207435608,
                0.12101665139198303
            ],
            "bot_in_world": [
                -2.365649700164795,
                -3.490532636642456,
                0.2893640697002411
            ],
            "path": "./prompt_files/data/put_a_book_in_the_carton/subtask_8/seg_instance0_detect_surroundings.png"
        },
        "carton_195": {
            "ability": [
                [
                    "openable",
                    0
                ],
                [
                    "heatable",
                    0
                ],
                [
                    "freezable",
                    0
                ]
            ],
            "position_in_bot": {
                "rho": 1.2607350403201556,
                "theta_deg": 79.74585216803644,
                "phi_deg": 75.84145651649938
            },
            "orientation_in_bot": [
                0.10540760216367437,
                0.7059225215613834,
                0.09852072945871644,
                0.6934380266652855
            ],
            "position_in_world": [
                -1.3517495393753052,
                -2.771965265274048,
                0.5017792582511902
            ],
            "bot_in_world": [
                -2.365649700164795,
                -3.490532636642456,
                0.2893640697002411
            ],
            "path": "./prompt_files/data/put_a_book_in_the_carton/subtask_8/seg_instance0_detect_surroundings.png"
        },
        "scene_graph": [],
        "inventory": []
    },
    "1_detect_surroundings": {
        "hardback_188": {
            "ability": [
                [
                    "heatable",
                    0
                ],
                [
                    "freezable",
                    0
                ]
            ],
            "position_in_bot": {
                "rho": 0.7734596943281283,
                "theta_deg": 112.00392868138297,
                "phi_deg": 72.43610652056526
            },
            "orientation_in_bot": [
                -0.4642668349750374,
                0.007742216593303129,
                0.0014310256127054249,
                0.8856603842275996
            ],
            "position_in_world": [
                -1.807637095451355,
                -3.034050941467285,
                0.009210026822984219
            ],
            "bot_in_world": [
                -2.365649700164795,
                -3.490532636642456,
                0.2893640697002411
            ],
            "path": "./prompt_files/data/put_a_book_in_the_carton/subtask_8/seg_instance1_detect_surroundings.png"
        },
        "shelf_owvfik_1": {
            "ability": [
                [
                    "heatable",
                    0
                ],
                [
                    "freezable",
                    0
                ]
            ],
            "position_in_bot": {
                "rho": 2.285915939273928,
                "theta_deg": 94.24460924326485,
                "phi_deg": 63.31264228191079
            },
            "orientation_in_bot": [
                0.40494568572281797,
                0.5868509175901909,
                0.3982214397452841,
                0.5771002313855201
            ],
            "position_in_world": [
                -0.8248105049133301,
                -1.810388207435608,
                0.12101665139198303
            ],
            "bot_in_world": [
                -2.365649700164795,
                -3.490532636642456,
                0.2893640697002411
            ],
            "path": "./prompt_files/data/put_a_book_in_the_carton/subtask_8/seg_instance1_detect_surroundings.png"
        },
        "carton_195": {
            "ability": [
                [
                    "openable",
                    0
                ],
                [
                    "heatable",
                    0
                ],
                [
                    "freezable",
                    0
                ]
            ],
            "position_in_bot": {
                "rho": 1.2607350403201556,
                "theta_deg": 79.74585216803644,
                "phi_deg": 75.84145651649938
            },
            "orientation_in_bot": [
                0.10540760216367437,
                0.7059225215613834,
                0.09852072945871644,
                0.6934380266652855
            ],
            "position_in_world": [
                -1.3517495393753052,
                -2.771965265274048,
                0.5017792582511902
            ],
            "bot_in_world": [
                -2.365649700164795,
                -3.490532636642456,
                0.2893640697002411
            ],
            "path": "./prompt_files/data/put_a_book_in_the_carton/subtask_8/seg_instance1_detect_surroundings.png"
        },
        "scene_graph": [],
        "inventory": []
    },
    "2_detect_surroundings": {
        "hardback_188": {
            "ability": [
                [
                    "heatable",
                    0
                ],
                [
                    "freezable",
                    0
                ]
            ],
            "position_in_bot": {
                "rho": 0.7734596943281283,
                "theta_deg": 112.00392868138297,
                "phi_deg": 72.43610652056526
            },
            "orientation_in_bot": [
                -0.4642668349750374,
                0.007742216593303129,
                0.0014310256127054249,
                0.8856603842275996
            ],
            "position_in_world": [
                -1.807637095451355,
                -3.034050941467285,
                0.009210026822984219
            ],
            "bot_in_world": [
                -2.365649700164795,
                -3.490532636642456,
                0.2893640697002411
            ],
            "path": "./prompt_files/data/put_a_book_in_the_carton/subtask_8/seg_instance2_detect_surroundings.png"
        },