{
    "task": "covering_a_boat_with_rope",
    "0_detect_surroundings": {
        "driveway_aipswu_0": {
            "ability": [
                [
                    "heatable",
                    0
                ],
                [
                    "freezable",
                    0
                ]
            ],
            "position_in_bot": {
                "rho": 22.835700152605725,
                "theta_deg": -51.265288050235014,
                "phi_deg": 92.35831700399567
            },
            "orientation_in_bot": [
                0.9767201632020671,
                0.21338540909321366,
                -0.021525033833044986,
                -0.004589433422048785
            ],
            "position_in_world": [
                -2.6706480045318606,
                -3.274310606757527,
                -0.30963682070240983
            ],
            "bot_in_world": [
                -8.249187469482422,
                18.867284774780273,
                0.004780471324920654
            ],
            "path": "./prompt_files/data/covering_a_boat_with_rope/subtask_1/seg_instance0_detect_surroundings.png"
        },
        "rope_277": {
            "ability": [
                [
                    "heatable",
                    0
                ],
                [
                    "freezable",
                    0
                ]
            ],
            "position_in_bot": {
                "rho": 24.048392524340112,
                "theta_deg": -61.22985663189544,
                "phi_deg": 88.70794293171377
            },
            "orientation_in_bot": [
                -0.009865601041413742,
                0.02344035013359534,
                -0.4582919422876415,
                0.8884377949726853
            ],
            "position_in_world": [
                -6.55269193649292,
                -5.098364353179932,
                1.051085114479065
            ],
            "bot_in_world": [
                -8.249187469482422,
                18.867284774780273,
                0.004780471324920654
            ],
            "path": "./prompt_files/data/covering_a_boat_with_rope/subtask_1/seg_instance0_detect_surroundings.png"
        },
        "kayak_275": {
            "ability": [
                [
                    "heatable",
                    0
                ],
                [
                    "freezable",
                    0
                ]
            ],
            "position_in_bot": {
                "rho": 19.16956958235326,
                "theta_deg": -41.086555230698835,
                "phi_deg": 91.27595804722782
            },
            "orientation_in_bot": [
                -0.03233290405433857,
                0.029046003135903095,
                -0.1770449382976255,
                0.9832425961279505
            ],
            "position_in_world": [
                -0.3686152398586273,
                1.393694281578064,
                0.21121838688850403
            ],
            "bot_in_world": [
                -8.249187469482422,
                18.867284774780273,
                0.004780471324920654
            ],
            "path": "./prompt_files/data/covering_a_boat_with_rope/subtask_1/seg_instance0_detect_surroundings.png"
        },
        "rope_278": {
            "ability": [
                [
                    "heatable",
                    0
                ],
                [
                    "freezable",
                    0
                ]
            ],
            "position_in_bot": {
                "rho": 27.08578527860114,
                "theta_deg": -59.892402836582235,
                "phi_deg": 89.03934551208906
            },
            "orientation_in_bot": [
                -0.0057225291036579395,
                0.02368078009410483,
                -0.23832326965162018,
                0.970880266797793
            ],
            "position_in_world": [
                -5.702455997467041,
                -8.07819938659668,
                1.0511136054992676
            ],
            "bot_in_world": [
                -8.249187469482422,
                18.867284774780273,
                0.004780471324920654
            ],
            "path": "./prompt_files/data/covering_a_boat_with_rope/subtask_1/seg_instance0_detect_surroundings.png"
        },
        "scene_graph": [
            [
                "rope_277",
                "ontop",
                "driveway_aipswu_0"
            ],
            [
                "kayak_275",
                "ontop",
                "driveway_aipswu_0"
            ],
            [
                "rope_278",
                "ontop",
                "driveway_aipswu_0"
            ]
        ],
        "inventory": []
    },
    "1_detect_surroundings": {
        "driveway_aipswu_0": {
            "ability": [
                [
                    "heatable",
                    0
                ],
                [
                    "freezable",
                    0
                ]
            ],
            "position_in_bot": {
                "rho": 22.835700152605725,
                "theta_deg": -51.265288050235014,
                "phi_deg": 92.35831700399567
            },
            "orientation_in_bot": [
                0.9767201632020671,
                0.21338540909321366,
                -0.021525033833044986,
                -0.004589433422048785
            ],
            "position_in_world": [
                -2.6706480045318606,
                -3.274310606757527,
                -0.30963682070240983
            ],
            "bot_in_world": [
                -8.249187469482422,
                18.867284774780273,
                0.004780471324920654
            ],
            "path": "./prompt_files/data/covering_a_boat_with_rope/subtask_1/seg_instance1_detect_surroundings.png"
        },
        "rope_277": {
            "ability": [
                [
                    "heatable",
                    0
                ],
                [
                    "freezable",
                    0
                ]
            ],
            "position_in_bot": {
                "rho": 24.048392524340112,
                "theta_deg": -61.22985663189544,
                "phi_deg": 88.70794293171377
            },
            "orientation_in_bot": [
                -0.009865601041413742,
                0.02344035013359534,
                -0.4582919422876415,
                0.8884377949726853
            ],
            "position_in_world": [
                -6.55269193649292,
                -5.098364353179932,
                1.051085114479065
            ],
            "bot_in_world": [
                -8.249187469482422,
                18.867284774780273,
                0.004780471324920654
            ],
            "path": "./prompt_files/data/covering_a_boat_with_rope/subtask_1/seg_instance1_detect_surroundings.png"
        },
        "kayak_275": {
            "ability": [
                [
                    "heatable",
                    0
                ],
                [
                    "freezable",
                    0
                ]
            ],
            "position_in_bot": {
                "rho": 19.16956958235326,
                "theta_deg": -41.086555230698835,
                "phi_deg": 91.27595804722782
            },
            "orientation_in_bot": [
                -0.03233290405433857,
                0.029046003135903095,
                -0.1770449382976255,
                0.9832425961279505
            ],
            "position_in_world": [
                -0.3686152398586273,
                1.393694281578064,
                0.21121838688850403
            ],
            "bot_in_world": [
                -8.249187469482422,
                18.867284774780273,
                0.004780471324920654
            ],