{
    "task": "buy_a_good_avocado",
    "0_detect_surroundings": {
        "money_143": {
            "ability": [
                [
                    "heatable",
                    0
                ],
                [
                    "freezable",
                    0
                ]
            ],
            "position_in_bot": {
                "rho": 38.893088808254106,
                "theta_deg": 179.7610131205919,
                "phi_deg": 89.77540758640346
            },
            "orientation_in_bot": [
                -0.3715081304201079,
                -0.12254687678676342,
                -0.16330454964020305,
                0.9057017147429811
            ],
            "position_in_world": [
                1.2562305927276611,
                4.8233747482299805,
                -38.5998420715332
            ],
            "bot_in_world": [
                0.744301438331604,
                4.986433506011963,
                0.2895349860191345
            ],
            "path": "./prompt_files/data/buy_a_good_avocado/subtask_10/seg_instance0_detect_surroundings.png"
        },
        "checkout_counter_sckdal_0": {
            "ability": [
                [
                    "heatable",
                    0
                ],
                [
                    "freezable",
                    0
                ]
            ],
            "position_in_bot": {
                "rho": 2.92977528994132,
                "theta_deg": -84.96652929789084,
                "phi_deg": 126.74492550781592
            },
            "orientation_in_bot": [
                -0.6649345088432022,
                -0.22222113091475448,
                0.6763964767839449,
                0.22576021376381475
            ],
            "position_in_world": [
                0.7368888761418364,
                2.0660888102035844,
                0.5243021984952884
            ],
            "bot_in_world": [
                0.744301438331604,
                4.986433506011963,
                0.2895349860191345
            ],
            "path": "./prompt_files/data/buy_a_good_avocado/subtask_10/seg_instance0_detect_surroundings.png"
        },
        "shopping_cart_kmgltg_1": {
            "ability": [
                [
                    "heatable",
                    0
                ],
                [
                    "freezable",
                    0
                ]
            ],
            "position_in_bot": {
                "rho": 6.14569493716198,
                "theta_deg": -88.98509054926359,
                "phi_deg": 152.45957000915467
            },
            "orientation_in_bot": [
                0.22565500751152134,
                0.6752646565829818,
                0.22232679028178176,
                0.6660842735554141
            ],
            "position_in_world": [
                3.3912343978881836,
                -0.5582259893417358,
                0.4311772584915161
            ],
            "bot_in_world": [
                0.744301438331604,
                4.986433506011963,
                0.2895349860191345
            ],
            "path": "./prompt_files/data/buy_a_good_avocado/subtask_10/seg_instance0_detect_surroundings.png"
        },
        "avocado_142": {
            "ability": [
                [
                    "heatable",
                    0
                ],
                [
                    "freezable",
                    0
                ],
                [
                    "burnable",
                    0
                ],
                [
                    "cookable",
                    0
                ]
            ],
            "position_in_bot": {
                "rho": 2.946112586496776,
                "theta_deg": 98.88385212400466,
                "phi_deg": 140.93087829366686
            },
            "orientation_in_bot": [
                0.7598458900788045,
                0.21079945630167743,
                0.5930211074184081,
                -0.16286122531011266
            ],
            "position_in_world": [
                3.6786696910858154,
                5.0756049156188965,
                0.042329128831624985
            ],
            "bot_in_world": [
                0.744301438331604,
                4.986433506011963,
                0.2895349860191345
            ],
            "path": "./prompt_files/data/buy_a_good_avocado/subtask_10/seg_instance0_detect_surroundings.png"
        },
        "scene_graph": [],
        "inventory": [
            "avocado_142",
            "money_143"
        ]
    },
    "1_detect_surroundings": {
        "money_143": {
            "ability": [
                [
                    "heatable",
                    0
                ],
                [
                    "freezable",
                    0
                ]
            ],
            "position_in_bot": {
                "rho": 38.893088808254106,
                "theta_deg": 179.7610131205919,
                "phi_deg": 89.77540758640346
            },
            "orientation_in_bot": [
                -0.3715081304201079,
                -0.12254687678676342,
                -0.16330454964020305,
                0.9057017147429811
            ],
            "position_in_world": [
                1.2562305927276611,
                4.8233747482299805,
                -38.5998420715332
            ],
            "bot_in_world": [
                0.744301438331604,
                4.986433506011963,
                0.2895349860191345
            ],
            "path": "./prompt_files/data/buy_a_good_avocado/subtask_10/seg_instance1_detect_surroundings.png"
        },
        "checkout_counter_sckdal_0": {
            "ability": [
                [
                    "heatable",
                    0
                ],
                [
                    "freezable",
                    0
                ]
            ],
            "position_in_bot": {
                "rho": 2.92977528994132,
                "theta_deg": -84.96652929789084,
                "phi_deg": 126.74492550781592
            },
            "orientation_in_bot": [
                -0.6649345088432022,
                -0.22222113091475448,
                0.6763964767839449,
                0.22576021376381475
            ],
            "position_in_world": [
                0.7368888761418364,
                2.0660888102035844,
                0.5243021984952884
            ],
            "bot_in_world": [
                0.744301438331604,
                4.986433506011963,
                0.2895349860191345
            ],
            "path": "./prompt_files/data/buy_a_good_avocado/subtask_10/seg_instance1_detect_surroundings.png"
        },
        "shopping_cart_kmgltg_1": {
            "ability": [
                [
                    "heatable",
                    0
                ],
                [
                    "freezable",
                    0
                ]
            ],
            "position_in_bot": {
                "rho": 6.14569493716198,
                "theta_deg": -88.98509054926359,
                "phi_deg": 152.45957000915467
            },
            "orientation_in_bot": [
                0.22565500751152134,
                0.6752646565829818,
                0.22232679028178176,
                0.6660842735554141
            ],
            "position_in_world": [
                3.3912343978881836,
                -0.5582259893417358,
                0.4311772584915161
            ],
            "bot_in_world": [
                0.744301438331604,
                4.986433506011963,
                0.2895349860191345
            ],
            "path": "./prompt_files/data/buy_a_good_avocado/subtask_10/seg_instance1_detect_surroundings.png"
        },