{
    "task": "put_a_tile_on_the_bathroom_floor",
    "0_detect_surroundings": {
        "tile_183": {
            "ability": [
                [
                    "heatable",
                    0
                ],
                [
                    "freezable",
                    0
                ]
            ],
            "position_in_bot": {
                "rho": 3.544112863188785,
                "theta_deg": 60.71919725698933,
                "phi_deg": 91.22430999621193
            },
            "orientation_in_bot": [
                -0.005172869296146227,
                0.01977157766183984,
                -0.20929681272741898,
                0.9776385683483189
            ],
            "position_in_world": [
                -2.508841037750244,
                -0.7877915501594543,
                0.007000165060162544
            ],
            "bot_in_world": [
                -6.042230129241943,
                -1.0632861852645874,
                0.006243959069252014
            ],
            "path": "./prompt_files/data/put_a_tile_on_the_bathroom_floor/subtask_1/seg_instance0_detect_surroundings.png"
        },
        "scene_graph": [],
        "inventory": []
    },
    "1_detect_surroundings": {
        "tile_183": {
            "ability": [
                [
                    "heatable",
                    0
                ],
                [
                    "freezable",
                    0
                ]
            ],
            "position_in_bot": {
                "rho": 3.544112863188785,
                "theta_deg": 60.71919725698933,
                "phi_deg": 91.22430999621193
            },
            "orientation_in_bot": [
                -0.005172869296146227,
                0.01977157766183984,
                -0.20929681272741898,
                0.9776385683483189
            ],
            "position_in_world": [
                -2.508841037750244,
                -0.7877915501594543,
                0.007000165060162544
            ],
            "bot_in_world": [
                -6.042230129241943,
                -1.0632861852645874,
                0.006243959069252014
            ],
            "path": "./prompt_files/data/put_a_tile_on_the_bathroom_floor/subtask_1/seg_instance1_detect_surroundings.png"
        },
        "scene_graph": [],
        "inventory": []
    },
    "2_detect_surroundings": {
        "tile_183": {
            "ability": [
                [
                    "heatable",
                    0
                ],
                [
                    "freezable",
                    0
                ]
            ],
            "position_in_bot": {
                "rho": 3.544112863188785,
                "theta_deg": 60.71919725698933,
                "phi_deg": 91.22430999621193
            },
            "orientation_in_bot": [
                -0.005172869296146227,
                0.01977157766183984,
                -0.20929681272741898,
                0.9776385683483189
            ],
            "position_in_world": [
                -2.508841037750244,
                -0.7877915501594543,
                0.007000165060162544
            ],
            "bot_in_world": [
                -6.042230129241943,
                -1.0632861852645874,
                0.006243959069252014
            ],
            "path": "./prompt_files/data/put_a_tile_on_the_bathroom_floor/subtask_1/seg_instance2_detect_surroundings.png"
        },
        "scene_graph": [],
        "inventory": []
    },
    "3_detect_surroundings": {
        "tile_183": {
            "ability": [
                [
                    "heatable",
                    0
                ],
                [
                    "freezable",
                    0
                ]
            ],
            "position_in_bot": {
                "rho": 3.544112863188785,
                "theta_deg": 60.71919725698933,
                "phi_deg": 91.22430999621193
            },
            "orientation_in_bot": [
                -0.005172869296146227,
                0.01977157766183984,
                -0.20929681272741898,
                0.9776385683483189
            ],
            "position_in_world": [
                -2.508841037750244,
                -0.7877915501594543,
                0.007000165060162544
            ],
            "bot_in_world": [
                -6.042230129241943,
                -1.0632861852645874,
                0.006243959069252014
            ],
            "path": "./prompt_files/data/put_a_tile_on_the_bathroom_floor/subtask_1/seg_instance3_detect_surroundings.png"
        },
        "scene_graph": [],
        "inventory": []
    },
    "4_detect_surroundings": {
        "tile_183": {
            "ability": [
                [
                    "heatable",
                    0
                ],
                [
                    "freezable",
                    0
                ]
            ],
            "position_in_bot": {
                "rho": 3.544112863188785,
                "theta_deg": 60.71919725698933,
                "phi_deg": 91.22430999621193
            },
            "orientation_in_bot": [
                -0.005172869296146227,
                0.01977157766183984,
                -0.20929681272741898,
                0.9776385683483189
            ],
            "position_in_world": [
                -2.508841037750244,
                -0.7877915501594543,
                0.007000165060162544
            ],
            "bot_in_world": [
                -6.042230129241943,
                -1.0632861852645874,
                0.006243959069252014
            ],
            "path": "./prompt_files/data/put_a_tile_on_the_bathroom_floor/subtask_1/seg_instance4_detect_surroundings.png"
        },
        "scene_graph": [],
        "inventory": []
    },
    "5_detect_surroundings": {
        "tile_183": {
            "ability": [
                [
                    "heatable",
                    0
                ],
                [
                    "freezable",
                    0
                ]
            ],
            "position_in_bot": {
                "rho": 3.544112863188785,
                "theta_deg": 60.71919725698933,
                "phi_deg": 91.22430999621193
            },
            "orientation_in_bot": [
                -0.005172869296146227,
                0.01977157766183984,
                -0.20929681272741898,
                0.9776385683483189
            ],
            "position_in_world": [
                -2.508841037750244,
                -0.7877915501594543,
                0.007000165060162544
            ],
            "bot_in_world": [
                -6.042230129241943,
                -1.0632861852645874,
                0.006243959069252014
            ],
            "path": "./prompt_files/data/put_a_tile_on_the_bathroom_floor/subtask_1/seg_instance5_detect_surroundings.png"
        },
        "scene_graph": [],
        "inventory": []
    },
    "6_detect_surroundings": {
        "tile_183": {
            "ability": [
                [
                    "heatable",
                    0
                ],
                [
                    "freezable",
                    0
                ]
            ],
            "position_in_bot": {
                "rho": 3.544112863188785,
                "theta_deg": 60.71919725698933,
                "phi_deg": 91.22430999621193
            },
            "orientation_in_bot": [
                -0.005172869296146227,
                0.01977157766183984,
                -0.20929681272741898,
                0.9776385683483189
            ],
            "position_in_world": [
                -2.508841037750244,
                -0.7877915501594543,
                0.007000165060162544
            ],