{
    "task": "put_a_teaspoon_in_the_bowl",
    "0_detect_surroundings": {
        "bottom_cabinet_no_top_qudfwe_0": {
            "ability": [
                [
                    "openable",
                    0
                ],
                [
                    "heatable",
                    0
                ],
                [
                    "freezable",
                    0
                ]
            ],
            "position_in_bot": {
                "rho": 1.2989238652011472,
                "theta_deg": -76.10612696024421,
                "phi_deg": 70.95385059581578
            },
            "orientation_in_bot": [
                0.02191909540559863,
                -0.0023787469937473302,
                0.9931017238463614,
                -0.11516449501788906
            ],
            "position_in_world": [
                -0.4690432846546173,
                -0.6071784496307373,
                0.4398816227912903
            ],
            "bot_in_world": [
                -0.47759929299354553,
                0.6163277626037598,
                0.0038053542375564575
            ],
            "path": "./prompt_files/data/put_a_teaspoon_in_the_bowl/subtask_7/seg_instance0_detect_surroundings.png"
        },
        "scene_graph": [],
        "inventory": []
    },
    "1_detect_surroundings": {
        "bottom_cabinet_no_top_qudfwe_0": {
            "ability": [
                [
                    "openable",
                    0
                ],
                [
                    "heatable",
                    0
                ],
                [
                    "freezable",
                    0
                ]
            ],
            "position_in_bot": {
                "rho": 1.2989238652011472,
                "theta_deg": -76.10612696024421,
                "phi_deg": 70.95385059581578
            },
            "orientation_in_bot": [
                0.02191909540559863,
                -0.0023787469937473302,
                0.9931017238463614,
                -0.11516449501788906
            ],
            "position_in_world": [
                -0.4690432846546173,
                -0.6071784496307373,
                0.4398816227912903
            ],
            "bot_in_world": [
                -0.47759929299354553,
                0.6163277626037598,
                0.0038053542375564575
            ],
            "path": "./prompt_files/data/put_a_teaspoon_in_the_bowl/subtask_7/seg_instance1_detect_surroundings.png"
        },
        "scene_graph": [],
        "inventory": []
    },
    "2_detect_surroundings": {
        "bottom_cabinet_no_top_qudfwe_0": {
            "ability": [
                [
                    "openable",
                    0
                ],
                [
                    "heatable",
                    0
                ],
                [
                    "freezable",
                    0
                ]
            ],
            "position_in_bot": {
                "rho": 1.2989238652011472,
                "theta_deg": -76.10612696024421,
                "phi_deg": 70.95385059581578
            },
            "orientation_in_bot": [
                0.02191909540559863,
                -0.0023787469937473302,
                0.9931017238463614,
                -0.11516449501788906
            ],
            "position_in_world": [
                -0.4690432846546173,
                -0.6071784496307373,
                0.4398816227912903
            ],
            "bot_in_world": [
                -0.47759929299354553,
                0.6163277626037598,
                0.0038053542375564575
            ],
            "path": "./prompt_files/data/put_a_teaspoon_in_the_bowl/subtask_7/seg_instance2_detect_surroundings.png"
        },
        "scene_graph": [],
        "inventory": []
    },
    "3_detect_surroundings": {
        "bottom_cabinet_no_top_qudfwe_0": {
            "ability": [
                [
                    "openable",
                    0
                ],
                [
                    "heatable",
                    0
                ],
                [
                    "freezable",
                    0
                ]
            ],
            "position_in_bot": {
                "rho": 1.2989238652011472,
                "theta_deg": -76.10612696024421,
                "phi_deg": 70.95385059581578
            },
            "orientation_in_bot": [
                0.02191909540559863,
                -0.0023787469937473302,
                0.9931017238463614,
                -0.11516449501788906
            ],
            "position_in_world": [
                -0.4690432846546173,
                -0.6071784496307373,
                0.4398816227912903
            ],
            "bot_in_world": [
                -0.47759929299354553,
                0.6163277626037598,
                0.0038053542375564575
            ],
            "path": "./prompt_files/data/put_a_teaspoon_in_the_bowl/subtask_7/seg_instance3_detect_surroundings.png"
        },
        "scene_graph": [],
        "inventory": []
    },
    "4_detect_surroundings": {
        "bottom_cabinet_no_top_qudfwe_0": {
            "ability": [
                [
                    "openable",
                    0
                ],
                [
                    "heatable",
                    0
                ],
                [
                    "freezable",
                    0
                ]
            ],
            "position_in_bot": {
                "rho": 1.2989238652011472,
                "theta_deg": -76.10612696024421,
                "phi_deg": 70.95385059581578
            },
            "orientation_in_bot": [
                0.02191909540559863,
                -0.0023787469937473302,
                0.9931017238463614,
                -0.11516449501788906
            ],
            "position_in_world": [
                -0.4690432846546173,
                -0.6071784496307373,
                0.4398816227912903
            ],
            "bot_in_world": [
                -0.47759929299354553,
                0.6163277626037598,
                0.0038053542375564575
            ],
            "path": "./prompt_files/data/put_a_teaspoon_in_the_bowl/subtask_7/seg_instance4_detect_surroundings.png"
        },
        "scene_graph": [],
        "inventory": []
    },
    "5_detect_surroundings": {
        "bottom_cabinet_no_top_qudfwe_0": {
            "ability": [
                [
                    "openable",
                    0
                ],
                [
                    "heatable",
                    0
                ],
                [
                    "freezable",
                    0
                ]
            ],
            "position_in_bot": {
                "rho": 1.2989238652011472,
                "theta_deg": -76.10612696024421,
                "phi_deg": 70.95385059581578
            },
            "orientation_in_bot": [
                0.02191909540559863,
                -0.0023787469937473302,
                0.9931017238463614,
                -0.11516449501788906
            ],
            "position_in_world": [
                -0.4690432846546173,
                -0.6071784496307373,
                0.4398816227912903
            ],
            "bot_in_world": [
                -0.47759929299354553,
                0.6163277626037598,
                0.0038053542375564575
            ],
            "path": "./prompt_files/data/put_a_teaspoon_in_the_bowl/subtask_7/seg_instance5_detect_surroundings.png"
        },
        "scene_graph": [],
        "inventory": []
    },