{
    "task": "cook_a_frozen_pie",
    "0_detect_surroundings": {
        "cheese_tart_188": {
            "ability": [
                [
                    "heatable",
                    0
                ],
                [
                    "freezable",
                    1
                ],
                [
                    "burnable",
                    0
                ],
                [
                    "cookable",
                    1
                ]
            ],
            "position_in_bot": {
                "rho": 43.78699581075364,
                "theta_deg": -177.20837510304366,
                "phi_deg": 177.50144585757957
            },
            "orientation_in_bot": [
                0.0034345796882737805,
                0.02152903006304355,
                0.20867973653841754,
                0.9777410046045764
            ],
            "position_in_world": [
                -6.846030235290527,
                -0.47835227847099304,
                -43.53632354736328
            ],
            "bot_in_world": [
                -6.845600605010986,
                -0.4774461090564728,
                0.25067171454429626
            ],
            "path": "./prompt_files/data/cook_a_frozen_pie/subtask_14/seg_instance0_detect_surroundings.png"
        },
        "oven_wuinhm_0": {
            "ability": [
                [
                    "openable",
                    1
                ],
                [
                    "togglable",
                    0
                ],
                [
                    "heatable",
                    0
                ],
                [
                    "freezable",
                    0
                ]
            ],
            "position_in_bot": {
                "rho": 1.710138958219474,
                "theta_deg": 7.203454209295221,
                "phi_deg": 69.7527598639973
            },
            "orientation_in_bot": [
                0.01041538211099447,
                0.019160929463970116,
                0.5193084123656057,
                0.8543085809260451
            ],
            "position_in_world": [
                -5.947904109954834,
                -1.7742741107940674,
                0.911696195602417
            ],
            "bot_in_world": [
                -6.845600605010986,
                -0.4774461090564728,
                0.25067171454429626
            ],
            "path": "./prompt_files/data/cook_a_frozen_pie/subtask_14/seg_instance0_detect_surroundings.png"
        },
        "fridge_dszchb_0": {
            "ability": [
                [
                    "openable",
                    1
                ],
                [
                    "heatable",
                    0
                ],
                [
                    "freezable",
                    0
                ]
            ],
            "position_in_bot": {
                "rho": 1.4511130529617626,
                "theta_deg": -26.941067491368138,
                "phi_deg": 66.2832264344823
            },
            "orientation_in_bot": [
                0.01041538211099447,
                0.019160929463970116,
                0.5193084123656057,
                0.8543085809260451
            ],
            "position_in_world": [
                -6.848034381866455,
                -1.78300940990448,
                0.8840970396995544
            ],
            "bot_in_world": [
                -6.845600605010986,
                -0.4774461090564728,
                0.25067171454429626
            ],
            "path": "./prompt_files/data/cook_a_frozen_pie/subtask_14/seg_instance0_detect_surroundings.png"
        },
        "scene_graph": [],
        "inventory": [
            "cheese_tart_188"
        ]
    },
    "1_detect_surroundings": {
        "cheese_tart_188": {
            "ability": [
                [
                    "heatable",
                    0
                ],
                [
                    "freezable",
                    1
                ],
                [
                    "burnable",
                    0
                ],
                [
                    "cookable",
                    1
                ]
            ],
            "position_in_bot": {
                "rho": 43.78699581075364,
                "theta_deg": -177.20837510304366,
                "phi_deg": 177.50144585757957
            },
            "orientation_in_bot": [
                0.0034345796882737805,
                0.02152903006304355,
                0.20867973653841754,
                0.9777410046045764
            ],
            "position_in_world": [
                -6.846030235290527,
                -0.47835227847099304,
                -43.53632354736328
            ],
            "bot_in_world": [
                -6.845600605010986,
                -0.4774461090564728,
                0.25067171454429626
            ],
            "path": "./prompt_files/data/cook_a_frozen_pie/subtask_14/seg_instance1_detect_surroundings.png"
        },
        "oven_wuinhm_0": {
            "ability": [
                [
                    "openable",
                    1
                ],
                [
                    "togglable",
                    0
                ],
                [
                    "heatable",
                    0
                ],
                [
                    "freezable",
                    0
                ]
            ],
            "position_in_bot": {
                "rho": 1.710138958219474,
                "theta_deg": 7.203454209295221,
                "phi_deg": 69.7527598639973
            },
            "orientation_in_bot": [
                0.01041538211099447,
                0.019160929463970116,
                0.5193084123656057,
                0.8543085809260451
            ],
            "position_in_world": [
                -5.947904109954834,
                -1.7742741107940674,
                0.911696195602417
            ],
            "bot_in_world": [
                -6.845600605010986,
                -0.4774461090564728,
                0.25067171454429626
            ],
            "path": "./prompt_files/data/cook_a_frozen_pie/subtask_14/seg_instance1_detect_surroundings.png"
        },
        "fridge_dszchb_0": {
            "ability": [
                [
                    "openable",
                    1
                ],
                [
                    "heatable",
                    0
                ],
                [
                    "freezable",
                    0
                ]
            ],
            "position_in_bot": {
                "rho": 1.4511130529617626,
                "theta_deg": -26.941067491368138,
                "phi_deg": 66.2832264344823
            },
            "orientation_in_bot": [
                0.01041538211099447,
                0.019160929463970116,
                0.5193084123656057,
                0.8543085809260451
            ],
            "position_in_world": [
                -6.848034381866455,
                -1.78300940990448,
                0.8840970396995544
            ],
            "bot_in_world": [
                -6.845600605010986,
                -0.4774461090564728,
                0.25067171454429626
            ],
            "path": "./prompt_files/data/cook_a_frozen_pie/subtask_14/seg_instance1_detect_surroundings.png"
        },
        "scene_graph": [],
        "inventory": [
            "cheese_tart_188"
        ]
    },