{
    "task": "buy_a_good_avocado",
    "0_detect_surroundings": {
        "money_143": {
            "ability": [
                [
                    "heatable",
                    0
                ],
                [
                    "freezable",
                    0
                ]
            ],
            "position_in_bot": {
                "rho": 23.703879750765413,
                "theta_deg": -172.10906727662442,
                "phi_deg": 90.39991036095118
            },
            "orientation_in_bot": [
                0.7748074200537871,
                0.3965814395169984,
                0.42838743146753844,
                0.242653729047927
            ],
            "position_in_world": [
                -0.3230777084827423,
                1.8136252164840698,
                -23.18475341796875
            ],
            "bot_in_world": [
                0.7296715974807739,
                4.932133197784424,
                0.28949934244155884
            ],
            "path": "./prompt_files/data/buy_a_good_avocado/subtask_13/seg_instance0_detect_surroundings.png"
        },
        "checkout_counter_sckdal_0": {
            "ability": [
                [
                    "heatable",
                    0
                ],
                [
                    "freezable",
                    0
                ]
            ],
            "position_in_bot": {
                "rho": 2.875655447374081,
                "theta_deg": -85.16669038186123,
                "phi_deg": 118.66744352052173
            },
            "orientation_in_bot": [
                -0.6793847280516762,
                -0.17298369693226426,
                0.6911394136604061,
                0.17561134009780383
            ],
            "position_in_world": [
                0.7368888761418364,
                2.0660888102035844,
                0.5243021984952884
            ],
            "bot_in_world": [
                0.7296715974807739,
                4.932133197784424,
                0.28949934244155884
            ],
            "path": "./prompt_files/data/buy_a_good_avocado/subtask_13/seg_instance0_detect_surroundings.png"
        },
        "shopping_cart_kmgltg_1": {
            "ability": [
                [
                    "heatable",
                    0
                ],
                [
                    "freezable",
                    0
                ]
            ],
            "position_in_bot": {
                "rho": 6.103116692395305,
                "theta_deg": -89.04906805571282,
                "phi_deg": 144.41003753282217
            },
            "orientation_in_bot": [
                0.17542373658475405,
                0.6900182271954961,
                0.17317340083847582,
                0.6805235719816503
            ],
            "position_in_world": [
                3.3912343978881836,
                -0.5582259893417358,
                0.4311772584915161
            ],
            "bot_in_world": [
                0.7296715974807739,
                4.932133197784424,
                0.28949934244155884
            ],
            "path": "./prompt_files/data/buy_a_good_avocado/subtask_13/seg_instance0_detect_surroundings.png"
        },
        "avocado_142": {
            "ability": [
                [
                    "heatable",
                    0
                ],
                [
                    "freezable",
                    0
                ],
                [
                    "burnable",
                    0
                ],
                [
                    "cookable",
                    0
                ]
            ],
            "position_in_bot": {
                "rho": 2.777419193956427,
                "theta_deg": -95.96936687936476,
                "phi_deg": 107.25186970739668
            },
            "orientation_in_bot": [
                -0.11293425288912023,
                -0.1080397180933921,
                0.08709857157188651,
                0.9838633607716133
            ],
            "position_in_world": [
                0.19691458344459534,
                2.219015121459961,
                0.026406794786453247
            ],
            "bot_in_world": [
                0.7296715974807739,
                4.932133197784424,
                0.28949934244155884
            ],
            "path": "./prompt_files/data/buy_a_good_avocado/subtask_13/seg_instance0_detect_surroundings.png"
        },
        "scene_graph": [],
        "inventory": []
    },
    "1_detect_surroundings": {
        "money_143": {
            "ability": [
                [
                    "heatable",
                    0
                ],
                [
                    "freezable",
                    0
                ]
            ],
            "position_in_bot": {
                "rho": 23.703879750765413,
                "theta_deg": -172.10906727662442,
                "phi_deg": 90.39991036095118
            },
            "orientation_in_bot": [
                0.7748074200537871,
                0.3965814395169984,
                0.42838743146753844,
                0.242653729047927
            ],
            "position_in_world": [
                -0.3230777084827423,
                1.8136252164840698,
                -23.18475341796875
            ],
            "bot_in_world": [
                0.7296715974807739,
                4.932133197784424,
                0.28949934244155884
            ],
            "path": "./prompt_files/data/buy_a_good_avocado/subtask_13/seg_instance1_detect_surroundings.png"
        },
        "checkout_counter_sckdal_0": {
            "ability": [
                [
                    "heatable",
                    0
                ],
                [
                    "freezable",
                    0
                ]
            ],
            "position_in_bot": {
                "rho": 2.875655447374081,
                "theta_deg": -85.16669038186123,
                "phi_deg": 118.66744352052173
            },
            "orientation_in_bot": [
                -0.6793847280516762,
                -0.17298369693226426,
                0.6911394136604061,
                0.17561134009780383
            ],
            "position_in_world": [
                0.7368888761418364,
                2.0660888102035844,
                0.5243021984952884
            ],
            "bot_in_world": [
                0.7296715974807739,
                4.932133197784424,
                0.28949934244155884
            ],
            "path": "./prompt_files/data/buy_a_good_avocado/subtask_13/seg_instance1_detect_surroundings.png"
        },
        "shopping_cart_kmgltg_1": {
            "ability": [
                [
                    "heatable",
                    0
                ],
                [
                    "freezable",
                    0
                ]
            ],
            "position_in_bot": {
                "rho": 6.103116692395305,
                "theta_deg": -89.04906805571282,
                "phi_deg": 144.41003753282217
            },
            "orientation_in_bot": [
                0.17542373658475405,
                0.6900182271954961,
                0.17317340083847582,
                0.6805235719816503
            ],
            "position_in_world": [
                3.3912343978881836,
                -0.5582259893417358,
                0.4311772584915161
            ],
            "bot_in_world": [
                0.7296715974807739,
                4.932133197784424,
                0.28949934244155884
            ],
            "path": "./prompt_files/data/buy_a_good_avocado/subtask_13/seg_instance1_detect_surroundings.png"
        },