{
    "task": "cook_a_frozen_pie",
    "0_detect_surroundings": {
        "fridge_dszchb_0": {
            "ability": [
                [
                    "openable",
                    1
                ],
                [
                    "heatable",
                    0
                ],
                [
                    "freezable",
                    0
                ]
            ],
            "position_in_bot": {
                "rho": 1.6293742254765924,
                "theta_deg": -63.010914020199344,
                "phi_deg": 68.16876524572929
            },
            "orientation_in_bot": [
                0.01095286421098165,
                0.018978884020388085,
                0.5220592438960079,
                0.852627692835299
            ],
            "position_in_world": [
                -6.848034381866455,
                -1.78300940990448,
                0.8840970396995544
            ],
            "bot_in_world": [
                -5.946685791015625,
                -0.5827428102493286,
                0.25022706389427185
            ],
            "path": "./prompt_files/data/cook_a_frozen_pie/subtask_13/seg_instance0_detect_surroundings.png"
        },
        "oven_wuinhm_0": {
            "ability": [
                [
                    "togglable",
                    1
                ],
                [
                    "openable",
                    1
                ],
                [
                    "heatable",
                    0
                ],
                [
                    "freezable",
                    0
                ]
            ],
            "position_in_bot": {
                "rho": 1.3628241496104285,
                "theta_deg": -26.4700163663524,
                "phi_deg": 63.175211808274014
            },
            "orientation_in_bot": [
                0.01095286421098165,
                0.018978884020388085,
                0.5220592438960079,
                0.852627692835299
            ],
            "position_in_world": [
                -5.947904109954834,
                -1.7742741107940674,
                0.911696195602417
            ],
            "bot_in_world": [
                -5.946685791015625,
                -0.5827428102493286,
                0.25022706389427185
            ],
            "path": "./prompt_files/data/cook_a_frozen_pie/subtask_13/seg_instance0_detect_surroundings.png"
        },
        "cheese_tart_188": {
            "ability": [
                [
                    "heatable",
                    0
                ],
                [
                    "freezable",
                    0
                ],
                [
                    "burnable",
                    0
                ],
                [
                    "cookable",
                    0
                ]
            ],
            "position_in_bot": {
                "rho": 1.417891441031746,
                "theta_deg": -29.716942066519778,
                "phi_deg": 60.95198592223656
            },
            "orientation_in_bot": [
                0.002564797888713154,
                0.03844082505194129,
                -0.03307831108021596,
                0.9987099429349828
            ],
            "position_in_world": [
                -6.0194244384765625,
                -1.7935364246368408,
                0.984464168548584
            ],
            "bot_in_world": [
                -5.946685791015625,
                -0.5827428102493286,
                0.25022706389427185
            ],
            "path": "./prompt_files/data/cook_a_frozen_pie/subtask_13/seg_instance0_detect_surroundings.png"
        },
        "scene_graph": [
            [
                "oven_wuinhm_0",
                "under",
                "cheese_tart_188"
            ],
            [
                "cheese_tart_188",
                "inside",
                "oven_wuinhm_0"
            ]
        ],
        "inventory": []
    },
    "1_detect_surroundings": {
        "fridge_dszchb_0": {
            "ability": [
                [
                    "openable",
                    1
                ],
                [
                    "heatable",
                    0
                ],
                [
                    "freezable",
                    0
                ]
            ],
            "position_in_bot": {
                "rho": 1.6293742254765924,
                "theta_deg": -63.010914020199344,
                "phi_deg": 68.16876524572929
            },
            "orientation_in_bot": [
                0.01095286421098165,
                0.018978884020388085,
                0.5220592438960079,
                0.852627692835299
            ],
            "position_in_world": [
                -6.848034381866455,
                -1.78300940990448,
                0.8840970396995544
            ],
            "bot_in_world": [
                -5.946685791015625,
                -0.5827428102493286,
                0.25022706389427185
            ],
            "path": "./prompt_files/data/cook_a_frozen_pie/subtask_13/seg_instance1_detect_surroundings.png"
        },
        "oven_wuinhm_0": {
            "ability": [
                [
                    "togglable",
                    1
                ],
                [
                    "openable",
                    1
                ],
                [
                    "heatable",
                    0
                ],
                [
                    "freezable",
                    0
                ]
            ],
            "position_in_bot": {
                "rho": 1.3628241496104285,
                "theta_deg": -26.4700163663524,
                "phi_deg": 63.175211808274014
            },
            "orientation_in_bot": [
                0.01095286421098165,
                0.018978884020388085,
                0.5220592438960079,
                0.852627692835299
            ],
            "position_in_world": [
                -5.947904109954834,
                -1.7742741107940674,
                0.911696195602417
            ],
            "bot_in_world": [
                -5.946685791015625,
                -0.5827428102493286,
                0.25022706389427185
            ],
            "path": "./prompt_files/data/cook_a_frozen_pie/subtask_13/seg_instance1_detect_surroundings.png"
        },
        "cheese_tart_188": {
            "ability": [
                [
                    "heatable",
                    0
                ],
                [
                    "freezable",
                    0
                ],
                [
                    "burnable",
                    0
                ],
                [
                    "cookable",
                    0
                ]
            ],
            "position_in_bot": {
                "rho": 1.417891441031746,
                "theta_deg": -29.716942066519778,
                "phi_deg": 60.95198592223656
            },
            "orientation_in_bot": [
                0.002564797888713154,
                0.03844082505194129,
                -0.03307831108021596,
                0.9987099429349828
            ],
            "position_in_world": [
                -6.0194244384765625,
                -1.7935364246368408,
                0.984464168548584
            ],
            "bot_in_world": [
                -5.946685791015625,
                -0.5827428102493286,
                0.25022706389427185
            ],
            "path": "./prompt_files/data/cook_a_frozen_pie/subtask_13/seg_instance1_detect_surroundings.png"
        },
        "scene_graph": [
            [
                "oven_wuinhm_0",
                "under",
                "cheese_tart_188"
            ],
            [
                "cheese_tart_188",
                "inside",
                "oven_wuinhm_0"
            ]
        ],