{
    "task": "installing_a_fax_machine",
    "0_detect_surroundings": {
        "breakfast_table_skczfi_5": {
            "ability": [
                [
                    "heatable",
                    0
                ],
                [
                    "freezable",
                    0
                ]
            ],
            "position_in_bot": {
                "rho": 3.0067192270418794,
                "theta_deg": 34.977409050992236,
                "phi_deg": 101.46131972528244
            },
            "orientation_in_bot": [
                0.3218271561753172,
                0.7728801371562578,
                0.2559490026896763,
                -0.48329461321185063
            ],
            "position_in_world": [
                1.3659759173234955,
                1.1796204691395502,
                0.5524894393664023
            ],
            "bot_in_world": [
                -1.4999877214431763,
                0.2708652913570404,
                0.5246148109436035
            ],
            "path": "./prompt_files/data/installing_a_fax_machine/subtask_2/seg_instance0_detect_surroundings.png"
        },
        "facsimile_188": {
            "ability": [
                [
                    "togglable",
                    0
                ],
                [
                    "heatable",
                    0
                ],
                [
                    "freezable",
                    0
                ]
            ],
            "position_in_bot": {
                "rho": 1.4684686801300104,
                "theta_deg": -19.9303498627771,
                "phi_deg": 129.95922643336297
            },
            "orientation_in_bot": [
                0.6890458378358725,
                0.47448256475608847,
                -0.04713389756416951,
                -0.5457659982116468
            ],
            "position_in_world": [
                -1.04548180103302,
                1.5713979005813599,
                0.01624523475766182
            ],
            "bot_in_world": [
                -1.4999877214431763,
                0.2708652913570404,
                0.5246148109436035
            ],
            "path": "./prompt_files/data/installing_a_fax_machine/subtask_2/seg_instance0_detect_surroundings.png"
        },
        "scene_graph": [],
        "inventory": []
    },
    "1_detect_surroundings": {
        "breakfast_table_skczfi_5": {
            "ability": [
                [
                    "heatable",
                    0
                ],
                [
                    "freezable",
                    0
                ]
            ],
            "position_in_bot": {
                "rho": 3.0067192270418794,
                "theta_deg": 34.977409050992236,
                "phi_deg": 101.46131972528244
            },
            "orientation_in_bot": [
                0.3218271561753172,
                0.7728801371562578,
                0.2559490026896763,
                -0.48329461321185063
            ],
            "position_in_world": [
                1.3659759173234955,
                1.1796204691395502,
                0.5524894393664023
            ],
            "bot_in_world": [
                -1.4999877214431763,
                0.2708652913570404,
                0.5246148109436035
            ],
            "path": "./prompt_files/data/installing_a_fax_machine/subtask_2/seg_instance1_detect_surroundings.png"
        },
        "facsimile_188": {
            "ability": [
                [
                    "togglable",
                    0
                ],
                [
                    "heatable",
                    0
                ],
                [
                    "freezable",
                    0
                ]
            ],
            "position_in_bot": {
                "rho": 1.4684686801300104,
                "theta_deg": -19.9303498627771,
                "phi_deg": 129.95922643336297
            },
            "orientation_in_bot": [
                0.6890458378358725,
                0.47448256475608847,
                -0.04713389756416951,
                -0.5457659982116468
            ],
            "position_in_world": [
                -1.04548180103302,
                1.5713979005813599,
                0.01624523475766182
            ],
            "bot_in_world": [
                -1.4999877214431763,
                0.2708652913570404,
                0.5246148109436035
            ],
            "path": "./prompt_files/data/installing_a_fax_machine/subtask_2/seg_instance1_detect_surroundings.png"
        },
        "scene_graph": [],
        "inventory": []
    },
    "2_detect_surroundings": {
        "breakfast_table_skczfi_5": {
            "ability": [
                [
                    "heatable",
                    0
                ],
                [
                    "freezable",
                    0
                ]
            ],
            "position_in_bot": {
                "rho": 3.0067192270418794,
                "theta_deg": 34.977409050992236,
                "phi_deg": 101.46131972528244
            },
            "orientation_in_bot": [
                0.3218271561753172,
                0.7728801371562578,
                0.2559490026896763,
                -0.48329461321185063
            ],
            "position_in_world": [
                1.3659759173234955,
                1.1796204691395502,
                0.5524894393664023
            ],
            "bot_in_world": [
                -1.4999877214431763,
                0.2708652913570404,
                0.5246148109436035
            ],
            "path": "./prompt_files/data/installing_a_fax_machine/subtask_2/seg_instance2_detect_surroundings.png"
        },
        "facsimile_188": {
            "ability": [
                [
                    "togglable",
                    0
                ],
                [
                    "heatable",
                    0
                ],
                [
                    "freezable",
                    0
                ]
            ],
            "position_in_bot": {
                "rho": 1.4684686801300104,
                "theta_deg": -19.9303498627771,
                "phi_deg": 129.95922643336297
            },
            "orientation_in_bot": [
                0.6890458378358725,
                0.47448256475608847,
                -0.04713389756416951,
                -0.5457659982116468
            ],
            "position_in_world": [
                -1.04548180103302,
                1.5713979005813599,
                0.01624523475766182
            ],
            "bot_in_world": [
                -1.4999877214431763,
                0.2708652913570404,
                0.5246148109436035
            ],
            "path": "./prompt_files/data/installing_a_fax_machine/subtask_2/seg_instance2_detect_surroundings.png"
        },
        "scene_graph": [],
        "inventory": []
    },
    "3_detect_surroundings": {
        "breakfast_table_skczfi_5": {
            "ability": [
                [
                    "heatable",
                    0
                ],
                [
                    "freezable",
                    0
                ]
            ],
            "position_in_bot": {
                "rho": 3.0067192270418794,
                "theta_deg": 34.977409050992236,
                "phi_deg": 101.46131972528244
            },
            "orientation_in_bot": [
                0.3218271561753172,
                0.7728801371562578,
                0.2559490026896763,
                -0.48329461321185063
            ],
            "position_in_world": [
                1.3659759173234955,
                1.1796204691395502,
                0.5524894393664023
            ],