{
    "task": "cook_a_frozen_pie",
    "0_detect_surroundings": {
        "fridge_dszchb_0": {
            "ability": [
                [
                    "openable",
                    1
                ],
                [
                    "heatable",
                    0
                ],
                [
                    "freezable",
                    0
                ]
            ],
            "position_in_bot": {
                "rho": 1.6316104534989087,
                "theta_deg": -63.32547468880814,
                "phi_deg": 68.14933638156684
            },
            "orientation_in_bot": [
                0.010459861090036094,
                0.019141436924041424,
                0.5195331613676659,
                0.8541718158179764
            ],
            "position_in_world": [
                -6.848034381866455,
                -1.78300940990448,
                0.8840970396995544
            ],
            "bot_in_world": [
                -5.945545673370361,
                -0.5804083943367004,
                0.25052186846733093
            ],
            "path": "./prompt_files/data/cook_a_frozen_pie/subtask_9/seg_instance0_detect_surroundings.png"
        },
        "oven_wuinhm_0": {
            "ability": [
                [
                    "togglable",
                    0
                ],
                [
                    "openable",
                    0
                ],
                [
                    "heatable",
                    0
                ],
                [
                    "freezable",
                    0
                ]
            ],
            "position_in_bot": {
                "rho": 1.3647243237170583,
                "theta_deg": -26.836602856184246,
                "phi_deg": 63.190836603093366
            },
            "orientation_in_bot": [
                0.010459861090036094,
                0.019141436924041424,
                0.5195331613676659,
                0.8541718158179764
            ],
            "position_in_world": [
                -5.947904109954834,
                -1.7742741107940674,
                0.911696195602417
            ],
            "bot_in_world": [
                -5.945545673370361,
                -0.5804083943367004,
                0.25052186846733093
            ],
            "path": "./prompt_files/data/cook_a_frozen_pie/subtask_9/seg_instance0_detect_surroundings.png"
        },
        "cheese_tart_188": {
            "ability": [
                [
                    "heatable",
                    0
                ],
                [
                    "freezable",
                    0
                ],
                [
                    "burnable",
                    0
                ],
                [
                    "cookable",
                    0
                ]
            ],
            "position_in_bot": {
                "rho": 1.4016740752306471,
                "theta_deg": -26.885488842158907,
                "phi_deg": 60.46933736896366
            },
            "orientation_in_bot": [
                0.0006348848010980877,
                0.02211450177701343,
                -0.0054821922940139715,
                0.9997402119051205
            ],
            "position_in_world": [
                -5.950575351715088,
                -1.772987961769104,
                0.9870127439498901
            ],
            "bot_in_world": [
                -5.945545673370361,
                -0.5804083943367004,
                0.25052186846733093
            ],
            "path": "./prompt_files/data/cook_a_frozen_pie/subtask_9/seg_instance0_detect_surroundings.png"
        },
        "scene_graph": [
            [
                "oven_wuinhm_0",
                "under",
                "cheese_tart_188"
            ],
            [
                "cheese_tart_188",
                "inside",
                "oven_wuinhm_0"
            ]
        ],
        "inventory": []
    },
    "1_detect_surroundings": {
        "fridge_dszchb_0": {
            "ability": [
                [
                    "openable",
                    1
                ],
                [
                    "heatable",
                    0
                ],
                [
                    "freezable",
                    0
                ]
            ],
            "position_in_bot": {
                "rho": 1.6316104534989087,
                "theta_deg": -63.32547468880814,
                "phi_deg": 68.14933638156684
            },
            "orientation_in_bot": [
                0.010459861090036094,
                0.019141436924041424,
                0.5195331613676659,
                0.8541718158179764
            ],
            "position_in_world": [
                -6.848034381866455,
                -1.78300940990448,
                0.8840970396995544
            ],
            "bot_in_world": [
                -5.945545673370361,
                -0.5804083943367004,
                0.25052186846733093
            ],
            "path": "./prompt_files/data/cook_a_frozen_pie/subtask_9/seg_instance1_detect_surroundings.png"
        },
        "oven_wuinhm_0": {
            "ability": [
                [
                    "togglable",
                    0
                ],
                [
                    "openable",
                    0
                ],
                [
                    "heatable",
                    0
                ],
                [
                    "freezable",
                    0
                ]
            ],
            "position_in_bot": {
                "rho": 1.3647243237170583,
                "theta_deg": -26.836602856184246,
                "phi_deg": 63.190836603093366
            },
            "orientation_in_bot": [
                0.010459861090036094,
                0.019141436924041424,
                0.5195331613676659,
                0.8541718158179764
            ],
            "position_in_world": [
                -5.947904109954834,
                -1.7742741107940674,
                0.911696195602417
            ],
            "bot_in_world": [
                -5.945545673370361,
                -0.5804083943367004,
                0.25052186846733093
            ],
            "path": "./prompt_files/data/cook_a_frozen_pie/subtask_9/seg_instance1_detect_surroundings.png"
        },
        "cheese_tart_188": {
            "ability": [
                [
                    "heatable",
                    0
                ],
                [
                    "freezable",
                    0
                ],
                [
                    "burnable",
                    0
                ],
                [
                    "cookable",
                    0
                ]
            ],
            "position_in_bot": {
                "rho": 1.4016740752306471,
                "theta_deg": -26.885488842158907,
                "phi_deg": 60.46933736896366
            },
            "orientation_in_bot": [
                0.0006348848010980877,
                0.02211450177701343,
                -0.0054821922940139715,
                0.9997402119051205
            ],
            "position_in_world": [
                -5.950575351715088,
                -1.772987961769104,
                0.9870127439498901
            ],
            "bot_in_world": [
                -5.945545673370361,
                -0.5804083943367004,
                0.25052186846733093
            ],
            "path": "./prompt_files/data/cook_a_frozen_pie/subtask_9/seg_instance1_detect_surroundings.png"
        },
        "scene_graph": [
            [
                "oven_wuinhm_0",
                "under",
                "cheese_tart_188"
            ],
            [
                "cheese_tart_188",
                "inside",
                "oven_wuinhm_0"
            ]
        ],