{
    "task": "Put_the_chopping_board_on_the_sink_and_put_it_in_the_sink",
    "0_detect_surroundings": {
        "chopping_board_85": {
            "ability": [
                [
                    "heatable",
                    0
                ],
                [
                    "freezable",
                    0
                ]
            ],
            "position_in_bot": {
                "rho": 1.0781185274553429,
                "theta_deg": 15.474369078932192,
                "phi_deg": 92.25226541368708
            },
            "orientation_in_bot": [
                0.8459849727255196,
                -0.5327551273540312,
                -0.018560512454974525,
                0.011700751172486609
            ],
            "position_in_world": [
                1.0693252086639404,
                0.15510284900665283,
                0.006943608168512583
            ],
            "bot_in_world": [
                -0.008782676421105862,
                0.15156705677509308,
                0.003716409206390381
            ],
            "path": "./prompt_files/data/Put_the_chopping_board_on_the_sink_and_put_it_in_the_sink/subtask_5/seg_instance0_detect_surroundings.png"
        },
        "sink_czyfhq_0": {
            "ability": [
                [
                    "togglable",
                    0
                ],
                [
                    "heatable",
                    0
                ],
                [
                    "freezable",
                    0
                ]
            ],
            "position_in_bot": {
                "rho": 1.148279227409997,
                "theta_deg": 15.234495920380912,
                "phi_deg": 72.29199032985699
            },
            "orientation_in_bot": [
                -0.013323772159330245,
                0.017432833904403262,
                -0.606714412336906,
                0.7946170116856237
            ],
            "position_in_world": [
                1.0693252086639404,
                0.15510401129722595,
                0.39895814657211304
            ],
            "bot_in_world": [
                -0.008782676421105862,
                0.15156705677509308,
                0.003716409206390381
            ],
            "path": "./prompt_files/data/Put_the_chopping_board_on_the_sink_and_put_it_in_the_sink/subtask_5/seg_instance0_detect_surroundings.png"
        },
        "countertop_tpuwys_2": {
            "ability": [
                [
                    "heatable",
                    0
                ],
                [
                    "freezable",
                    0
                ]
            ],
            "position_in_bot": {
                "rho": 1.1539148042229572,
                "theta_deg": -55.47665066409882,
                "phi_deg": 41.18351337759381
            },
            "orientation_in_bot": [
                0.0029055339756385037,
                0.021748184670147278,
                0.1328670784682924,
                0.9908909696809081
            ],
            "position_in_world": [
                0.20455229970466282,
                -0.5556479370210349,
                0.8902008019217902
            ],
            "bot_in_world": [
                -0.008782676421105862,
                0.15156705677509308,
                0.003716409206390381
            ],
            "path": "./prompt_files/data/Put_the_chopping_board_on_the_sink_and_put_it_in_the_sink/subtask_5/seg_instance0_detect_surroundings.png"
        },
        "breakfast_table_idnnmz_0": {
            "ability": [
                [
                    "heatable",
                    0
                ],
                [
                    "freezable",
                    0
                ]
            ],
            "position_in_bot": {
                "rho": 2.578755547743262,
                "theta_deg": -71.42829999832493,
                "phi_deg": 76.63406732977563
            },
            "orientation_in_bot": [
                0.002905252558730937,
                0.021748122287484246,
                0.1328718417500988,
                0.9908903331622907
            ],
            "position_in_world": [
                0.1095520555973053,
                -2.3461055755615234,
                0.6342785358428955
            ],
            "bot_in_world": [
                -0.008782676421105862,
                0.15156705677509308,
                0.003716409206390381
            ],
            "path": "./prompt_files/data/Put_the_chopping_board_on_the_sink_and_put_it_in_the_sink/subtask_5/seg_instance0_detect_surroundings.png"
        },
        "scene_graph": [
            [
                "chopping_board_85",
                "inside",
                "sink_czyfhq_0"
            ],
            [
                "chopping_board_85",
                "under",
                "sink_czyfhq_0"
            ]
        ],
        "inventory": []
    },
    "1_detect_surroundings": {
        "chopping_board_85": {
            "ability": [
                [
                    "heatable",
                    0
                ],
                [
                    "freezable",
                    0
                ]
            ],
            "position_in_bot": {
                "rho": 1.0781185274553429,
                "theta_deg": 15.474369078932192,
                "phi_deg": 92.25226541368708
            },
            "orientation_in_bot": [
                0.8459849727255196,
                -0.5327551273540312,
                -0.018560512454974525,
                0.011700751172486609
            ],
            "position_in_world": [
                1.0693252086639404,
                0.15510284900665283,
                0.006943608168512583
            ],
            "bot_in_world": [
                -0.008782676421105862,
                0.15156705677509308,
                0.003716409206390381
            ],
            "path": "./prompt_files/data/Put_the_chopping_board_on_the_sink_and_put_it_in_the_sink/subtask_5/seg_instance1_detect_surroundings.png"
        },
        "sink_czyfhq_0": {
            "ability": [
                [
                    "togglable",
                    0
                ],
                [
                    "heatable",
                    0
                ],
                [
                    "freezable",
                    0
                ]
            ],
            "position_in_bot": {
                "rho": 1.148279227409997,
                "theta_deg": 15.234495920380912,
                "phi_deg": 72.29199032985699
            },
            "orientation_in_bot": [
                -0.013323772159330245,
                0.017432833904403262,
                -0.606714412336906,
                0.7946170116856237
            ],
            "position_in_world": [
                1.0693252086639404,
                0.15510401129722595,
                0.39895814657211304
            ],
            "bot_in_world": [
                -0.008782676421105862,
                0.15156705677509308,
                0.003716409206390381
            ],
            "path": "./prompt_files/data/Put_the_chopping_board_on_the_sink_and_put_it_in_the_sink/subtask_5/seg_instance1_detect_surroundings.png"
        },
        "countertop_tpuwys_2": {
            "ability": [
                [
                    "heatable",
                    0
                ],
                [
                    "freezable",
                    0
                ]
            ],
            "position_in_bot": {
                "rho": 1.1539148042229572,
                "theta_deg": -55.47665066409882,
                "phi_deg": 41.18351337759381
            },
            "orientation_in_bot": [
                0.0029055339756385037,
                0.021748184670147278,
                0.1328670784682924,
                0.9908909696809081
            ],