{
    "task": "Put_the_chopping_board_on_the_sink_and_put_it_in_the_sink",
    "0_detect_surroundings": {
        "chopping_board_85": {
            "ability": [
                [
                    "heatable",
                    0
                ],
                [
                    "freezable",
                    0
                ]
            ],
            "position_in_bot": {
                "rho": 0.5479017843735942,
                "theta_deg": -3.4531760621930108,
                "phi_deg": 92.17248093144754
            },
            "orientation_in_bot": [
                0.8459857545359911,
                -0.532753893198171,
                -0.018560369987301754,
                0.011700644012031733
            ],
            "position_in_world": [
                0.5101094841957092,
                -0.024322720244526863,
                0.006943590007722378
            ],
            "bot_in_world": [
                -0.008782441727817059,
                0.15156680345535278,
                0.003716707229614258
            ],
            "path": "./prompt_files/data/Put_the_chopping_board_on_the_sink_and_put_it_in_the_sink/subtask_4/seg_instance0_detect_surroundings.png"
        },
        "sink_czyfhq_0": {
            "ability": [
                [
                    "togglable",
                    0
                ],
                [
                    "heatable",
                    0
                ],
                [
                    "freezable",
                    0
                ]
            ],
            "position_in_bot": {
                "rho": 1.148278887655929,
                "theta_deg": 15.23465834096035,
                "phi_deg": 72.29205569816115
            },
            "orientation_in_bot": [
                -0.013324066622374623,
                0.017433259510229313,
                -0.6067133268899976,
                0.7946178261815945
            ],
            "position_in_world": [
                1.0693252086639404,
                0.15510401129722595,
                0.39895814657211304
            ],
            "bot_in_world": [
                -0.008782441727817059,
                0.15156680345535278,
                0.003716707229614258
            ],
            "path": "./prompt_files/data/Put_the_chopping_board_on_the_sink_and_put_it_in_the_sink/subtask_4/seg_instance0_detect_surroundings.png"
        },
        "countertop_tpuwys_2": {
            "ability": [
                [
                    "heatable",
                    0
                ],
                [
                    "freezable",
                    0
                ]
            ],
            "position_in_bot": {
                "rho": 1.1539143616132554,
                "theta_deg": -55.476455464102436,
                "phi_deg": 41.18354942133591
            },
            "orientation_in_bot": [
                0.0029056270979636463,
                0.021748693767003127,
                0.13286842105923305,
                0.9908907782070752
            ],
            "position_in_world": [
                0.20455229970466282,
                -0.5556479370210349,
                0.8902008019217902
            ],
            "bot_in_world": [
                -0.008782441727817059,
                0.15156680345535278,
                0.003716707229614258
            ],
            "path": "./prompt_files/data/Put_the_chopping_board_on_the_sink_and_put_it_in_the_sink/subtask_4/seg_instance0_detect_surroundings.png"
        },
        "breakfast_table_idnnmz_0": {
            "ability": [
                [
                    "heatable",
                    0
                ],
                [
                    "freezable",
                    0
                ]
            ],
            "position_in_bot": {
                "rho": 2.578755205828786,
                "theta_deg": -71.42813770374897,
                "phi_deg": 76.63409702069423
            },
            "orientation_in_bot": [
                0.0029053456835709773,
                0.021748631383371644,
                0.13287318434031403,
                0.9908901416820505
            ],
            "position_in_world": [
                0.1095520555973053,
                -2.3461055755615234,
                0.6342785358428955
            ],
            "bot_in_world": [
                -0.008782441727817059,
                0.15156680345535278,
                0.003716707229614258
            ],
            "path": "./prompt_files/data/Put_the_chopping_board_on_the_sink_and_put_it_in_the_sink/subtask_4/seg_instance0_detect_surroundings.png"
        },
        "scene_graph": [],
        "inventory": [
            "chopping_board_85"
        ]
    },
    "1_detect_surroundings": {
        "chopping_board_85": {
            "ability": [
                [
                    "heatable",
                    0
                ],
                [
                    "freezable",
                    0
                ]
            ],
            "position_in_bot": {
                "rho": 0.5479017843735942,
                "theta_deg": -3.4531760621930108,
                "phi_deg": 92.17248093144754
            },
            "orientation_in_bot": [
                0.8459857545359911,
                -0.532753893198171,
                -0.018560369987301754,
                0.011700644012031733
            ],
            "position_in_world": [
                0.5101094841957092,
                -0.024322720244526863,
                0.006943590007722378
            ],
            "bot_in_world": [
                -0.008782441727817059,
                0.15156680345535278,
                0.003716707229614258
            ],
            "path": "./prompt_files/data/Put_the_chopping_board_on_the_sink_and_put_it_in_the_sink/subtask_4/seg_instance1_detect_surroundings.png"
        },
        "sink_czyfhq_0": {
            "ability": [
                [
                    "togglable",
                    0
                ],
                [
                    "heatable",
                    0
                ],
                [
                    "freezable",
                    0
                ]
            ],
            "position_in_bot": {
                "rho": 1.148278887655929,
                "theta_deg": 15.23465834096035,
                "phi_deg": 72.29205569816115
            },
            "orientation_in_bot": [
                -0.013324066622374623,
                0.017433259510229313,
                -0.6067133268899976,
                0.7946178261815945
            ],
            "position_in_world": [
                1.0693252086639404,
                0.15510401129722595,
                0.39895814657211304
            ],
            "bot_in_world": [
                -0.008782441727817059,
                0.15156680345535278,
                0.003716707229614258
            ],
            "path": "./prompt_files/data/Put_the_chopping_board_on_the_sink_and_put_it_in_the_sink/subtask_4/seg_instance1_detect_surroundings.png"
        },
        "countertop_tpuwys_2": {
            "ability": [
                [
                    "heatable",
                    0
                ],
                [
                    "freezable",
                    0
                ]
            ],
            "position_in_bot": {
                "rho": 1.1539143616132554,
                "theta_deg": -55.476455464102436,
                "phi_deg": 41.18354942133591
            },
            "orientation_in_bot": [
                0.0029056270979636463,
                0.021748693767003127,
                0.13286842105923305,
                0.9908907782070752
            ],
            "position_in_world": [
                0.20455229970466282,
                -0.5556479370210349,
                0.8902008019217902
            ],