{
    "task": "put_a_teaspoon_in_the_bowl",
    "0_detect_surroundings": {
        "bottom_cabinet_no_top_qudfwe_0": {
            "ability": [
                [
                    "openable",
                    1
                ],
                [
                    "heatable",
                    0
                ],
                [
                    "freezable",
                    0
                ]
            ],
            "position_in_bot": {
                "rho": 1.5133208368398021,
                "theta_deg": -32.27787847165336,
                "phi_deg": 74.9492625855973
            },
            "orientation_in_bot": [
                0.017480563660091947,
                -0.0021143605500722217,
                0.9917634613010919,
                -0.1268668443749873
            ],
            "position_in_world": [
                -0.4690432846546173,
                -0.6071784496307373,
                0.4398816227912903
            ],
            "bot_in_world": [
                -1.465299129486084,
                0.4451908767223358,
                0.0038391202688217163
            ],
            "path": "./prompt_files/data/put_a_teaspoon_in_the_bowl/subtask_9/seg_instance0_detect_surroundings.png"
        },
        "scene_graph": [],
        "inventory": []
    },
    "1_detect_surroundings": {
        "bottom_cabinet_no_top_qudfwe_0": {
            "ability": [
                [
                    "openable",
                    1
                ],
                [
                    "heatable",
                    0
                ],
                [
                    "freezable",
                    0
                ]
            ],
            "position_in_bot": {
                "rho": 1.5133208368398021,
                "theta_deg": -32.27787847165336,
                "phi_deg": 74.9492625855973
            },
            "orientation_in_bot": [
                0.017480563660091947,
                -0.0021143605500722217,
                0.9917634613010919,
                -0.1268668443749873
            ],
            "position_in_world": [
                -0.4690432846546173,
                -0.6071784496307373,
                0.4398816227912903
            ],
            "bot_in_world": [
                -1.465299129486084,
                0.4451908767223358,
                0.0038391202688217163
            ],
            "path": "./prompt_files/data/put_a_teaspoon_in_the_bowl/subtask_9/seg_instance1_detect_surroundings.png"
        },
        "scene_graph": [],
        "inventory": []
    },
    "2_detect_surroundings": {
        "bottom_cabinet_no_top_qudfwe_0": {
            "ability": [
                [
                    "openable",
                    1
                ],
                [
                    "heatable",
                    0
                ],
                [
                    "freezable",
                    0
                ]
            ],
            "position_in_bot": {
                "rho": 1.5133208368398021,
                "theta_deg": -32.27787847165336,
                "phi_deg": 74.9492625855973
            },
            "orientation_in_bot": [
                0.017480563660091947,
                -0.0021143605500722217,
                0.9917634613010919,
                -0.1268668443749873
            ],
            "position_in_world": [
                -0.4690432846546173,
                -0.6071784496307373,
                0.4398816227912903
            ],
            "bot_in_world": [
                -1.465299129486084,
                0.4451908767223358,
                0.0038391202688217163
            ],
            "path": "./prompt_files/data/put_a_teaspoon_in_the_bowl/subtask_9/seg_instance2_detect_surroundings.png"
        },
        "scene_graph": [],
        "inventory": []
    },
    "3_detect_surroundings": {
        "bottom_cabinet_no_top_qudfwe_0": {
            "ability": [
                [
                    "openable",
                    1
                ],
                [
                    "heatable",
                    0
                ],
                [
                    "freezable",
                    0
                ]
            ],
            "position_in_bot": {
                "rho": 1.5133208368398021,
                "theta_deg": -32.27787847165336,
                "phi_deg": 74.9492625855973
            },
            "orientation_in_bot": [
                0.017480563660091947,
                -0.0021143605500722217,
                0.9917634613010919,
                -0.1268668443749873
            ],
            "position_in_world": [
                -0.4690432846546173,
                -0.6071784496307373,
                0.4398816227912903
            ],
            "bot_in_world": [
                -1.465299129486084,
                0.4451908767223358,
                0.0038391202688217163
            ],
            "path": "./prompt_files/data/put_a_teaspoon_in_the_bowl/subtask_9/seg_instance3_detect_surroundings.png"
        },
        "scene_graph": [],
        "inventory": []
    },
    "4_detect_surroundings": {
        "bottom_cabinet_no_top_qudfwe_0": {
            "ability": [
                [
                    "openable",
                    1
                ],
                [
                    "heatable",
                    0
                ],
                [
                    "freezable",
                    0
                ]
            ],
            "position_in_bot": {
                "rho": 1.5133208368398021,
                "theta_deg": -32.27787847165336,
                "phi_deg": 74.9492625855973
            },
            "orientation_in_bot": [
                0.017480563660091947,
                -0.0021143605500722217,
                0.9917634613010919,
                -0.1268668443749873
            ],
            "position_in_world": [
                -0.4690432846546173,
                -0.6071784496307373,
                0.4398816227912903
            ],
            "bot_in_world": [
                -1.465299129486084,
                0.4451908767223358,
                0.0038391202688217163
            ],
            "path": "./prompt_files/data/put_a_teaspoon_in_the_bowl/subtask_9/seg_instance4_detect_surroundings.png"
        },
        "scene_graph": [],
        "inventory": []
    },
    "5_detect_surroundings": {
        "bottom_cabinet_no_top_qudfwe_0": {
            "ability": [
                [
                    "openable",
                    1
                ],
                [
                    "heatable",
                    0
                ],
                [
                    "freezable",
                    0
                ]
            ],
            "position_in_bot": {
                "rho": 1.5133208368398021,
                "theta_deg": -32.27787847165336,
                "phi_deg": 74.9492625855973
            },
            "orientation_in_bot": [
                0.017480563660091947,
                -0.0021143605500722217,
                0.9917634613010919,
                -0.1268668443749873
            ],
            "position_in_world": [
                -0.4690432846546173,
                -0.6071784496307373,
                0.4398816227912903
            ],
            "bot_in_world": [
                -1.465299129486084,
                0.4451908767223358,
                0.0038391202688217163
            ],
            "path": "./prompt_files/data/put_a_teaspoon_in_the_bowl/subtask_9/seg_instance5_detect_surroundings.png"
        },
        "scene_graph": [],
        "inventory": []
    },