{
    "task": "Put_the_chopping_board_on_the_sink_and_put_it_in_the_sink",
    "0_detect_surroundings": {
        "chopping_board_85": {
            "ability": [
                [
                    "heatable",
                    0
                ],
                [
                    "freezable",
                    0
                ]
            ],
            "position_in_bot": {
                "rho": 2.8562742214036514,
                "theta_deg": -77.78126728865087,
                "phi_deg": 75.255679382016
            },
            "orientation_in_bot": [
                -0.009452878228820284,
                0.019943851543840794,
                -0.4245590919813808,
                0.9051311856823483
            ],
            "position_in_world": [
                0.0327472947537899,
                -2.396606206893921,
                0.7553479075431824
            ],
            "bot_in_world": [
                0.170746311545372,
                0.3555613160133362,
                0.003794565796852112
            ],
            "path": "./prompt_files/data/Put_the_chopping_board_on_the_sink_and_put_it_in_the_sink/subtask_1/seg_instance0_detect_surroundings.png"
        },
        "sink_czyfhq_0": {
            "ability": [
                [
                    "togglable",
                    0
                ],
                [
                    "heatable",
                    0
                ],
                [
                    "freezable",
                    0
                ]
            ],
            "position_in_bot": {
                "rho": 1.0018889416931602,
                "theta_deg": 1.8210145463944485,
                "phi_deg": 69.29864241339996
            },
            "orientation_in_bot": [
                -0.013593295082596376,
                0.017388231857442007,
                -0.6125826436799545,
                0.7900983333634789
            ],
            "position_in_world": [
                1.0693252086639404,
                0.15510401129722595,
                0.39895814657211304
            ],
            "bot_in_world": [
                0.170746311545372,
                0.3555613160133362,
                0.003794565796852112
            ],
            "path": "./prompt_files/data/Put_the_chopping_board_on_the_sink_and_put_it_in_the_sink/subtask_1/seg_instance0_detect_surroundings.png"
        },
        "countertop_tpuwys_2": {
            "ability": [
                [
                    "heatable",
                    0
                ],
                [
                    "freezable",
                    0
                ]
            ],
            "position_in_bot": {
                "rho": 1.2716765094283473,
                "theta_deg": -71.13500474401067,
                "phi_deg": 46.57013622406728
            },
            "orientation_in_bot": [
                0.00268341405074535,
                0.021907227687657623,
                0.1255224248517437,
                0.9918452467615155
            ],
            "position_in_world": [
                0.20455229970466282,
                -0.5556479370210349,
                0.8902008019217902
            ],
            "bot_in_world": [
                0.170746311545372,
                0.3555613160133362,
                0.003794565796852112
            ],
            "path": "./prompt_files/data/Put_the_chopping_board_on_the_sink_and_put_it_in_the_sink/subtask_1/seg_instance0_detect_surroundings.png"
        },
        "breakfast_table_idnnmz_0": {
            "ability": [
                [
                    "heatable",
                    0
                ],
                [
                    "freezable",
                    0
                ]
            ],
            "position_in_bot": {
                "rho": 2.7749324127888233,
                "theta_deg": -76.3105659336049,
                "phi_deg": 77.44409705245818
            },
            "orientation_in_bot": [
                0.002683463986538715,
                0.02190700911174709,
                0.1255241098161993,
                0.9918450382129567
            ],
            "position_in_world": [
                0.10955178737640381,
                -2.3461039066314697,
                0.6342784762382507
            ],
            "bot_in_world": [
                0.170746311545372,
                0.3555613160133362,
                0.003794565796852112
            ],
            "path": "./prompt_files/data/Put_the_chopping_board_on_the_sink_and_put_it_in_the_sink/subtask_1/seg_instance0_detect_surroundings.png"
        },
        "scene_graph": [
            [
                "chopping_board_85",
                "ontop",
                "breakfast_table_idnnmz_0"
            ],
            [
                "breakfast_table_idnnmz_0",
                "under",
                "chopping_board_85"
            ]
        ],
        "inventory": []
    },
    "1_detect_surroundings": {
        "chopping_board_85": {
            "ability": [
                [
                    "heatable",
                    0
                ],
                [
                    "freezable",
                    0
                ]
            ],
            "position_in_bot": {
                "rho": 2.8562742214036514,
                "theta_deg": -77.78126728865087,
                "phi_deg": 75.255679382016
            },
            "orientation_in_bot": [
                -0.009452878228820284,
                0.019943851543840794,
                -0.4245590919813808,
                0.9051311856823483
            ],
            "position_in_world": [
                0.0327472947537899,
                -2.396606206893921,
                0.7553479075431824
            ],
            "bot_in_world": [
                0.170746311545372,
                0.3555613160133362,
                0.003794565796852112
            ],
            "path": "./prompt_files/data/Put_the_chopping_board_on_the_sink_and_put_it_in_the_sink/subtask_1/seg_instance1_detect_surroundings.png"
        },
        "sink_czyfhq_0": {
            "ability": [
                [
                    "togglable",
                    0
                ],
                [
                    "heatable",
                    0
                ],
                [
                    "freezable",
                    0
                ]
            ],
            "position_in_bot": {
                "rho": 1.0018889416931602,
                "theta_deg": 1.8210145463944485,
                "phi_deg": 69.29864241339996
            },
            "orientation_in_bot": [
                -0.013593295082596376,
                0.017388231857442007,
                -0.6125826436799545,
                0.7900983333634789
            ],
            "position_in_world": [
                1.0693252086639404,
                0.15510401129722595,
                0.39895814657211304
            ],
            "bot_in_world": [
                0.170746311545372,
                0.3555613160133362,
                0.003794565796852112
            ],
            "path": "./prompt_files/data/Put_the_chopping_board_on_the_sink_and_put_it_in_the_sink/subtask_1/seg_instance1_detect_surroundings.png"
        },
        "countertop_tpuwys_2": {
            "ability": [
                [
                    "heatable",
                    0
                ],
                [
                    "freezable",
                    0
                ]
            ],
            "position_in_bot": {
                "rho": 1.2716765094283473,
                "theta_deg": -71.13500474401067,
                "phi_deg": 46.57013622406728
            },
            "orientation_in_bot": [
                0.00268341405074535,
                0.021907227687657623,
                0.1255224248517437,
                0.9918452467615155
            ],