{
    "task": "put_a_teaspoon_in_the_bowl",
    "0_detect_surroundings": {
        "bottom_cabinet_no_top_qudfwe_0": {
            "ability": [
                [
                    "openable",
                    1
                ],
                [
                    "heatable",
                    0
                ],
                [
                    "freezable",
                    0
                ]
            ],
            "position_in_bot": {
                "rho": 1.5134604852827502,
                "theta_deg": -32.20338346182765,
                "phi_deg": 75.38283387624479
            },
            "orientation_in_bot": [
                0.021895890451752758,
                -0.0027084313050656558,
                0.9916759441708001,
                -0.12685446832549038
            ],
            "position_in_world": [
                -0.4690432846546173,
                -0.6071784496307373,
                0.4398816227912903
            ],
            "bot_in_world": [
                -1.4654523134231567,
                0.44522836804389954,
                0.0037949830293655396
            ],
            "path": "./prompt_files/data/put_a_teaspoon_in_the_bowl/subtask_11/seg_instance0_detect_surroundings.png"
        },
        "scene_graph": [],
        "inventory": []
    },
    "1_detect_surroundings": {
        "bottom_cabinet_no_top_qudfwe_0": {
            "ability": [
                [
                    "openable",
                    1
                ],
                [
                    "heatable",
                    0
                ],
                [
                    "freezable",
                    0
                ]
            ],
            "position_in_bot": {
                "rho": 1.5134604852827502,
                "theta_deg": -32.20338346182765,
                "phi_deg": 75.38283387624479
            },
            "orientation_in_bot": [
                0.021895890451752758,
                -0.0027084313050656558,
                0.9916759441708001,
                -0.12685446832549038
            ],
            "position_in_world": [
                -0.4690432846546173,
                -0.6071784496307373,
                0.4398816227912903
            ],
            "bot_in_world": [
                -1.4654523134231567,
                0.44522836804389954,
                0.0037949830293655396
            ],
            "path": "./prompt_files/data/put_a_teaspoon_in_the_bowl/subtask_11/seg_instance1_detect_surroundings.png"
        },
        "scene_graph": [],
        "inventory": []
    },
    "2_detect_surroundings": {
        "bottom_cabinet_no_top_qudfwe_0": {
            "ability": [
                [
                    "openable",
                    1
                ],
                [
                    "heatable",
                    0
                ],
                [
                    "freezable",
                    0
                ]
            ],
            "position_in_bot": {
                "rho": 1.5134604852827502,
                "theta_deg": -32.20338346182765,
                "phi_deg": 75.38283387624479
            },
            "orientation_in_bot": [
                0.021895890451752758,
                -0.0027084313050656558,
                0.9916759441708001,
                -0.12685446832549038
            ],
            "position_in_world": [
                -0.4690432846546173,
                -0.6071784496307373,
                0.4398816227912903
            ],
            "bot_in_world": [
                -1.4654523134231567,
                0.44522836804389954,
                0.0037949830293655396
            ],
            "path": "./prompt_files/data/put_a_teaspoon_in_the_bowl/subtask_11/seg_instance2_detect_surroundings.png"
        },
        "scene_graph": [],
        "inventory": []
    },
    "3_detect_surroundings": {
        "bottom_cabinet_no_top_qudfwe_0": {
            "ability": [
                [
                    "openable",
                    1
                ],
                [
                    "heatable",
                    0
                ],
                [
                    "freezable",
                    0
                ]
            ],
            "position_in_bot": {
                "rho": 1.5134604852827502,
                "theta_deg": -32.20338346182765,
                "phi_deg": 75.38283387624479
            },
            "orientation_in_bot": [
                0.021895890451752758,
                -0.0027084313050656558,
                0.9916759441708001,
                -0.12685446832549038
            ],
            "position_in_world": [
                -0.4690432846546173,
                -0.6071784496307373,
                0.4398816227912903
            ],
            "bot_in_world": [
                -1.4654523134231567,
                0.44522836804389954,
                0.0037949830293655396
            ],
            "path": "./prompt_files/data/put_a_teaspoon_in_the_bowl/subtask_11/seg_instance3_detect_surroundings.png"
        },
        "scene_graph": [],
        "inventory": []
    },
    "4_detect_surroundings": {
        "bottom_cabinet_no_top_qudfwe_0": {
            "ability": [
                [
                    "openable",
                    1
                ],
                [
                    "heatable",
                    0
                ],
                [
                    "freezable",
                    0
                ]
            ],
            "position_in_bot": {
                "rho": 1.5134604852827502,
                "theta_deg": -32.20338346182765,
                "phi_deg": 75.38283387624479
            },
            "orientation_in_bot": [
                0.021895890451752758,
                -0.0027084313050656558,
                0.9916759441708001,
                -0.12685446832549038
            ],
            "position_in_world": [
                -0.4690432846546173,
                -0.6071784496307373,
                0.4398816227912903
            ],
            "bot_in_world": [
                -1.4654523134231567,
                0.44522836804389954,
                0.0037949830293655396
            ],
            "path": "./prompt_files/data/put_a_teaspoon_in_the_bowl/subtask_11/seg_instance4_detect_surroundings.png"
        },
        "scene_graph": [],
        "inventory": []
    },
    "5_detect_surroundings": {
        "bottom_cabinet_no_top_qudfwe_0": {
            "ability": [
                [
                    "openable",
                    1
                ],
                [
                    "heatable",
                    0
                ],
                [
                    "freezable",
                    0
                ]
            ],
            "position_in_bot": {
                "rho": 1.5134604852827502,
                "theta_deg": -32.20338346182765,
                "phi_deg": 75.38283387624479
            },
            "orientation_in_bot": [
                0.021895890451752758,
                -0.0027084313050656558,
                0.9916759441708001,
                -0.12685446832549038
            ],
            "position_in_world": [
                -0.4690432846546173,
                -0.6071784496307373,
                0.4398816227912903
            ],
            "bot_in_world": [
                -1.4654523134231567,
                0.44522836804389954,
                0.0037949830293655396
            ],
            "path": "./prompt_files/data/put_a_teaspoon_in_the_bowl/subtask_11/seg_instance5_detect_surroundings.png"
        },
        "scene_graph": [],
        "inventory": []
    },