{
    "task": "put_a_book_in_the_carton",
    "0_detect_surroundings": {
        "hardback_188": {
            "ability": [
                [
                    "heatable",
                    0
                ],
                [
                    "freezable",
                    0
                ]
            ],
            "position_in_bot": {
                "rho": 1.1065593803092764,
                "theta_deg": 115.83192803490836,
                "phi_deg": 142.29895037210244
            },
            "orientation_in_bot": [
                -0.4642666225783609,
                0.007742772380055883,
                0.0014286389415312784,
                0.8856604945611649
            ],
            "position_in_world": [
                -1.807637095451355,
                -3.034050941467285,
                0.009210026822984219
            ],
            "bot_in_world": [
                -2.6894936561584473,
                -2.4271602630615234,
                0.28936418890953064
            ],
            "path": "./prompt_files/data/put_a_book_in_the_carton/subtask_9/seg_instance0_detect_surroundings.png"
        },
        "shelf_owvfik_1": {
            "ability": [
                [
                    "heatable",
                    0
                ],
                [
                    "freezable",
                    0
                ]
            ],
            "position_in_bot": {
                "rho": 1.9712412322313015,
                "theta_deg": 94.94415718059021,
                "phi_deg": 92.3920636055592
            },
            "orientation_in_bot": [
                0.4049469548949138,
                0.5868495143709198,
                0.39822042258221907,
                0.5771014696241824
            ],
            "position_in_world": [
                -0.8248105049133301,
                -1.810388207435608,
                0.12101665139198303
            ],
            "bot_in_world": [
                -2.6894936561584473,
                -2.4271602630615234,
                0.28936418890953064
            ],
            "path": "./prompt_files/data/put_a_book_in_the_carton/subtask_9/seg_instance0_detect_surroundings.png"
        },
        "carton_195": {
            "ability": [
                [
                    "openable",
                    0
                ],
                [
                    "heatable",
                    0
                ],
                [
                    "freezable",
                    0
                ]
            ],
            "position_in_bot": {
                "rho": 1.3977028431478324,
                "theta_deg": 79.99597337833924,
                "phi_deg": 124.94282569116463
            },
            "orientation_in_bot": [
                0.10540985806049617,
                0.7059221468125338,
                0.09851884363959265,
                0.6934383331711385
            ],
            "position_in_world": [
                -1.3517484664916992,
                -2.771965742111206,
                0.5017792582511902
            ],
            "bot_in_world": [
                -2.6894936561584473,
                -2.4271602630615234,
                0.28936418890953064
            ],
            "path": "./prompt_files/data/put_a_book_in_the_carton/subtask_9/seg_instance0_detect_surroundings.png"
        },
        "scene_graph": [],
        "inventory": []
    },
    "1_detect_surroundings": {
        "hardback_188": {
            "ability": [
                [
                    "heatable",
                    0
                ],
                [
                    "freezable",
                    0
                ]
            ],
            "position_in_bot": {
                "rho": 1.1065593803092764,
                "theta_deg": 115.83192803490836,
                "phi_deg": 142.29895037210244
            },
            "orientation_in_bot": [
                -0.4642666225783609,
                0.007742772380055883,
                0.0014286389415312784,
                0.8856604945611649
            ],
            "position_in_world": [
                -1.807637095451355,
                -3.034050941467285,
                0.009210026822984219
            ],
            "bot_in_world": [
                -2.6894936561584473,
                -2.4271602630615234,
                0.28936418890953064
            ],
            "path": "./prompt_files/data/put_a_book_in_the_carton/subtask_9/seg_instance1_detect_surroundings.png"
        },
        "shelf_owvfik_1": {
            "ability": [
                [
                    "heatable",
                    0
                ],
                [
                    "freezable",
                    0
                ]
            ],
            "position_in_bot": {
                "rho": 1.9712412322313015,
                "theta_deg": 94.94415718059021,
                "phi_deg": 92.3920636055592
            },
            "orientation_in_bot": [
                0.4049469548949138,
                0.5868495143709198,
                0.39822042258221907,
                0.5771014696241824
            ],
            "position_in_world": [
                -0.8248105049133301,
                -1.810388207435608,
                0.12101665139198303
            ],
            "bot_in_world": [
                -2.6894936561584473,
                -2.4271602630615234,
                0.28936418890953064
            ],
            "path": "./prompt_files/data/put_a_book_in_the_carton/subtask_9/seg_instance1_detect_surroundings.png"
        },
        "carton_195": {
            "ability": [
                [
                    "openable",
                    0
                ],
                [
                    "heatable",
                    0
                ],
                [
                    "freezable",
                    0
                ]
            ],
            "position_in_bot": {
                "rho": 1.3977028431478324,
                "theta_deg": 79.99597337833924,
                "phi_deg": 124.94282569116463
            },
            "orientation_in_bot": [
                0.10540985806049617,
                0.7059221468125338,
                0.09851884363959265,
                0.6934383331711385
            ],
            "position_in_world": [
                -1.3517484664916992,
                -2.771965742111206,
                0.5017792582511902
            ],
            "bot_in_world": [
                -2.6894936561584473,
                -2.4271602630615234,
                0.28936418890953064
            ],
            "path": "./prompt_files/data/put_a_book_in_the_carton/subtask_9/seg_instance1_detect_surroundings.png"
        },
        "scene_graph": [],
        "inventory": []
    },
    "2_detect_surroundings": {
        "hardback_188": {
            "ability": [
                [
                    "heatable",
                    0
                ],
                [
                    "freezable",
                    0
                ]
            ],
            "position_in_bot": {
                "rho": 1.1065593803092764,
                "theta_deg": 115.83192803490836,
                "phi_deg": 142.29895037210244
            },
            "orientation_in_bot": [
                -0.4642666225783609,
                0.007742772380055883,
                0.0014286389415312784,
                0.8856604945611649
            ],
            "position_in_world": [
                -1.807637095451355,
                -3.034050941467285,
                0.009210026822984219
            ],
            "bot_in_world": [
                -2.6894936561584473,
                -2.4271602630615234,
                0.28936418890953064
            ],
            "path": "./prompt_files/data/put_a_book_in_the_carton/subtask_9/seg_instance2_detect_surroundings.png"
        },