{
    "task": "buy_a_air_conditioner",
    "0_detect_surroundings": {
        "shopping_cart_kmgltg_1": {
            "ability": [
                [
                    "heatable",
                    0
                ],
                [
                    "freezable",
                    0
                ]
            ],
            "position_in_bot": {
                "rho": 103.43964621218431,
                "theta_deg": 22.361775545466816,
                "phi_deg": 2.5116751650655202
            },
            "orientation_in_bot": [
                -0.0012556758608531992,
                0.019721359056542563,
                0.07075327272648811,
                0.997298082658132
            ],
            "position_in_world": [
                3.391177177429199,
                -0.5582025051116943,
                0.43117740750312805
            ],
            "bot_in_world": [
                3.3911263942718506,
                -1.8382205963134766,
                -103.00054931640625
            ],
            "path": "./prompt_files/data/buy_a_air_conditioner/subtask_11/seg_instance0_detect_surroundings.png"
        },
        "checkout_counter_sckdal_0": {
            "ability": [
                [
                    "heatable",
                    0
                ],
                [
                    "freezable",
                    0
                ]
            ],
            "position_in_bot": {
                "rho": 103.63244355763975,
                "theta_deg": 73.0903019650141,
                "phi_deg": 2.282355787153654
            },
            "orientation_in_bot": [
                0.9972683578389948,
                0.07073827166659911,
                -0.021246532658827883,
                0.0007100878215785407
            ],
            "position_in_world": [
                0.7368888761418364,
                2.0660888102035844,
                0.5243021984952884
            ],
            "bot_in_world": [
                3.3911263942718506,
                -1.8382205963134766,
                -103.00054931640625
            ],
            "path": "./prompt_files/data/buy_a_air_conditioner/subtask_11/seg_instance0_detect_surroundings.png"
        },
        "ceiling_air_conditioner_143": {
            "ability": [
                [
                    "togglable",
                    0
                ],
                [
                    "heatable",
                    0
                ],
                [
                    "freezable",
                    0
                ]
            ],
            "position_in_bot": {
                "rho": 103.45617354997404,
                "theta_deg": 117.34864464259974,
                "phi_deg": 3.907488888169152
            },
            "orientation_in_bot": [
                -0.014907128640717627,
                0.014815286593727913,
                -0.6169924863986427,
                0.7866883477759509
            ],
            "position_in_world": [
                -3.313384771347046,
                4.982326030731201,
                0.012603465467691422
            ],
            "bot_in_world": [
                3.3911263942718506,
                -1.8382205963134766,
                -103.00054931640625
            ],
            "path": "./prompt_files/data/buy_a_air_conditioner/subtask_11/seg_instance0_detect_surroundings.png"
        },
        "money_142": {
            "ability": [
                [
                    "heatable",
                    0
                ],
                [
                    "freezable",
                    0
                ]
            ],
            "position_in_bot": {
                "rho": 103.40694542630554,
                "theta_deg": 21.56463230147188,
                "phi_deg": 2.5555686595176033
            },
            "orientation_in_bot": [
                -0.010111911138718557,
                0.004531782436076214,
                -0.40827167364041006,
                0.9127932146460846
            ],
            "position_in_world": [
                3.483302593231201,
                -0.6014155149459839,
                0.3989589512348175
            ],
            "bot_in_world": [
                3.3911263942718506,
                -1.8382205963134766,
                -103.00054931640625
            ],
            "path": "./prompt_files/data/buy_a_air_conditioner/subtask_11/seg_instance0_detect_surroundings.png"
        },
        "scene_graph": [
            [
                "money_142",
                "inside",
                "shopping_cart_kmgltg_1"
            ]
        ],
        "inventory": []
    },
    "1_detect_surroundings": {
        "shopping_cart_kmgltg_1": {
            "ability": [
                [
                    "heatable",
                    0
                ],
                [
                    "freezable",
                    0
                ]
            ],
            "position_in_bot": {
                "rho": 103.43964621218431,
                "theta_deg": 22.361775545466816,
                "phi_deg": 2.5116751650655202
            },
            "orientation_in_bot": [
                -0.0012556758608531992,
                0.019721359056542563,
                0.07075327272648811,
                0.997298082658132
            ],
            "position_in_world": [
                3.391177177429199,
                -0.5582025051116943,
                0.43117740750312805
            ],
            "bot_in_world": [
                3.3911263942718506,
                -1.8382205963134766,
                -103.00054931640625
            ],
            "path": "./prompt_files/data/buy_a_air_conditioner/subtask_11/seg_instance1_detect_surroundings.png"
        },
        "checkout_counter_sckdal_0": {
            "ability": [
                [
                    "heatable",
                    0
                ],
                [
                    "freezable",
                    0
                ]
            ],
            "position_in_bot": {
                "rho": 103.63244355763975,
                "theta_deg": 73.0903019650141,
                "phi_deg": 2.282355787153654
            },
            "orientation_in_bot": [
                0.9972683578389948,
                0.07073827166659911,
                -0.021246532658827883,
                0.0007100878215785407
            ],
            "position_in_world": [
                0.7368888761418364,
                2.0660888102035844,
                0.5243021984952884
            ],
            "bot_in_world": [
                3.3911263942718506,
                -1.8382205963134766,
                -103.00054931640625
            ],
            "path": "./prompt_files/data/buy_a_air_conditioner/subtask_11/seg_instance1_detect_surroundings.png"
        },
        "ceiling_air_conditioner_143": {
            "ability": [
                [
                    "togglable",
                    0
                ],
                [
                    "heatable",
                    0
                ],
                [
                    "freezable",
                    0
                ]
            ],
            "position_in_bot": {
                "rho": 103.45617354997404,
                "theta_deg": 117.34864464259974,
                "phi_deg": 3.907488888169152
            },
            "orientation_in_bot": [
                -0.014907128640717627,
                0.014815286593727913,
                -0.6169924863986427,
                0.7866883477759509
            ],
            "position_in_world": [
                -3.313384771347046,
                4.982326030731201,
                0.012603465467691422
            ],
            "bot_in_world": [
                3.3911263942718506,
                -1.8382205963134766,
                -103.00054931640625
            ],