{
    "task": "put_a_teaspoon_in_the_bowl",
    "0_detect_surroundings": {
        "bottom_cabinet_no_top_qudfwe_0": {
            "ability": [
                [
                    "openable",
                    1
                ],
                [
                    "heatable",
                    0
                ],
                [
                    "freezable",
                    0
                ]
            ],
            "position_in_bot": {
                "rho": 1.2989236848351744,
                "theta_deg": -76.1060437936682,
                "phi_deg": 70.95385201329245
            },
            "orientation_in_bot": [
                0.0219194279572304,
                -0.002378696398231153,
                0.9931016510638363,
                -0.11516506039487465
            ],
            "position_in_world": [
                -0.4690432846546173,
                -0.6071784496307373,
                0.4398816227912903
            ],
            "bot_in_world": [
                -0.4775993824005127,
                0.6163275837898254,
                0.0038054436445236206
            ],
            "path": "./prompt_files/data/put_a_teaspoon_in_the_bowl/subtask_8/seg_instance0_detect_surroundings.png"
        },
        "scene_graph": [],
        "inventory": []
    },
    "1_detect_surroundings": {
        "bottom_cabinet_no_top_qudfwe_0": {
            "ability": [
                [
                    "openable",
                    1
                ],
                [
                    "heatable",
                    0
                ],
                [
                    "freezable",
                    0
                ]
            ],
            "position_in_bot": {
                "rho": 1.2989236848351744,
                "theta_deg": -76.1060437936682,
                "phi_deg": 70.95385201329245
            },
            "orientation_in_bot": [
                0.0219194279572304,
                -0.002378696398231153,
                0.9931016510638363,
                -0.11516506039487465
            ],
            "position_in_world": [
                -0.4690432846546173,
                -0.6071784496307373,
                0.4398816227912903
            ],
            "bot_in_world": [
                -0.4775993824005127,
                0.6163275837898254,
                0.0038054436445236206
            ],
            "path": "./prompt_files/data/put_a_teaspoon_in_the_bowl/subtask_8/seg_instance1_detect_surroundings.png"
        },
        "scene_graph": [],
        "inventory": []
    },
    "2_detect_surroundings": {
        "bottom_cabinet_no_top_qudfwe_0": {
            "ability": [
                [
                    "openable",
                    1
                ],
                [
                    "heatable",
                    0
                ],
                [
                    "freezable",
                    0
                ]
            ],
            "position_in_bot": {
                "rho": 1.2989236848351744,
                "theta_deg": -76.1060437936682,
                "phi_deg": 70.95385201329245
            },
            "orientation_in_bot": [
                0.0219194279572304,
                -0.002378696398231153,
                0.9931016510638363,
                -0.11516506039487465
            ],
            "position_in_world": [
                -0.4690432846546173,
                -0.6071784496307373,
                0.4398816227912903
            ],
            "bot_in_world": [
                -0.4775993824005127,
                0.6163275837898254,
                0.0038054436445236206
            ],
            "path": "./prompt_files/data/put_a_teaspoon_in_the_bowl/subtask_8/seg_instance2_detect_surroundings.png"
        },
        "scene_graph": [],
        "inventory": []
    },
    "3_detect_surroundings": {
        "bottom_cabinet_no_top_qudfwe_0": {
            "ability": [
                [
                    "openable",
                    1
                ],
                [
                    "heatable",
                    0
                ],
                [
                    "freezable",
                    0
                ]
            ],
            "position_in_bot": {
                "rho": 1.2989236848351744,
                "theta_deg": -76.1060437936682,
                "phi_deg": 70.95385201329245
            },
            "orientation_in_bot": [
                0.0219194279572304,
                -0.002378696398231153,
                0.9931016510638363,
                -0.11516506039487465
            ],
            "position_in_world": [
                -0.4690432846546173,
                -0.6071784496307373,
                0.4398816227912903
            ],
            "bot_in_world": [
                -0.4775993824005127,
                0.6163275837898254,
                0.0038054436445236206
            ],
            "path": "./prompt_files/data/put_a_teaspoon_in_the_bowl/subtask_8/seg_instance3_detect_surroundings.png"
        },
        "scene_graph": [],
        "inventory": []
    },
    "4_detect_surroundings": {
        "bottom_cabinet_no_top_qudfwe_0": {
            "ability": [
                [
                    "openable",
                    1
                ],
                [
                    "heatable",
                    0
                ],
                [
                    "freezable",
                    0
                ]
            ],
            "position_in_bot": {
                "rho": 1.2989236848351744,
                "theta_deg": -76.1060437936682,
                "phi_deg": 70.95385201329245
            },
            "orientation_in_bot": [
                0.0219194279572304,
                -0.002378696398231153,
                0.9931016510638363,
                -0.11516506039487465
            ],
            "position_in_world": [
                -0.4690432846546173,
                -0.6071784496307373,
                0.4398816227912903
            ],
            "bot_in_world": [
                -0.4775993824005127,
                0.6163275837898254,
                0.0038054436445236206
            ],
            "path": "./prompt_files/data/put_a_teaspoon_in_the_bowl/subtask_8/seg_instance4_detect_surroundings.png"
        },
        "scene_graph": [],
        "inventory": []
    },
    "5_detect_surroundings": {
        "bottom_cabinet_no_top_qudfwe_0": {
            "ability": [
                [
                    "openable",
                    1
                ],
                [
                    "heatable",
                    0
                ],
                [
                    "freezable",
                    0
                ]
            ],
            "position_in_bot": {
                "rho": 1.2989236848351744,
                "theta_deg": -76.1060437936682,
                "phi_deg": 70.95385201329245
            },
            "orientation_in_bot": [
                0.0219194279572304,
                -0.002378696398231153,
                0.9931016510638363,
                -0.11516506039487465
            ],
            "position_in_world": [
                -0.4690432846546173,
                -0.6071784496307373,
                0.4398816227912903
            ],
            "bot_in_world": [
                -0.4775993824005127,
                0.6163275837898254,
                0.0038054436445236206
            ],
            "path": "./prompt_files/data/put_a_teaspoon_in_the_bowl/subtask_8/seg_instance5_detect_surroundings.png"
        },
        "scene_graph": [],
        "inventory": []
    },