{
    "task": "dispose_of_water_bottle",
    "0_detect_surroundings": {
        "recycling_bin_278": {
            "ability": [
                [
                    "openable",
                    0
                ],
                [
                    "heatable",
                    0
                ],
                [
                    "freezable",
                    0
                ]
            ],
            "position_in_bot": {
                "rho": 1.2366629740940707,
                "theta_deg": 84.74349590166369,
                "phi_deg": 95.94331090879469
            },
            "orientation_in_bot": [
                0.06232499766435043,
                0.7064926888929685,
                0.027971670465668976,
                0.7044155455824936
            ],
            "position_in_world": [
                -10.521561622619629,
                0.31537798047065735,
                0.3415154814720154
            ],
            "bot_in_world": [
                -11.744089126586914,
                0.13698089122772217,
                0.28732720017433167
            ],
            "path": "./prompt_files/data/dispose_of_water_bottle/subtask_4/seg_instance0_detect_surroundings.png"
        },
        "water_bottle_275": {
            "ability": [
                [
                    "heatable",
                    0
                ],
                [
                    "freezable",
                    0
                ]
            ],
            "position_in_bot": {
                "rho": 0.5854020499659917,
                "theta_deg": 122.11243464465858,
                "phi_deg": 14.183596454393248
            },
            "orientation_in_bot": [
                0.6374843582124566,
                -0.19623144933531972,
                0.21808310793841149,
                0.7124230971537455
            ],
            "position_in_world": [
                -11.769479751586914,
                0.7155560255050659,
                0.2018771767616272
            ],
            "bot_in_world": [
                -11.744089126586914,
                0.13698089122772217,
                0.28732720017433167
            ],
            "path": "./prompt_files/data/dispose_of_water_bottle/subtask_4/seg_instance0_detect_surroundings.png"
        },
        "lawn_uinmme_0": {
            "ability": [
                [
                    "heatable",
                    0
                ],
                [
                    "freezable",
                    0
                ]
            ],
            "position_in_bot": {
                "rho": 2.8767821692513267,
                "theta_deg": 100.33393690783576,
                "phi_deg": 64.70238895776501
            },
            "orientation_in_bot": [
                0.44888757046887695,
                0.5491047473416047,
                0.41931451640366724,
                0.5667091510277739
            ],
            "position_in_world": [
                -9.590114744188744,
                1.948030992984771,
                -0.30963798338357024
            ],
            "bot_in_world": [
                -11.744089126586914,
                0.13698089122772217,
                0.28732720017433167
            ],
            "path": "./prompt_files/data/dispose_of_water_bottle/subtask_4/seg_instance0_detect_surroundings.png"
        },
        "scene_graph": [
            [
                "recycling_bin_278",
                "ontop",
                "lawn_uinmme_0"
            ]
        ],
        "inventory": [
            "water_bottle_275"
        ]
    },
    "1_detect_surroundings": {
        "recycling_bin_278": {
            "ability": [
                [
                    "openable",
                    0
                ],
                [
                    "heatable",
                    0
                ],
                [
                    "freezable",
                    0
                ]
            ],
            "position_in_bot": {
                "rho": 1.2366629740940707,
                "theta_deg": 84.74349590166369,
                "phi_deg": 95.94331090879469
            },
            "orientation_in_bot": [
                0.06232499766435043,
                0.7064926888929685,
                0.027971670465668976,
                0.7044155455824936
            ],
            "position_in_world": [
                -10.521561622619629,
                0.31537798047065735,
                0.3415154814720154
            ],
            "bot_in_world": [
                -11.744089126586914,
                0.13698089122772217,
                0.28732720017433167
            ],
            "path": "./prompt_files/data/dispose_of_water_bottle/subtask_4/seg_instance1_detect_surroundings.png"
        },
        "water_bottle_275": {
            "ability": [
                [
                    "heatable",
                    0
                ],
                [
                    "freezable",
                    0
                ]
            ],
            "position_in_bot": {
                "rho": 0.5854020499659917,
                "theta_deg": 122.11243464465858,
                "phi_deg": 14.183596454393248
            },
            "orientation_in_bot": [
                0.6374843582124566,
                -0.19623144933531972,
                0.21808310793841149,
                0.7124230971537455
            ],
            "position_in_world": [
                -11.769479751586914,
                0.7155560255050659,
                0.2018771767616272
            ],
            "bot_in_world": [
                -11.744089126586914,
                0.13698089122772217,
                0.28732720017433167
            ],
            "path": "./prompt_files/data/dispose_of_water_bottle/subtask_4/seg_instance1_detect_surroundings.png"
        },
        "lawn_uinmme_0": {
            "ability": [
                [
                    "heatable",
                    0
                ],
                [
                    "freezable",
                    0
                ]
            ],
            "position_in_bot": {
                "rho": 2.8767821692513267,
                "theta_deg": 100.33393690783576,
                "phi_deg": 64.70238895776501
            },
            "orientation_in_bot": [
                0.44888757046887695,
                0.5491047473416047,
                0.41931451640366724,
                0.5667091510277739
            ],
            "position_in_world": [
                -9.590114744188744,
                1.948030992984771,
                -0.30963798338357024
            ],
            "bot_in_world": [
                -11.744089126586914,
                0.13698089122772217,
                0.28732720017433167
            ],
            "path": "./prompt_files/data/dispose_of_water_bottle/subtask_4/seg_instance1_detect_surroundings.png"
        },
        "scene_graph": [
            [
                "recycling_bin_278",
                "ontop",
                "lawn_uinmme_0"
            ]
        ],
        "inventory": [
            "water_bottle_275"
        ]
    },
    "2_detect_surroundings": {
        "recycling_bin_278": {
            "ability": [
                [
                    "openable",
                    0
                ],
                [
                    "heatable",
                    0
                ],
                [
                    "freezable",
                    0
                ]
            ],
            "position_in_bot": {
                "rho": 1.2366629740940707,
                "theta_deg": 84.74349590166369,
                "phi_deg": 95.94331090879469
            },
            "orientation_in_bot": [
                0.06232499766435043,
                0.7064926888929685,
                0.027971670465668976,
                0.7044155455824936
            ],