{
    "task": "put_a_teaspoon_in_the_bowl",
    "0_detect_surroundings": {
        "bottom_cabinet_no_top_qudfwe_0": {
            "ability": [
                [
                    "openable",
                    1
                ],
                [
                    "heatable",
                    0
                ],
                [
                    "freezable",
                    0
                ]
            ],
            "position_in_bot": {
                "rho": 1.2989060205140741,
                "theta_deg": -76.09505347597998,
                "phi_deg": 70.9549510368312
            },
            "orientation_in_bot": [
                0.021925364835602004,
                -0.0023885242837886986,
                0.9930901806435322,
                -0.1152625977408462
            ],
            "position_in_world": [
                -0.4690432846546173,
                -0.6071784496307373,
                0.4398816227912903
            ],
            "bot_in_world": [
                -0.47759029269218445,
                0.6163085103034973,
                0.0038043558597564697
            ],
            "path": "./prompt_files/data/put_a_teaspoon_in_the_bowl/subtask_5/seg_instance0_detect_surroundings.png"
        },
        "scene_graph": [],
        "inventory": []
    },
    "1_detect_surroundings": {
        "bottom_cabinet_no_top_qudfwe_0": {
            "ability": [
                [
                    "openable",
                    1
                ],
                [
                    "heatable",
                    0
                ],
                [
                    "freezable",
                    0
                ]
            ],
            "position_in_bot": {
                "rho": 1.2989060205140741,
                "theta_deg": -76.09505347597998,
                "phi_deg": 70.9549510368312
            },
            "orientation_in_bot": [
                0.021925364835602004,
                -0.0023885242837886986,
                0.9930901806435322,
                -0.1152625977408462
            ],
            "position_in_world": [
                -0.4690432846546173,
                -0.6071784496307373,
                0.4398816227912903
            ],
            "bot_in_world": [
                -0.47759029269218445,
                0.6163085103034973,
                0.0038043558597564697
            ],
            "path": "./prompt_files/data/put_a_teaspoon_in_the_bowl/subtask_5/seg_instance1_detect_surroundings.png"
        },
        "scene_graph": [],
        "inventory": []
    },
    "2_detect_surroundings": {
        "bottom_cabinet_no_top_qudfwe_0": {
            "ability": [
                [
                    "openable",
                    1
                ],
                [
                    "heatable",
                    0
                ],
                [
                    "freezable",
                    0
                ]
            ],
            "position_in_bot": {
                "rho": 1.2989060205140741,
                "theta_deg": -76.09505347597998,
                "phi_deg": 70.9549510368312
            },
            "orientation_in_bot": [
                0.021925364835602004,
                -0.0023885242837886986,
                0.9930901806435322,
                -0.1152625977408462
            ],
            "position_in_world": [
                -0.4690432846546173,
                -0.6071784496307373,
                0.4398816227912903
            ],
            "bot_in_world": [
                -0.47759029269218445,
                0.6163085103034973,
                0.0038043558597564697
            ],
            "path": "./prompt_files/data/put_a_teaspoon_in_the_bowl/subtask_5/seg_instance2_detect_surroundings.png"
        },
        "scene_graph": [],
        "inventory": []
    },
    "3_detect_surroundings": {
        "bottom_cabinet_no_top_qudfwe_0": {
            "ability": [
                [
                    "openable",
                    1
                ],
                [
                    "heatable",
                    0
                ],
                [
                    "freezable",
                    0
                ]
            ],
            "position_in_bot": {
                "rho": 1.2989060205140741,
                "theta_deg": -76.09505347597998,
                "phi_deg": 70.9549510368312
            },
            "orientation_in_bot": [
                0.021925364835602004,
                -0.0023885242837886986,
                0.9930901806435322,
                -0.1152625977408462
            ],
            "position_in_world": [
                -0.4690432846546173,
                -0.6071784496307373,
                0.4398816227912903
            ],
            "bot_in_world": [
                -0.47759029269218445,
                0.6163085103034973,
                0.0038043558597564697
            ],
            "path": "./prompt_files/data/put_a_teaspoon_in_the_bowl/subtask_5/seg_instance3_detect_surroundings.png"
        },
        "scene_graph": [],
        "inventory": []
    },
    "4_detect_surroundings": {
        "bottom_cabinet_no_top_qudfwe_0": {
            "ability": [
                [
                    "openable",
                    1
                ],
                [
                    "heatable",
                    0
                ],
                [
                    "freezable",
                    0
                ]
            ],
            "position_in_bot": {
                "rho": 1.2989060205140741,
                "theta_deg": -76.09505347597998,
                "phi_deg": 70.9549510368312
            },
            "orientation_in_bot": [
                0.021925364835602004,
                -0.0023885242837886986,
                0.9930901806435322,
                -0.1152625977408462
            ],
            "position_in_world": [
                -0.4690432846546173,
                -0.6071784496307373,
                0.4398816227912903
            ],
            "bot_in_world": [
                -0.47759029269218445,
                0.6163085103034973,
                0.0038043558597564697
            ],
            "path": "./prompt_files/data/put_a_teaspoon_in_the_bowl/subtask_5/seg_instance4_detect_surroundings.png"
        },
        "scene_graph": [],
        "inventory": []
    },
    "5_detect_surroundings": {
        "bottom_cabinet_no_top_qudfwe_0": {
            "ability": [
                [
                    "openable",
                    1
                ],
                [
                    "heatable",
                    0
                ],
                [
                    "freezable",
                    0
                ]
            ],
            "position_in_bot": {
                "rho": 1.2989060205140741,
                "theta_deg": -76.09505347597998,
                "phi_deg": 70.9549510368312
            },
            "orientation_in_bot": [
                0.021925364835602004,
                -0.0023885242837886986,
                0.9930901806435322,
                -0.1152625977408462
            ],
            "position_in_world": [
                -0.4690432846546173,
                -0.6071784496307373,
                0.4398816227912903
            ],
            "bot_in_world": [
                -0.47759029269218445,
                0.6163085103034973,
                0.0038043558597564697
            ],
            "path": "./prompt_files/data/put_a_teaspoon_in_the_bowl/subtask_5/seg_instance5_detect_surroundings.png"
        },
        "scene_graph": [],
        "inventory": []
    },