{
    "task": "buy_a_air_conditioner",
    "0_detect_surroundings": {
        "shopping_cart_kmgltg_1": {
            "ability": [
                [
                    "heatable",
                    0
                ],
                [
                    "freezable",
                    0
                ]
            ],
            "position_in_bot": {
                "rho": 177.01176250519322,
                "theta_deg": 18.076724340078393,
                "phi_deg": 2.4514334061859087
            },
            "orientation_in_bot": [
                -0.0021204331396200483,
                0.019484867419956153,
                0.07074577213471336,
                0.997301799572221
            ],
            "position_in_world": [
                3.391177177429199,
                -0.5582025051116943,
                0.43117740750312805
            ],
            "bot_in_world": [
                3.391115188598633,
                -1.8382207155227661,
                -176.57595825195312
            ],
            "path": "./prompt_files/data/buy_a_air_conditioner/subtask_8/seg_instance0_detect_surroundings.png"
        },
        "checkout_counter_sckdal_0": {
            "ability": [
                [
                    "heatable",
                    0
                ],
                [
                    "freezable",
                    0
                ]
            ],
            "position_in_bot": {
                "rho": 177.1631743387159,
                "theta_deg": 47.39999278606489,
                "phi_deg": 2.009839099997811
            },
            "orientation_in_bot": [
                0.9972729895443173,
                0.07072964285988853,
                -0.021010041779782846,
                0.0015748303605027233
            ],
            "position_in_world": [
                0.7368888761418364,
                2.0660888102035844,
                0.5243021984952884
            ],
            "bot_in_world": [
                3.391115188598633,
                -1.8382207155227661,
                -176.57595825195312
            ],
            "path": "./prompt_files/data/buy_a_air_conditioner/subtask_8/seg_instance0_detect_surroundings.png"
        },
        "ceiling_air_conditioner_143": {
            "ability": [
                [
                    "togglable",
                    0
                ],
                [
                    "heatable",
                    0
                ],
                [
                    "freezable",
                    0
                ]
            ],
            "position_in_bot": {
                "rho": 176.8473631531359,
                "theta_deg": 91.94166109294117,
                "phi_deg": 2.2329319451287946
            },
            "orientation_in_bot": [
                -0.01538934973136616,
                0.014059525435602663,
                -0.6170016412975624,
                0.7866857519336964
            ],
            "position_in_world": [
                -3.313384771347046,
                4.982326030731201,
                0.012603465467691422
            ],
            "bot_in_world": [
                3.391115188598633,
                -1.8382207155227661,
                -176.57595825195312
            ],
            "path": "./prompt_files/data/buy_a_air_conditioner/subtask_8/seg_instance0_detect_surroundings.png"
        },
        "money_142": {
            "ability": [
                [
                    "heatable",
                    0
                ],
                [
                    "freezable",
                    0
                ]
            ],
            "position_in_bot": {
                "rho": 176.9792616355626,
                "theta_deg": 17.64058372517527,
                "phi_deg": 2.4784758293700206
            },
            "orientation_in_bot": [
                -0.010762714068103687,
                0.003915145772091987,
                -0.4082695777280169,
                0.9127895636570666
            ],
            "position_in_world": [
                3.483302593231201,
                -0.6014155149459839,
                0.3989589512348175
            ],
            "bot_in_world": [
                3.391115188598633,
                -1.8382207155227661,
                -176.57595825195312
            ],
            "path": "./prompt_files/data/buy_a_air_conditioner/subtask_8/seg_instance0_detect_surroundings.png"
        },
        "scene_graph": [
            [
                "money_142",
                "inside",
                "shopping_cart_kmgltg_1"
            ]
        ],
        "inventory": []
    },
    "1_detect_surroundings": {
        "shopping_cart_kmgltg_1": {
            "ability": [
                [
                    "heatable",
                    0
                ],
                [
                    "freezable",
                    0
                ]
            ],
            "position_in_bot": {
                "rho": 177.01176250519322,
                "theta_deg": 18.076724340078393,
                "phi_deg": 2.4514334061859087
            },
            "orientation_in_bot": [
                -0.0021204331396200483,
                0.019484867419956153,
                0.07074577213471336,
                0.997301799572221
            ],
            "position_in_world": [
                3.391177177429199,
                -0.5582025051116943,
                0.43117740750312805
            ],
            "bot_in_world": [
                3.391115188598633,
                -1.8382207155227661,
                -176.57595825195312
            ],
            "path": "./prompt_files/data/buy_a_air_conditioner/subtask_8/seg_instance1_detect_surroundings.png"
        },
        "checkout_counter_sckdal_0": {
            "ability": [
                [
                    "heatable",
                    0
                ],
                [
                    "freezable",
                    0
                ]
            ],
            "position_in_bot": {
                "rho": 177.1631743387159,
                "theta_deg": 47.39999278606489,
                "phi_deg": 2.009839099997811
            },
            "orientation_in_bot": [
                0.9972729895443173,
                0.07072964285988853,
                -0.021010041779782846,
                0.0015748303605027233
            ],
            "position_in_world": [
                0.7368888761418364,
                2.0660888102035844,
                0.5243021984952884
            ],
            "bot_in_world": [
                3.391115188598633,
                -1.8382207155227661,
                -176.57595825195312
            ],
            "path": "./prompt_files/data/buy_a_air_conditioner/subtask_8/seg_instance1_detect_surroundings.png"
        },
        "ceiling_air_conditioner_143": {
            "ability": [
                [
                    "togglable",
                    0
                ],
                [
                    "heatable",
                    0
                ],
                [
                    "freezable",
                    0
                ]
            ],
            "position_in_bot": {
                "rho": 176.8473631531359,
                "theta_deg": 91.94166109294117,
                "phi_deg": 2.2329319451287946
            },
            "orientation_in_bot": [
                -0.01538934973136616,
                0.014059525435602663,
                -0.6170016412975624,
                0.7866857519336964
            ],
            "position_in_world": [
                -3.313384771347046,
                4.982326030731201,
                0.012603465467691422
            ],
            "bot_in_world": [
                3.391115188598633,
                -1.8382207155227661,
                -176.57595825195312
            ],