{
    "task": "buy_a_good_avocado",
    "0_detect_surroundings": {
        "money_143": {
            "ability": [
                [
                    "heatable",
                    0
                ],
                [
                    "freezable",
                    0
                ]
            ],
            "position_in_bot": {
                "rho": 417.4025817548679,
                "theta_deg": -179.71025529565412,
                "phi_deg": 89.40002065073872
            },
            "orientation_in_bot": [
                -0.19121220172039746,
                0.8585038586909727,
                0.4673417926414688,
                -0.08944644977083775
            ],
            "position_in_world": [
                1.7368520498275757,
                1.7999672889709473,
                -417.0997009277344
            ],
            "bot_in_world": [
                0.7443031668663025,
                4.986435413360596,
                0.28953492641448975
            ],
            "path": "./prompt_files/data/buy_a_good_avocado/subtask_12/seg_instance0_detect_surroundings.png"
        },
        "checkout_counter_sckdal_0": {
            "ability": [
                [
                    "heatable",
                    0
                ],
                [
                    "freezable",
                    0
                ]
            ],
            "position_in_bot": {
                "rho": 2.929777204307334,
                "theta_deg": -84.96674173474783,
                "phi_deg": 126.74476137921252
            },
            "orientation_in_bot": [
                -0.6649353425648672,
                -0.22221914864163733,
                0.6763961382495622,
                0.2257607236571671
            ],
            "position_in_world": [
                0.7368888761418364,
                2.0660888102035844,
                0.5243021984952884
            ],
            "bot_in_world": [
                0.7443031668663025,
                4.986435413360596,
                0.28953492641448975
            ],
            "path": "./prompt_files/data/buy_a_good_avocado/subtask_12/seg_instance0_detect_surroundings.png"
        },
        "shopping_cart_kmgltg_1": {
            "ability": [
                [
                    "heatable",
                    0
                ],
                [
                    "freezable",
                    0
                ]
            ],
            "position_in_bot": {
                "rho": 6.145695803793901,
                "theta_deg": -88.98526189963707,
                "phi_deg": 152.4594184817482
            },
            "orientation_in_bot": [
                0.2256555139202098,
                0.6752643181405258,
                0.22232480702872995,
                0.6660851070721028
            ],
            "position_in_world": [
                3.3912343978881836,
                -0.5582259893417358,
                0.4311772584915161
            ],
            "bot_in_world": [
                0.7443031668663025,
                4.986435413360596,
                0.28953492641448975
            ],
            "path": "./prompt_files/data/buy_a_good_avocado/subtask_12/seg_instance0_detect_surroundings.png"
        },
        "avocado_142": {
            "ability": [
                [
                    "heatable",
                    0
                ],
                [
                    "freezable",
                    0
                ],
                [
                    "burnable",
                    0
                ],
                [
                    "cookable",
                    0
                ]
            ],
            "position_in_bot": {
                "rho": 2.9104267443885434,
                "theta_deg": -78.46922554852891,
                "phi_deg": 126.14812864590452
            },
            "orientation_in_bot": [
                0.2459486770620157,
                0.6272538057053332,
                0.7092414281753081,
                -0.2074572438828537
            ],
            "position_in_world": [
                0.7260786294937134,
                2.1189799308776855,
                0.7874813079833984
            ],
            "bot_in_world": [
                0.7443031668663025,
                4.986435413360596,
                0.28953492641448975
            ],
            "path": "./prompt_files/data/buy_a_good_avocado/subtask_12/seg_instance0_detect_surroundings.png"
        },
        "scene_graph": [
            [
                "avocado_142",
                "ontop",
                "checkout_counter_sckdal_0"
            ]
        ],
        "inventory": []
    },
    "1_detect_surroundings": {
        "money_143": {
            "ability": [
                [
                    "heatable",
                    0
                ],
                [
                    "freezable",
                    0
                ]
            ],
            "position_in_bot": {
                "rho": 417.4025817548679,
                "theta_deg": -179.71025529565412,
                "phi_deg": 89.40002065073872
            },
            "orientation_in_bot": [
                -0.19121220172039746,
                0.8585038586909727,
                0.4673417926414688,
                -0.08944644977083775
            ],
            "position_in_world": [
                1.7368520498275757,
                1.7999672889709473,
                -417.0997009277344
            ],
            "bot_in_world": [
                0.7443031668663025,
                4.986435413360596,
                0.28953492641448975
            ],
            "path": "./prompt_files/data/buy_a_good_avocado/subtask_12/seg_instance1_detect_surroundings.png"
        },
        "checkout_counter_sckdal_0": {
            "ability": [
                [
                    "heatable",
                    0
                ],
                [
                    "freezable",
                    0
                ]
            ],
            "position_in_bot": {
                "rho": 2.929777204307334,
                "theta_deg": -84.96674173474783,
                "phi_deg": 126.74476137921252
            },
            "orientation_in_bot": [
                -0.6649353425648672,
                -0.22221914864163733,
                0.6763961382495622,
                0.2257607236571671
            ],
            "position_in_world": [
                0.7368888761418364,
                2.0660888102035844,
                0.5243021984952884
            ],
            "bot_in_world": [
                0.7443031668663025,
                4.986435413360596,
                0.28953492641448975
            ],
            "path": "./prompt_files/data/buy_a_good_avocado/subtask_12/seg_instance1_detect_surroundings.png"
        },
        "shopping_cart_kmgltg_1": {
            "ability": [
                [
                    "heatable",
                    0
                ],
                [
                    "freezable",
                    0
                ]
            ],
            "position_in_bot": {
                "rho": 6.145695803793901,
                "theta_deg": -88.98526189963707,
                "phi_deg": 152.4594184817482
            },
            "orientation_in_bot": [
                0.2256555139202098,
                0.6752643181405258,
                0.22232480702872995,
                0.6660851070721028
            ],
            "position_in_world": [
                3.3912343978881836,
                -0.5582259893417358,
                0.4311772584915161
            ],
            "bot_in_world": [
                0.7443031668663025,
                4.986435413360596,
                0.28953492641448975
            ],
            "path": "./prompt_files/data/buy_a_good_avocado/subtask_12/seg_instance1_detect_surroundings.png"
        },