{
    "task": "cook_a_frozen_pie",
    "0_detect_surroundings": {
        "cheese_tart_188": {
            "ability": [
                [
                    "heatable",
                    0
                ],
                [
                    "freezable",
                    0
                ],
                [
                    "burnable",
                    0
                ],
                [
                    "cookable",
                    1
                ]
            ],
            "position_in_bot": {
                "rho": 1.4212536687231536,
                "theta_deg": -24.035409048024555,
                "phi_deg": 60.995661581014154
            },
            "orientation_in_bot": [
                0.005480050455047945,
                0.022283939728456305,
                0.21415049710322445,
                0.9765310848445279
            ],
            "position_in_world": [
                -5.889896392822266,
                -1.7978616952896118,
                0.9869745969772339
            ],
            "bot_in_world": [
                -5.947462558746338,
                -0.5839051604270935,
                0.2501179575920105
            ],
            "path": "./prompt_files/data/cook_a_frozen_pie/subtask_8/seg_instance0_detect_surroundings.png"
        },
        "oven_wuinhm_0": {
            "ability": [
                [
                    "openable",
                    1
                ],
                [
                    "togglable",
                    0
                ],
                [
                    "heatable",
                    0
                ],
                [
                    "freezable",
                    0
                ]
            ],
            "position_in_bot": {
                "rho": 1.3618605482254973,
                "theta_deg": -26.77150444253415,
                "phi_deg": 63.1031812703289
            },
            "orientation_in_bot": [
                0.01041537785747969,
                0.019160926454951648,
                0.5193088113725514,
                0.8543083385009781
            ],
            "position_in_world": [
                -5.947904109954834,
                -1.7742741107940674,
                0.911696195602417
            ],
            "bot_in_world": [
                -5.947462558746338,
                -0.5839051604270935,
                0.2501179575920105
            ],
            "path": "./prompt_files/data/cook_a_frozen_pie/subtask_8/seg_instance0_detect_surroundings.png"
        },
        "fridge_dszchb_0": {
            "ability": [
                [
                    "openable",
                    1
                ],
                [
                    "heatable",
                    0
                ],
                [
                    "freezable",
                    0
                ]
            ],
            "position_in_bot": {
                "rho": 1.6281308481567895,
                "theta_deg": -63.372919170704805,
                "phi_deg": 68.07563788883165
            },
            "orientation_in_bot": [
                0.01041537785747969,
                0.019160926454951648,
                0.5193088113725514,
                0.8543083385009781
            ],
            "position_in_world": [
                -6.848034381866455,
                -1.78300940990448,
                0.8840970396995544
            ],
            "bot_in_world": [
                -5.947462558746338,
                -0.5839051604270935,
                0.2501179575920105
            ],
            "path": "./prompt_files/data/cook_a_frozen_pie/subtask_8/seg_instance0_detect_surroundings.png"
        },
        "scene_graph": [
            [
                "cheese_tart_188",
                "inside",
                "oven_wuinhm_0"
            ]
        ],
        "inventory": []
    },
    "1_detect_surroundings": {
        "cheese_tart_188": {
            "ability": [
                [
                    "heatable",
                    0
                ],
                [
                    "freezable",
                    0
                ],
                [
                    "burnable",
                    0
                ],
                [
                    "cookable",
                    1
                ]
            ],
            "position_in_bot": {
                "rho": 1.4212536687231536,
                "theta_deg": -24.035409048024555,
                "phi_deg": 60.995661581014154
            },
            "orientation_in_bot": [
                0.005480050455047945,
                0.022283939728456305,
                0.21415049710322445,
                0.9765310848445279
            ],
            "position_in_world": [
                -5.889896392822266,
                -1.7978616952896118,
                0.9869745969772339
            ],
            "bot_in_world": [
                -5.947462558746338,
                -0.5839051604270935,
                0.2501179575920105
            ],
            "path": "./prompt_files/data/cook_a_frozen_pie/subtask_8/seg_instance1_detect_surroundings.png"
        },
        "oven_wuinhm_0": {
            "ability": [
                [
                    "openable",
                    1
                ],
                [
                    "togglable",
                    0
                ],
                [
                    "heatable",
                    0
                ],
                [
                    "freezable",
                    0
                ]
            ],
            "position_in_bot": {
                "rho": 1.3618605482254973,
                "theta_deg": -26.77150444253415,
                "phi_deg": 63.1031812703289
            },
            "orientation_in_bot": [
                0.01041537785747969,
                0.019160926454951648,
                0.5193088113725514,
                0.8543083385009781
            ],
            "position_in_world": [
                -5.947904109954834,
                -1.7742741107940674,
                0.911696195602417
            ],
            "bot_in_world": [
                -5.947462558746338,
                -0.5839051604270935,
                0.2501179575920105
            ],
            "path": "./prompt_files/data/cook_a_frozen_pie/subtask_8/seg_instance1_detect_surroundings.png"
        },
        "fridge_dszchb_0": {
            "ability": [
                [
                    "openable",
                    1
                ],
                [
                    "heatable",
                    0
                ],
                [
                    "freezable",
                    0
                ]
            ],
            "position_in_bot": {
                "rho": 1.6281308481567895,
                "theta_deg": -63.372919170704805,
                "phi_deg": 68.07563788883165
            },
            "orientation_in_bot": [
                0.01041537785747969,
                0.019160926454951648,
                0.5193088113725514,
                0.8543083385009781
            ],
            "position_in_world": [
                -6.848034381866455,
                -1.78300940990448,
                0.8840970396995544
            ],
            "bot_in_world": [
                -5.947462558746338,
                -0.5839051604270935,
                0.2501179575920105
            ],
            "path": "./prompt_files/data/cook_a_frozen_pie/subtask_8/seg_instance1_detect_surroundings.png"
        },
        "scene_graph": [
            [
                "cheese_tart_188",
                "inside",
                "oven_wuinhm_0"
            ]
        ],
        "inventory": []
    },