{
    "task": "put_a_teaspoon_in_the_bowl",
    "0_detect_surroundings": {
        "bottom_cabinet_no_top_qudfwe_0": {
            "ability": [
                [
                    "openable",
                    1
                ],
                [
                    "heatable",
                    0
                ],
                [
                    "freezable",
                    0
                ]
            ],
            "position_in_bot": {
                "rho": 1.5140882033336998,
                "theta_deg": -32.407708494090286,
                "phi_deg": 75.39062369146652
            },
            "orientation_in_bot": [
                0.02193395925419722,
                -0.0027044538291697592,
                0.9918776759048101,
                -0.12526078158223908
            ],
            "position_in_world": [
                -0.4690432846546173,
                -0.6071784496307373,
                0.4398816227912903
            ],
            "bot_in_world": [
                -1.465498924255371,
                0.4460897445678711,
                0.0038020312786102295
            ],
            "path": "./prompt_files/data/put_a_teaspoon_in_the_bowl/subtask_1/seg_instance0_detect_surroundings.png"
        },
        "scene_graph": [],
        "inventory": []
    },
    "1_detect_surroundings": {
        "bottom_cabinet_no_top_qudfwe_0": {
            "ability": [
                [
                    "openable",
                    1
                ],
                [
                    "heatable",
                    0
                ],
                [
                    "freezable",
                    0
                ]
            ],
            "position_in_bot": {
                "rho": 1.5140882033336998,
                "theta_deg": -32.407708494090286,
                "phi_deg": 75.39062369146652
            },
            "orientation_in_bot": [
                0.02193395925419722,
                -0.0027044538291697592,
                0.9918776759048101,
                -0.12526078158223908
            ],
            "position_in_world": [
                -0.4690432846546173,
                -0.6071784496307373,
                0.4398816227912903
            ],
            "bot_in_world": [
                -1.465498924255371,
                0.4460897445678711,
                0.0038020312786102295
            ],
            "path": "./prompt_files/data/put_a_teaspoon_in_the_bowl/subtask_1/seg_instance1_detect_surroundings.png"
        },
        "scene_graph": [],
        "inventory": []
    },
    "2_detect_surroundings": {
        "bottom_cabinet_no_top_qudfwe_0": {
            "ability": [
                [
                    "openable",
                    1
                ],
                [
                    "heatable",
                    0
                ],
                [
                    "freezable",
                    0
                ]
            ],
            "position_in_bot": {
                "rho": 1.5140882033336998,
                "theta_deg": -32.407708494090286,
                "phi_deg": 75.39062369146652
            },
            "orientation_in_bot": [
                0.02193395925419722,
                -0.0027044538291697592,
                0.9918776759048101,
                -0.12526078158223908
            ],
            "position_in_world": [
                -0.4690432846546173,
                -0.6071784496307373,
                0.4398816227912903
            ],
            "bot_in_world": [
                -1.465498924255371,
                0.4460897445678711,
                0.0038020312786102295
            ],
            "path": "./prompt_files/data/put_a_teaspoon_in_the_bowl/subtask_1/seg_instance2_detect_surroundings.png"
        },
        "scene_graph": [],
        "inventory": []
    },
    "3_detect_surroundings": {
        "bottom_cabinet_no_top_qudfwe_0": {
            "ability": [
                [
                    "openable",
                    1
                ],
                [
                    "heatable",
                    0
                ],
                [
                    "freezable",
                    0
                ]
            ],
            "position_in_bot": {
                "rho": 1.5140882033336998,
                "theta_deg": -32.407708494090286,
                "phi_deg": 75.39062369146652
            },
            "orientation_in_bot": [
                0.02193395925419722,
                -0.0027044538291697592,
                0.9918776759048101,
                -0.12526078158223908
            ],
            "position_in_world": [
                -0.4690432846546173,
                -0.6071784496307373,
                0.4398816227912903
            ],
            "bot_in_world": [
                -1.465498924255371,
                0.4460897445678711,
                0.0038020312786102295
            ],
            "path": "./prompt_files/data/put_a_teaspoon_in_the_bowl/subtask_1/seg_instance3_detect_surroundings.png"
        },
        "scene_graph": [],
        "inventory": []
    },
    "4_detect_surroundings": {
        "bottom_cabinet_no_top_qudfwe_0": {
            "ability": [
                [
                    "openable",
                    1
                ],
                [
                    "heatable",
                    0
                ],
                [
                    "freezable",
                    0
                ]
            ],
            "position_in_bot": {
                "rho": 1.5140882033336998,
                "theta_deg": -32.407708494090286,
                "phi_deg": 75.39062369146652
            },
            "orientation_in_bot": [
                0.02193395925419722,
                -0.0027044538291697592,
                0.9918776759048101,
                -0.12526078158223908
            ],
            "position_in_world": [
                -0.4690432846546173,
                -0.6071784496307373,
                0.4398816227912903
            ],
            "bot_in_world": [
                -1.465498924255371,
                0.4460897445678711,
                0.0038020312786102295
            ],
            "path": "./prompt_files/data/put_a_teaspoon_in_the_bowl/subtask_1/seg_instance4_detect_surroundings.png"
        },
        "scene_graph": [],
        "inventory": []
    },
    "5_detect_surroundings": {
        "bottom_cabinet_no_top_qudfwe_0": {
            "ability": [
                [
                    "openable",
                    1
                ],
                [
                    "heatable",
                    0
                ],
                [
                    "freezable",
                    0
                ]
            ],
            "position_in_bot": {
                "rho": 1.5140882033336998,
                "theta_deg": -32.407708494090286,
                "phi_deg": 75.39062369146652
            },
            "orientation_in_bot": [
                0.02193395925419722,
                -0.0027044538291697592,
                0.9918776759048101,
                -0.12526078158223908
            ],
            "position_in_world": [
                -0.4690432846546173,
                -0.6071784496307373,
                0.4398816227912903
            ],
            "bot_in_world": [
                -1.465498924255371,
                0.4460897445678711,
                0.0038020312786102295
            ],
            "path": "./prompt_files/data/put_a_teaspoon_in_the_bowl/subtask_1/seg_instance5_detect_surroundings.png"
        },
        "scene_graph": [],
        "inventory": []
    },