{
    "task": "buy_a_good_avocado",
    "0_detect_surroundings": {
        "money_143": {
            "ability": [
                [
                    "heatable",
                    0
                ],
                [
                    "freezable",
                    0
                ]
            ],
            "position_in_bot": {
                "rho": 158.5956189408145,
                "theta_deg": -178.4470473611046,
                "phi_deg": 88.663687665731
            },
            "orientation_in_bot": [
                0.37284161164354707,
                0.1151193956658635,
                -0.5877177715785837,
                0.7087485296910834
            ],
            "position_in_world": [
                -1.6102180480957031,
                1.2971364259719849,
                -158.24742126464844
            ],
            "bot_in_world": [
                0.7231427431106567,
                4.926589488983154,
                0.28949442505836487
            ],
            "path": "./prompt_files/data/buy_a_good_avocado/subtask_14/seg_instance0_detect_surroundings.png"
        },
        "checkout_counter_sckdal_0": {
            "ability": [
                [
                    "heatable",
                    0
                ],
                [
                    "freezable",
                    0
                ]
            ],
            "position_in_bot": {
                "rho": 2.8701545137917495,
                "theta_deg": -85.33032473295754,
                "phi_deg": 109.81066204055794
            },
            "orientation_in_bot": [
                -0.6908469079109119,
                -0.11906347525670555,
                0.7028428876607,
                0.12069098539036227
            ],
            "position_in_world": [
                0.7368888761418364,
                2.0660888102035844,
                0.5243021984952884
            ],
            "bot_in_world": [
                0.7231427431106567,
                4.926589488983154,
                0.28949442505836487
            ],
            "path": "./prompt_files/data/buy_a_good_avocado/subtask_14/seg_instance0_detect_surroundings.png"
        },
        "shopping_cart_kmgltg_1": {
            "ability": [
                [
                    "heatable",
                    0
                ],
                [
                    "freezable",
                    0
                ]
            ],
            "position_in_bot": {
                "rho": 6.100982444265879,
                "theta_deg": -89.0641339501558,
                "phi_deg": 135.471105543654
            },
            "orientation_in_bot": [
                0.1204159984896419,
                0.7017398216146474,
                0.119342325552525,
                0.6919672097720386
            ],
            "position_in_world": [
                3.3912343978881836,
                -0.5582259893417358,
                0.4311772584915161
            ],
            "bot_in_world": [
                0.7231427431106567,
                4.926589488983154,
                0.28949442505836487
            ],
            "path": "./prompt_files/data/buy_a_good_avocado/subtask_14/seg_instance0_detect_surroundings.png"
        },
        "avocado_142": {
            "ability": [
                [
                    "heatable",
                    0
                ],
                [
                    "freezable",
                    0
                ],
                [
                    "burnable",
                    0
                ],
                [
                    "cookable",
                    0
                ]
            ],
            "position_in_bot": {
                "rho": 2.7707561952472965,
                "theta_deg": -95.61890579325676,
                "phi_deg": 98.38954520272837
            },
            "orientation_in_bot": [
                -0.18978104628483072,
                -0.1010178316097445,
                0.09669728965957136,
                0.9718169510460254
            ],
            "position_in_world": [
                0.19691458344459534,
                2.219015121459961,
                0.026406794786453247
            ],
            "bot_in_world": [
                0.7231427431106567,
                4.926589488983154,
                0.28949442505836487
            ],
            "path": "./prompt_files/data/buy_a_good_avocado/subtask_14/seg_instance0_detect_surroundings.png"
        },
        "scene_graph": [],
        "inventory": []
    },
    "1_detect_surroundings": {
        "money_143": {
            "ability": [
                [
                    "heatable",
                    0
                ],
                [
                    "freezable",
                    0
                ]
            ],
            "position_in_bot": {
                "rho": 158.5956189408145,
                "theta_deg": -178.4470473611046,
                "phi_deg": 88.663687665731
            },
            "orientation_in_bot": [
                0.37284161164354707,
                0.1151193956658635,
                -0.5877177715785837,
                0.7087485296910834
            ],
            "position_in_world": [
                -1.6102180480957031,
                1.2971364259719849,
                -158.24742126464844
            ],
            "bot_in_world": [
                0.7231427431106567,
                4.926589488983154,
                0.28949442505836487
            ],
            "path": "./prompt_files/data/buy_a_good_avocado/subtask_14/seg_instance1_detect_surroundings.png"
        },
        "checkout_counter_sckdal_0": {
            "ability": [
                [
                    "heatable",
                    0
                ],
                [
                    "freezable",
                    0
                ]
            ],
            "position_in_bot": {
                "rho": 2.8701545137917495,
                "theta_deg": -85.33032473295754,
                "phi_deg": 109.81066204055794
            },
            "orientation_in_bot": [
                -0.6908469079109119,
                -0.11906347525670555,
                0.7028428876607,
                0.12069098539036227
            ],
            "position_in_world": [
                0.7368888761418364,
                2.0660888102035844,
                0.5243021984952884
            ],
            "bot_in_world": [
                0.7231427431106567,
                4.926589488983154,
                0.28949442505836487
            ],
            "path": "./prompt_files/data/buy_a_good_avocado/subtask_14/seg_instance1_detect_surroundings.png"
        },
        "shopping_cart_kmgltg_1": {
            "ability": [
                [
                    "heatable",
                    0
                ],
                [
                    "freezable",
                    0
                ]
            ],
            "position_in_bot": {
                "rho": 6.100982444265879,
                "theta_deg": -89.0641339501558,
                "phi_deg": 135.471105543654
            },
            "orientation_in_bot": [
                0.1204159984896419,
                0.7017398216146474,
                0.119342325552525,
                0.6919672097720386
            ],
            "position_in_world": [
                3.3912343978881836,
                -0.5582259893417358,
                0.4311772584915161
            ],
            "bot_in_world": [
                0.7231427431106567,
                4.926589488983154,
                0.28949442505836487
            ],
            "path": "./prompt_files/data/buy_a_good_avocado/subtask_14/seg_instance1_detect_surroundings.png"
        },