{
    "task": "put_a_book_in_the_carton",
    "0_detect_surroundings": {
        "hardback_188": {
            "ability": [
                [
                    "heatable",
                    0
                ],
                [
                    "freezable",
                    0
                ]
            ],
            "position_in_bot": {
                "rho": 0.787515747500643,
                "theta_deg": 110.85673007662294,
                "phi_deg": 83.92146695802998
            },
            "orientation_in_bot": [
                -0.004025276280914621,
                0.87624363622293,
                -0.481796242145466,
                -0.007298505613273343
            ],
            "position_in_world": [
                -1.6931486129760742,
                -3.0457704067230225,
                0.009212100878357887
            ],
            "bot_in_world": [
                -2.292344093322754,
                -3.4731664657592773,
                0.2893521189689636
            ],
            "path": "./prompt_files/data/put_a_book_in_the_carton/subtask_12/seg_instance0_detect_surroundings.png"
        },
        "shelf_owvfik_1": {
            "ability": [
                [
                    "heatable",
                    0
                ],
                [
                    "freezable",
                    0
                ]
            ],
            "position_in_bot": {
                "rho": 2.2241455248905995,
                "theta_deg": 94.26528867057397,
                "phi_deg": 70.77324791444083
            },
            "orientation_in_bot": [
                0.35992853587806367,
                0.6154540805685502,
                0.3539957772657027,
                0.6052724291178683
            ],
            "position_in_world": [
                -0.8248105049133301,
                -1.810388207435608,
                0.12101665139198303
            ],
            "bot_in_world": [
                -2.292344093322754,
                -3.4731664657592773,
                0.2893521189689636
            ],
            "path": "./prompt_files/data/put_a_book_in_the_carton/subtask_12/seg_instance0_detect_surroundings.png"
        },
        "carton_195": {
            "ability": [
                [
                    "openable",
                    0
                ],
                [
                    "heatable",
                    0
                ],
                [
                    "freezable",
                    0
                ]
            ],
            "position_in_bot": {
                "rho": 1.1922770428246727,
                "theta_deg": 79.53732828167452,
                "phi_deg": 82.94546823853547
            },
            "orientation_in_bot": [
                0.052397422590919576,
                0.7114131967982581,
                0.046368117094889146,
                0.6992823258485704
            ],
            "position_in_world": [
                -1.3517498970031738,
                -2.7719662189483643,
                0.5017792582511902
            ],
            "bot_in_world": [
                -2.292344093322754,
                -3.4731664657592773,
                0.2893521189689636
            ],
            "path": "./prompt_files/data/put_a_book_in_the_carton/subtask_12/seg_instance0_detect_surroundings.png"
        },
        "scene_graph": [],
        "inventory": []
    },
    "1_detect_surroundings": {
        "hardback_188": {
            "ability": [
                [
                    "heatable",
                    0
                ],
                [
                    "freezable",
                    0
                ]
            ],
            "position_in_bot": {
                "rho": 0.787515747500643,
                "theta_deg": 110.85673007662294,
                "phi_deg": 83.92146695802998
            },
            "orientation_in_bot": [
                -0.004025276280914621,
                0.87624363622293,
                -0.481796242145466,
                -0.007298505613273343
            ],
            "position_in_world": [
                -1.6931486129760742,
                -3.0457704067230225,
                0.009212100878357887
            ],
            "bot_in_world": [
                -2.292344093322754,
                -3.4731664657592773,
                0.2893521189689636
            ],
            "path": "./prompt_files/data/put_a_book_in_the_carton/subtask_12/seg_instance1_detect_surroundings.png"
        },
        "shelf_owvfik_1": {
            "ability": [
                [
                    "heatable",
                    0
                ],
                [
                    "freezable",
                    0
                ]
            ],
            "position_in_bot": {
                "rho": 2.2241455248905995,
                "theta_deg": 94.26528867057397,
                "phi_deg": 70.77324791444083
            },
            "orientation_in_bot": [
                0.35992853587806367,
                0.6154540805685502,
                0.3539957772657027,
                0.6052724291178683
            ],
            "position_in_world": [
                -0.8248105049133301,
                -1.810388207435608,
                0.12101665139198303
            ],
            "bot_in_world": [
                -2.292344093322754,
                -3.4731664657592773,
                0.2893521189689636
            ],
            "path": "./prompt_files/data/put_a_book_in_the_carton/subtask_12/seg_instance1_detect_surroundings.png"
        },
        "carton_195": {
            "ability": [
                [
                    "openable",
                    0
                ],
                [
                    "heatable",
                    0
                ],
                [
                    "freezable",
                    0
                ]
            ],
            "position_in_bot": {
                "rho": 1.1922770428246727,
                "theta_deg": 79.53732828167452,
                "phi_deg": 82.94546823853547
            },
            "orientation_in_bot": [
                0.052397422590919576,
                0.7114131967982581,
                0.046368117094889146,
                0.6992823258485704
            ],
            "position_in_world": [
                -1.3517498970031738,
                -2.7719662189483643,
                0.5017792582511902
            ],
            "bot_in_world": [
                -2.292344093322754,
                -3.4731664657592773,
                0.2893521189689636
            ],
            "path": "./prompt_files/data/put_a_book_in_the_carton/subtask_12/seg_instance1_detect_surroundings.png"
        },
        "scene_graph": [],
        "inventory": []
    },
    "2_detect_surroundings": {
        "hardback_188": {
            "ability": [
                [
                    "heatable",
                    0
                ],
                [
                    "freezable",
                    0
                ]
            ],
            "position_in_bot": {
                "rho": 0.787515747500643,
                "theta_deg": 110.85673007662294,
                "phi_deg": 83.92146695802998
            },
            "orientation_in_bot": [
                -0.004025276280914621,
                0.87624363622293,
                -0.481796242145466,
                -0.007298505613273343
            ],
            "position_in_world": [
                -1.6931486129760742,
                -3.0457704067230225,
                0.009212100878357887
            ],
            "bot_in_world": [
                -2.292344093322754,
                -3.4731664657592773,
                0.2893521189689636
            ],
            "path": "./prompt_files/data/put_a_book_in_the_carton/subtask_12/seg_instance2_detect_surroundings.png"
        },