{
    "task": "put_a_book_in_the_carton",
    "0_detect_surroundings": {
        "hardback_188": {
            "ability": [
                [
                    "heatable",
                    0
                ],
                [
                    "freezable",
                    0
                ]
            ],
            "position_in_bot": {
                "rho": 0.31678644844258685,
                "theta_deg": 175.34046113577162,
                "phi_deg": 116.51093449193945
            },
            "orientation_in_bot": [
                0.9910320351068956,
                0.0007189995353864884,
                -0.006578126450075402,
                -0.13346054354737044
            ],
            "position_in_world": [
                -2.200641393661499,
                -3.5892021656036377,
                0.009210039861500263
            ],
            "bot_in_world": [
                -2.292344093322754,
                -3.4731647968292236,
                0.289352148771286
            ],
            "path": "./prompt_files/data/put_a_book_in_the_carton/subtask_11/seg_instance0_detect_surroundings.png"
        },
        "shelf_owvfik_1": {
            "ability": [
                [
                    "heatable",
                    0
                ],
                [
                    "freezable",
                    0
                ]
            ],
            "position_in_bot": {
                "rho": 2.2241442996532816,
                "theta_deg": 94.26529801860785,
                "phi_deg": 70.773318576398
            },
            "orientation_in_bot": [
                0.3599282797167694,
                0.6154542711129715,
                0.353995580792834,
                0.6052725026036391
            ],
            "position_in_world": [
                -0.8248105049133301,
                -1.810388207435608,
                0.12101665139198303
            ],
            "bot_in_world": [
                -2.292344093322754,
                -3.4731647968292236,
                0.289352148771286
            ],
            "path": "./prompt_files/data/put_a_book_in_the_carton/subtask_11/seg_instance0_detect_surroundings.png"
        },
        "carton_195": {
            "ability": [
                [
                    "openable",
                    0
                ],
                [
                    "heatable",
                    0
                ],
                [
                    "freezable",
                    0
                ]
            ],
            "position_in_bot": {
                "rho": 1.192277131590452,
                "theta_deg": 79.53733428609998,
                "phi_deg": 82.94558488608747
            },
            "orientation_in_bot": [
                0.052397084087403914,
                0.7114135304916492,
                0.04636800584779108,
                0.6992820191069151
            ],
            "position_in_world": [
                -1.3517489433288574,
                -2.771965742111206,
                0.5017794370651245
            ],
            "bot_in_world": [
                -2.292344093322754,
                -3.4731647968292236,
                0.289352148771286
            ],
            "path": "./prompt_files/data/put_a_book_in_the_carton/subtask_11/seg_instance0_detect_surroundings.png"
        },
        "scene_graph": [],
        "inventory": [
            "hardback_188"
        ]
    },
    "1_detect_surroundings": {
        "hardback_188": {
            "ability": [
                [
                    "heatable",
                    0
                ],
                [
                    "freezable",
                    0
                ]
            ],
            "position_in_bot": {
                "rho": 0.31678644844258685,
                "theta_deg": 175.34046113577162,
                "phi_deg": 116.51093449193945
            },
            "orientation_in_bot": [
                0.9910320351068956,
                0.0007189995353864884,
                -0.006578126450075402,
                -0.13346054354737044
            ],
            "position_in_world": [
                -2.200641393661499,
                -3.5892021656036377,
                0.009210039861500263
            ],
            "bot_in_world": [
                -2.292344093322754,
                -3.4731647968292236,
                0.289352148771286
            ],
            "path": "./prompt_files/data/put_a_book_in_the_carton/subtask_11/seg_instance1_detect_surroundings.png"
        },
        "shelf_owvfik_1": {
            "ability": [
                [
                    "heatable",
                    0
                ],
                [
                    "freezable",
                    0
                ]
            ],
            "position_in_bot": {
                "rho": 2.2241442996532816,
                "theta_deg": 94.26529801860785,
                "phi_deg": 70.773318576398
            },
            "orientation_in_bot": [
                0.3599282797167694,
                0.6154542711129715,
                0.353995580792834,
                0.6052725026036391
            ],
            "position_in_world": [
                -0.8248105049133301,
                -1.810388207435608,
                0.12101665139198303
            ],
            "bot_in_world": [
                -2.292344093322754,
                -3.4731647968292236,
                0.289352148771286
            ],
            "path": "./prompt_files/data/put_a_book_in_the_carton/subtask_11/seg_instance1_detect_surroundings.png"
        },
        "carton_195": {
            "ability": [
                [
                    "openable",
                    0
                ],
                [
                    "heatable",
                    0
                ],
                [
                    "freezable",
                    0
                ]
            ],
            "position_in_bot": {
                "rho": 1.192277131590452,
                "theta_deg": 79.53733428609998,
                "phi_deg": 82.94558488608747
            },
            "orientation_in_bot": [
                0.052397084087403914,
                0.7114135304916492,
                0.04636800584779108,
                0.6992820191069151
            ],
            "position_in_world": [
                -1.3517489433288574,
                -2.771965742111206,
                0.5017794370651245
            ],
            "bot_in_world": [
                -2.292344093322754,
                -3.4731647968292236,
                0.289352148771286
            ],
            "path": "./prompt_files/data/put_a_book_in_the_carton/subtask_11/seg_instance1_detect_surroundings.png"
        },
        "scene_graph": [],
        "inventory": [
            "hardback_188"
        ]
    },
    "2_detect_surroundings": {
        "hardback_188": {
            "ability": [
                [
                    "heatable",
                    0
                ],
                [
                    "freezable",
                    0
                ]
            ],
            "position_in_bot": {
                "rho": 0.31678644844258685,
                "theta_deg": 175.34046113577162,
                "phi_deg": 116.51093449193945
            },
            "orientation_in_bot": [
                0.9910320351068956,
                0.0007189995353864884,
                -0.006578126450075402,
                -0.13346054354737044
            ],
            "position_in_world": [
                -2.200641393661499,
                -3.5892021656036377,
                0.009210039861500263
            ],
            "bot_in_world": [
                -2.292344093322754,
                -3.4731647968292236,
                0.289352148771286
            ],
            "path": "./prompt_files/data/put_a_book_in_the_carton/subtask_11/seg_instance2_detect_surroundings.png"
        },