{
    "task": "put_a_teaspoon_in_the_bowl",
    "0_detect_surroundings": {
        "bottom_cabinet_no_top_qudfwe_0": {
            "ability": [
                [
                    "openable",
                    1
                ],
                [
                    "heatable",
                    0
                ],
                [
                    "freezable",
                    0
                ]
            ],
            "position_in_bot": {
                "rho": 1.3017068273039119,
                "theta_deg": -74.77605793137788,
                "phi_deg": 71.0664394860517
            },
            "orientation_in_bot": [
                0.02192651576999083,
                -0.0026949618067472455,
                0.9919206513229323,
                -0.12492152162913431
            ],
            "position_in_world": [
                -0.4690432846546173,
                -0.6071784496307373,
                0.4398816227912903
            ],
            "bot_in_world": [
                -0.48214632272720337,
                0.6192404627799988,
                0.003801777958869934
            ],
            "path": "./prompt_files/data/put_a_teaspoon_in_the_bowl/subtask_2/seg_instance0_detect_surroundings.png"
        },
        "scene_graph": [],
        "inventory": []
    },
    "1_detect_surroundings": {
        "bottom_cabinet_no_top_qudfwe_0": {
            "ability": [
                [
                    "openable",
                    1
                ],
                [
                    "heatable",
                    0
                ],
                [
                    "freezable",
                    0
                ]
            ],
            "position_in_bot": {
                "rho": 1.3017068273039119,
                "theta_deg": -74.77605793137788,
                "phi_deg": 71.0664394860517
            },
            "orientation_in_bot": [
                0.02192651576999083,
                -0.0026949618067472455,
                0.9919206513229323,
                -0.12492152162913431
            ],
            "position_in_world": [
                -0.4690432846546173,
                -0.6071784496307373,
                0.4398816227912903
            ],
            "bot_in_world": [
                -0.48214632272720337,
                0.6192404627799988,
                0.003801777958869934
            ],
            "path": "./prompt_files/data/put_a_teaspoon_in_the_bowl/subtask_2/seg_instance1_detect_surroundings.png"
        },
        "scene_graph": [],
        "inventory": []
    },
    "2_detect_surroundings": {
        "bottom_cabinet_no_top_qudfwe_0": {
            "ability": [
                [
                    "openable",
                    1
                ],
                [
                    "heatable",
                    0
                ],
                [
                    "freezable",
                    0
                ]
            ],
            "position_in_bot": {
                "rho": 1.3017068273039119,
                "theta_deg": -74.77605793137788,
                "phi_deg": 71.0664394860517
            },
            "orientation_in_bot": [
                0.02192651576999083,
                -0.0026949618067472455,
                0.9919206513229323,
                -0.12492152162913431
            ],
            "position_in_world": [
                -0.4690432846546173,
                -0.6071784496307373,
                0.4398816227912903
            ],
            "bot_in_world": [
                -0.48214632272720337,
                0.6192404627799988,
                0.003801777958869934
            ],
            "path": "./prompt_files/data/put_a_teaspoon_in_the_bowl/subtask_2/seg_instance2_detect_surroundings.png"
        },
        "scene_graph": [],
        "inventory": []
    },
    "3_detect_surroundings": {
        "bottom_cabinet_no_top_qudfwe_0": {
            "ability": [
                [
                    "openable",
                    1
                ],
                [
                    "heatable",
                    0
                ],
                [
                    "freezable",
                    0
                ]
            ],
            "position_in_bot": {
                "rho": 1.3017068273039119,
                "theta_deg": -74.77605793137788,
                "phi_deg": 71.0664394860517
            },
            "orientation_in_bot": [
                0.02192651576999083,
                -0.0026949618067472455,
                0.9919206513229323,
                -0.12492152162913431
            ],
            "position_in_world": [
                -0.4690432846546173,
                -0.6071784496307373,
                0.4398816227912903
            ],
            "bot_in_world": [
                -0.48214632272720337,
                0.6192404627799988,
                0.003801777958869934
            ],
            "path": "./prompt_files/data/put_a_teaspoon_in_the_bowl/subtask_2/seg_instance3_detect_surroundings.png"
        },
        "scene_graph": [],
        "inventory": []
    },
    "4_detect_surroundings": {
        "bottom_cabinet_no_top_qudfwe_0": {
            "ability": [
                [
                    "openable",
                    1
                ],
                [
                    "heatable",
                    0
                ],
                [
                    "freezable",
                    0
                ]
            ],
            "position_in_bot": {
                "rho": 1.3017068273039119,
                "theta_deg": -74.77605793137788,
                "phi_deg": 71.0664394860517
            },
            "orientation_in_bot": [
                0.02192651576999083,
                -0.0026949618067472455,
                0.9919206513229323,
                -0.12492152162913431
            ],
            "position_in_world": [
                -0.4690432846546173,
                -0.6071784496307373,
                0.4398816227912903
            ],
            "bot_in_world": [
                -0.48214632272720337,
                0.6192404627799988,
                0.003801777958869934
            ],
            "path": "./prompt_files/data/put_a_teaspoon_in_the_bowl/subtask_2/seg_instance4_detect_surroundings.png"
        },
        "scene_graph": [],
        "inventory": []
    },
    "5_detect_surroundings": {
        "bottom_cabinet_no_top_qudfwe_0": {
            "ability": [
                [
                    "openable",
                    1
                ],
                [
                    "heatable",
                    0
                ],
                [
                    "freezable",
                    0
                ]
            ],
            "position_in_bot": {
                "rho": 1.3017068273039119,
                "theta_deg": -74.77605793137788,
                "phi_deg": 71.0664394860517
            },
            "orientation_in_bot": [
                0.02192651576999083,
                -0.0026949618067472455,
                0.9919206513229323,
                -0.12492152162913431
            ],
            "position_in_world": [
                -0.4690432846546173,
                -0.6071784496307373,
                0.4398816227912903
            ],
            "bot_in_world": [
                -0.48214632272720337,
                0.6192404627799988,
                0.003801777958869934
            ],
            "path": "./prompt_files/data/put_a_teaspoon_in_the_bowl/subtask_2/seg_instance5_detect_surroundings.png"
        },
        "scene_graph": [],
        "inventory": []
    },