{
    "task": "dispose_of_water_bottle",
    "0_detect_surroundings": {
        "recycling_bin_278": {
            "ability": [
                [
                    "openable",
                    0
                ],
                [
                    "heatable",
                    0
                ],
                [
                    "freezable",
                    0
                ]
            ],
            "position_in_bot": {
                "rho": 1.3814419709294326,
                "theta_deg": 41.69705533437158,
                "phi_deg": 77.77332323716021
            },
            "orientation_in_bot": [
                -0.001866031695305102,
                0.021899030341865768,
                -0.08050983814099277,
                0.996511473269781
            ],
            "position_in_world": [
                -10.521561622619629,
                0.31537798047065735,
                0.3415154814720154
            ],
            "bot_in_world": [
                -11.801953315734863,
                0.7098101377487183,
                0.004762962460517883
            ],
            "path": "./prompt_files/data/dispose_of_water_bottle/subtask_2/seg_instance0_detect_surroundings.png"
        },
        "water_bottle_275": {
            "ability": [
                [
                    "heatable",
                    0
                ],
                [
                    "freezable",
                    0
                ]
            ],
            "position_in_bot": {
                "rho": 1.0487258357751919,
                "theta_deg": 98.6258310516165,
                "phi_deg": 83.70993511907861
            },
            "orientation_in_bot": [
                -0.004191961784826395,
                0.0269012443203431,
                0.07750128384985086,
                0.9966204400432678
            ],
            "position_in_world": [
                -10.999152183532715,
                1.3758783340454102,
                0.11288049072027206
            ],
            "bot_in_world": [
                -11.801953315734863,
                0.7098101377487183,
                0.004762962460517883
            ],
            "path": "./prompt_files/data/dispose_of_water_bottle/subtask_2/seg_instance0_detect_surroundings.png"
        },
        "lawn_uinmme_0": {
            "ability": [
                [
                    "heatable",
                    0
                ],
                [
                    "freezable",
                    0
                ]
            ],
            "position_in_bot": {
                "rho": 2.5542648982701324,
                "theta_deg": 88.76512185174747,
                "phi_deg": 97.14261868871952
            },
            "orientation_in_bot": [
                0.010773760038766086,
                0.019156263110769334,
                0.49390164576547274,
                0.8692399714626655
            ],
            "position_in_world": [
                -9.590114744188744,
                1.948030992984771,
                -0.30963798338357024
            ],
            "bot_in_world": [
                -11.801953315734863,
                0.7098101377487183,
                0.004762962460517883
            ],
            "path": "./prompt_files/data/dispose_of_water_bottle/subtask_2/seg_instance0_detect_surroundings.png"
        },
        "scene_graph": [
            [
                "recycling_bin_278",
                "ontop",
                "lawn_uinmme_0"
            ],
            [
                "water_bottle_275",
                "ontop",
                "lawn_uinmme_0"
            ]
        ],
        "inventory": []
    },
    "1_detect_surroundings": {
        "recycling_bin_278": {
            "ability": [
                [
                    "openable",
                    0
                ],
                [
                    "heatable",
                    0
                ],
                [
                    "freezable",
                    0
                ]
            ],
            "position_in_bot": {
                "rho": 1.3814419709294326,
                "theta_deg": 41.69705533437158,
                "phi_deg": 77.77332323716021
            },
            "orientation_in_bot": [
                -0.001866031695305102,
                0.021899030341865768,
                -0.08050983814099277,
                0.996511473269781
            ],
            "position_in_world": [
                -10.521561622619629,
                0.31537798047065735,
                0.3415154814720154
            ],
            "bot_in_world": [
                -11.801953315734863,
                0.7098101377487183,
                0.004762962460517883
            ],
            "path": "./prompt_files/data/dispose_of_water_bottle/subtask_2/seg_instance1_detect_surroundings.png"
        },
        "water_bottle_275": {
            "ability": [
                [
                    "heatable",
                    0
                ],
                [
                    "freezable",
                    0
                ]
            ],
            "position_in_bot": {
                "rho": 1.0487258357751919,
                "theta_deg": 98.6258310516165,
                "phi_deg": 83.70993511907861
            },
            "orientation_in_bot": [
                -0.004191961784826395,
                0.0269012443203431,
                0.07750128384985086,
                0.9966204400432678
            ],
            "position_in_world": [
                -10.999152183532715,
                1.3758783340454102,
                0.11288049072027206
            ],
            "bot_in_world": [
                -11.801953315734863,
                0.7098101377487183,
                0.004762962460517883
            ],
            "path": "./prompt_files/data/dispose_of_water_bottle/subtask_2/seg_instance1_detect_surroundings.png"
        },
        "lawn_uinmme_0": {
            "ability": [
                [
                    "heatable",
                    0
                ],
                [
                    "freezable",
                    0
                ]
            ],
            "position_in_bot": {
                "rho": 2.5542648982701324,
                "theta_deg": 88.76512185174747,
                "phi_deg": 97.14261868871952
            },
            "orientation_in_bot": [
                0.010773760038766086,
                0.019156263110769334,
                0.49390164576547274,
                0.8692399714626655
            ],
            "position_in_world": [
                -9.590114744188744,
                1.948030992984771,
                -0.30963798338357024
            ],
            "bot_in_world": [
                -11.801953315734863,
                0.7098101377487183,
                0.004762962460517883
            ],
            "path": "./prompt_files/data/dispose_of_water_bottle/subtask_2/seg_instance1_detect_surroundings.png"
        },
        "scene_graph": [
            [
                "recycling_bin_278",
                "ontop",
                "lawn_uinmme_0"
            ],
            [
                "water_bottle_275",
                "ontop",
                "lawn_uinmme_0"
            ]
        ],
        "inventory": []
    },
    "2_detect_surroundings": {
        "recycling_bin_278": {
            "ability": [
                [
                    "openable",
                    0
                ],
                [
                    "heatable",
                    0
                ],
                [
                    "freezable",
                    0
                ]
            ],
            "position_in_bot": {
                "rho": 1.3814419709294326,
                "theta_deg": 41.69705533437158,
                "phi_deg": 77.77332323716021
            },