{
    "task": "put_a_book_in_the_carton",
    "0_detect_surroundings": {
        "hardback_188": {
            "ability": [
                [
                    "heatable",
                    0
                ],
                [
                    "freezable",
                    0
                ]
            ],
            "position_in_bot": {
                "rho": 2.9226220734201247,
                "theta_deg": 110.28970517064297,
                "phi_deg": 159.04978357512627
            },
            "orientation_in_bot": [
                -0.03281416974944535,
                0.7704554950294739,
                -0.6360831928051353,
                0.026827826474911252
            ],
            "position_in_world": [
                -1.819692850112915,
                -2.0865187644958496,
                0.009212089702486992
            ],
            "bot_in_world": [
                -3.6129565238952637,
                0.20460054278373718,
                0.2861554026603699
            ],
            "path": "./prompt_files/data/put_a_book_in_the_carton/subtask_5/seg_instance0_detect_surroundings.png"
        },
        "shelf_owvfik_1": {
            "ability": [
                [
                    "heatable",
                    0
                ],
                [
                    "freezable",
                    0
                ]
            ],
            "position_in_bot": {
                "rho": 3.4375583641596505,
                "theta_deg": 99.48635344987893,
                "phi_deg": 143.17009156119704
            },
            "orientation_in_bot": [
                0.3891099307000747,
                0.5905875990002364,
                0.43755674906021075,
                0.5552871699306393
            ],
            "position_in_world": [
                -0.8164602518081665,
                -1.7876708507537842,
                0.12101693451404572
            ],
            "bot_in_world": [
                -3.6129565238952637,
                0.20460054278373718,
                0.2861554026603699
            ],
            "path": "./prompt_files/data/put_a_book_in_the_carton/subtask_5/seg_instance0_detect_surroundings.png"
        },
        "carton_195": {
            "ability": [
                [
                    "openable",
                    1
                ],
                [
                    "heatable",
                    0
                ],
                [
                    "freezable",
                    0
                ]
            ],
            "position_in_bot": {
                "rho": 3.6951874605143606,
                "theta_deg": 85.50413069014627,
                "phi_deg": 159.10369287233823
            },
            "orientation_in_bot": [
                0.03803787128982528,
                0.706744046591368,
                0.09268652834893198,
                0.7003393323368464
            ],
            "position_in_world": [
                -1.3197810649871826,
                -2.684907913208008,
                0.5017886757850647
            ],
            "bot_in_world": [
                -3.6129565238952637,
                0.20460054278373718,
                0.2861554026603699
            ],
            "path": "./prompt_files/data/put_a_book_in_the_carton/subtask_5/seg_instance0_detect_surroundings.png"
        },
        "scene_graph": [],
        "inventory": [
            "hardback_188"
        ]
    },
    "1_detect_surroundings": {
        "hardback_188": {
            "ability": [
                [
                    "heatable",
                    0
                ],
                [
                    "freezable",
                    0
                ]
            ],
            "position_in_bot": {
                "rho": 2.9226220734201247,
                "theta_deg": 110.28970517064297,
                "phi_deg": 159.04978357512627
            },
            "orientation_in_bot": [
                -0.03281416974944535,
                0.7704554950294739,
                -0.6360831928051353,
                0.026827826474911252
            ],
            "position_in_world": [
                -1.819692850112915,
                -2.0865187644958496,
                0.009212089702486992
            ],
            "bot_in_world": [
                -3.6129565238952637,
                0.20460054278373718,
                0.2861554026603699
            ],
            "path": "./prompt_files/data/put_a_book_in_the_carton/subtask_5/seg_instance1_detect_surroundings.png"
        },
        "shelf_owvfik_1": {
            "ability": [
                [
                    "heatable",
                    0
                ],
                [
                    "freezable",
                    0
                ]
            ],
            "position_in_bot": {
                "rho": 3.4375583641596505,
                "theta_deg": 99.48635344987893,
                "phi_deg": 143.17009156119704
            },
            "orientation_in_bot": [
                0.3891099307000747,
                0.5905875990002364,
                0.43755674906021075,
                0.5552871699306393
            ],
            "position_in_world": [
                -0.8164602518081665,
                -1.7876708507537842,
                0.12101693451404572
            ],
            "bot_in_world": [
                -3.6129565238952637,
                0.20460054278373718,
                0.2861554026603699
            ],
            "path": "./prompt_files/data/put_a_book_in_the_carton/subtask_5/seg_instance1_detect_surroundings.png"
        },
        "carton_195": {
            "ability": [
                [
                    "openable",
                    1
                ],
                [
                    "heatable",
                    0
                ],
                [
                    "freezable",
                    0
                ]
            ],
            "position_in_bot": {
                "rho": 3.6951874605143606,
                "theta_deg": 85.50413069014627,
                "phi_deg": 159.10369287233823
            },
            "orientation_in_bot": [
                0.03803787128982528,
                0.706744046591368,
                0.09268652834893198,
                0.7003393323368464
            ],
            "position_in_world": [
                -1.3197810649871826,
                -2.684907913208008,
                0.5017886757850647
            ],
            "bot_in_world": [
                -3.6129565238952637,
                0.20460054278373718,
                0.2861554026603699
            ],
            "path": "./prompt_files/data/put_a_book_in_the_carton/subtask_5/seg_instance1_detect_surroundings.png"
        },
        "scene_graph": [],
        "inventory": [
            "hardback_188"
        ]
    },
    "2_detect_surroundings": {
        "hardback_188": {
            "ability": [
                [
                    "heatable",
                    0
                ],
                [
                    "freezable",
                    0
                ]
            ],
            "position_in_bot": {
                "rho": 2.9226220734201247,
                "theta_deg": 110.28970517064297,
                "phi_deg": 159.04978357512627
            },
            "orientation_in_bot": [
                -0.03281416974944535,
                0.7704554950294739,
                -0.6360831928051353,
                0.026827826474911252
            ],
            "position_in_world": [
                -1.819692850112915,
                -2.0865187644958496,
                0.009212089702486992
            ],
            "bot_in_world": [
                -3.6129565238952637,
                0.20460054278373718,
                0.2861554026603699
            ],
            "path": "./prompt_files/data/put_a_book_in_the_carton/subtask_5/seg_instance2_detect_surroundings.png"
        },