{
    "task": "cook_a_frozen_pie",
    "0_detect_surroundings": {
        "fridge_dszchb_0": {
            "ability": [
                [
                    "openable",
                    0
                ],
                [
                    "heatable",
                    0
                ],
                [
                    "freezable",
                    0
                ]
            ],
            "position_in_bot": {
                "rho": 3.974471369356316,
                "theta_deg": -169.08471178360537,
                "phi_deg": 74.73055069598213
            },
            "orientation_in_bot": [
                0.011526041351971906,
                0.018847654329569058,
                0.5271069638099112,
                0.8495117215201463
            ],
            "position_in_world": [
                -6.848034381866455,
                -1.78300940990448,
                0.8840970396995544
            ],
            "bot_in_world": [
                -4.506625652313232,
                -4.8719048500061035,
                0.0049195438623428345
            ],
            "path": "./prompt_files/data/cook_a_frozen_pie/subtask_2/seg_instance0_detect_surroundings.png"
        },
        "oven_wuinhm_0": {
            "ability": [
                [
                    "togglable",
                    0
                ],
                [
                    "openable",
                    0
                ],
                [
                    "heatable",
                    0
                ],
                [
                    "freezable",
                    0
                ]
            ],
            "position_in_bot": {
                "rho": 3.5348045804604,
                "theta_deg": 178.56663060682615,
                "phi_deg": 72.60525574976218
            },
            "orientation_in_bot": [
                0.011526041351971906,
                0.018847654329569058,
                0.5271069638099112,
                0.8495117215201463
            ],
            "position_in_world": [
                -5.947904109954834,
                -1.7742741107940674,
                0.911696195602417
            ],
            "bot_in_world": [
                -4.506625652313232,
                -4.8719048500061035,
                0.0049195438623428345
            ],
            "path": "./prompt_files/data/cook_a_frozen_pie/subtask_2/seg_instance0_detect_surroundings.png"
        },
        "cheese_tart_188": {
            "ability": [
                [
                    "heatable",
                    0
                ],
                [
                    "freezable",
                    1
                ],
                [
                    "burnable",
                    0
                ],
                [
                    "cookable",
                    0
                ]
            ],
            "position_in_bot": {
                "rho": 3.843318463647183,
                "theta_deg": -169.53463533111147,
                "phi_deg": 75.12949181445737
            },
            "orientation_in_bot": [
                0.003956757283501607,
                0.02516200632066675,
                0.17759117943883257,
                0.9837746644914386
            ],
            "position_in_world": [
                -6.751186370849609,
                -1.8628571033477783,
                0.8287374377250671
            ],
            "bot_in_world": [
                -4.506625652313232,
                -4.8719048500061035,
                0.0049195438623428345
            ],
            "path": "./prompt_files/data/cook_a_frozen_pie/subtask_2/seg_instance0_detect_surroundings.png"
        },
        "scene_graph": [
            [
                "fridge_dszchb_0",
                "ontop",
                "cheese_tart_188"
            ],
            [
                "cheese_tart_188",
                "inside",
                "fridge_dszchb_0"
            ]
        ],
        "inventory": []
    },
    "1_detect_surroundings": {
        "fridge_dszchb_0": {
            "ability": [
                [
                    "openable",
                    0
                ],
                [
                    "heatable",
                    0
                ],
                [
                    "freezable",
                    0
                ]
            ],
            "position_in_bot": {
                "rho": 3.974471369356316,
                "theta_deg": -169.08471178360537,
                "phi_deg": 74.73055069598213
            },
            "orientation_in_bot": [
                0.011526041351971906,
                0.018847654329569058,
                0.5271069638099112,
                0.8495117215201463
            ],
            "position_in_world": [
                -6.848034381866455,
                -1.78300940990448,
                0.8840970396995544
            ],
            "bot_in_world": [
                -4.506625652313232,
                -4.8719048500061035,
                0.0049195438623428345
            ],
            "path": "./prompt_files/data/cook_a_frozen_pie/subtask_2/seg_instance1_detect_surroundings.png"
        },
        "oven_wuinhm_0": {
            "ability": [
                [
                    "togglable",
                    0
                ],
                [
                    "openable",
                    0
                ],
                [
                    "heatable",
                    0
                ],
                [
                    "freezable",
                    0
                ]
            ],
            "position_in_bot": {
                "rho": 3.5348045804604,
                "theta_deg": 178.56663060682615,
                "phi_deg": 72.60525574976218
            },
            "orientation_in_bot": [
                0.011526041351971906,
                0.018847654329569058,
                0.5271069638099112,
                0.8495117215201463
            ],
            "position_in_world": [
                -5.947904109954834,
                -1.7742741107940674,
                0.911696195602417
            ],
            "bot_in_world": [
                -4.506625652313232,
                -4.8719048500061035,
                0.0049195438623428345
            ],
            "path": "./prompt_files/data/cook_a_frozen_pie/subtask_2/seg_instance1_detect_surroundings.png"
        },
        "cheese_tart_188": {
            "ability": [
                [
                    "heatable",
                    0
                ],
                [
                    "freezable",
                    1
                ],
                [
                    "burnable",
                    0
                ],
                [
                    "cookable",
                    0
                ]
            ],
            "position_in_bot": {
                "rho": 3.843318463647183,
                "theta_deg": -169.53463533111147,
                "phi_deg": 75.12949181445737
            },
            "orientation_in_bot": [
                0.003956757283501607,
                0.02516200632066675,
                0.17759117943883257,
                0.9837746644914386
            ],
            "position_in_world": [
                -6.751186370849609,
                -1.8628571033477783,
                0.8287374377250671
            ],
            "bot_in_world": [
                -4.506625652313232,
                -4.8719048500061035,
                0.0049195438623428345
            ],
            "path": "./prompt_files/data/cook_a_frozen_pie/subtask_2/seg_instance1_detect_surroundings.png"
        },
        "scene_graph": [
            [
                "fridge_dszchb_0",
                "ontop",
                "cheese_tart_188"
            ],
            [
                "cheese_tart_188",
                "inside",
                "fridge_dszchb_0"
            ]
        ],