{
    "task": "cook_a_frozen_pie",
    "0_detect_surroundings": {
        "cheese_tart_188": {
            "ability": [
                [
                    "heatable",
                    0
                ],
                [
                    "freezable",
                    0
                ],
                [
                    "burnable",
                    0
                ],
                [
                    "cookable",
                    1
                ]
            ],
            "position_in_bot": {
                "rho": 43.787542117977765,
                "theta_deg": -177.20840075003287,
                "phi_deg": 177.50144673059575
            },
            "orientation_in_bot": [
                0.004387039767459828,
                0.02301555888342682,
                0.2140434512475895,
                0.9765431065290374
            ],
            "position_in_world": [
                -6.848034381866455,
                -0.48258647322654724,
                -43.53742218017578
            ],
            "bot_in_world": [
                -6.847606182098389,
                -0.48168033361434937,
                0.2501193881034851
            ],
            "path": "./prompt_files/data/cook_a_frozen_pie/subtask_10/seg_instance0_detect_surroundings.png"
        },
        "oven_wuinhm_0": {
            "ability": [
                [
                    "openable",
                    1
                ],
                [
                    "togglable",
                    0
                ],
                [
                    "heatable",
                    0
                ],
                [
                    "freezable",
                    0
                ]
            ],
            "position_in_bot": {
                "rho": 1.7081997451782827,
                "theta_deg": 7.34844070826195,
                "phi_deg": 69.70489809918713
            },
            "orientation_in_bot": [
                0.010415381340300447,
                0.019160930509347186,
                0.5193085252402085,
                0.8543085122989188
            ],
            "position_in_world": [
                -5.947904109954834,
                -1.7742741107940674,
                0.911696195602417
            ],
            "bot_in_world": [
                -6.847606182098389,
                -0.48168033361434937,
                0.2501193881034851
            ],
            "path": "./prompt_files/data/cook_a_frozen_pie/subtask_10/seg_instance0_detect_surroundings.png"
        },
        "fridge_dszchb_0": {
            "ability": [
                [
                    "openable",
                    1
                ],
                [
                    "heatable",
                    0
                ],
                [
                    "freezable",
                    0
                ]
            ],
            "position_in_bot": {
                "rho": 1.4475445375304774,
                "theta_deg": -26.852213164442528,
                "phi_deg": 66.19228689851231
            },
            "orientation_in_bot": [
                0.010415381340300447,
                0.019160930509347186,
                0.5193085252402085,
                0.8543085122989188
            ],
            "position_in_world": [
                -6.848034381866455,
                -1.78300940990448,
                0.8840970396995544
            ],
            "bot_in_world": [
                -6.847606182098389,
                -0.48168033361434937,
                0.2501193881034851
            ],
            "path": "./prompt_files/data/cook_a_frozen_pie/subtask_10/seg_instance0_detect_surroundings.png"
        },
        "scene_graph": [],
        "inventory": [
            "cheese_tart_188"
        ]
    },
    "1_detect_surroundings": {
        "cheese_tart_188": {
            "ability": [
                [
                    "heatable",
                    0
                ],
                [
                    "freezable",
                    0
                ],
                [
                    "burnable",
                    0
                ],
                [
                    "cookable",
                    1
                ]
            ],
            "position_in_bot": {
                "rho": 43.787542117977765,
                "theta_deg": -177.20840075003287,
                "phi_deg": 177.50144673059575
            },
            "orientation_in_bot": [
                0.004387039767459828,
                0.02301555888342682,
                0.2140434512475895,
                0.9765431065290374
            ],
            "position_in_world": [
                -6.848034381866455,
                -0.48258647322654724,
                -43.53742218017578
            ],
            "bot_in_world": [
                -6.847606182098389,
                -0.48168033361434937,
                0.2501193881034851
            ],
            "path": "./prompt_files/data/cook_a_frozen_pie/subtask_10/seg_instance1_detect_surroundings.png"
        },
        "oven_wuinhm_0": {
            "ability": [
                [
                    "openable",
                    1
                ],
                [
                    "togglable",
                    0
                ],
                [
                    "heatable",
                    0
                ],
                [
                    "freezable",
                    0
                ]
            ],
            "position_in_bot": {
                "rho": 1.7081997451782827,
                "theta_deg": 7.34844070826195,
                "phi_deg": 69.70489809918713
            },
            "orientation_in_bot": [
                0.010415381340300447,
                0.019160930509347186,
                0.5193085252402085,
                0.8543085122989188
            ],
            "position_in_world": [
                -5.947904109954834,
                -1.7742741107940674,
                0.911696195602417
            ],
            "bot_in_world": [
                -6.847606182098389,
                -0.48168033361434937,
                0.2501193881034851
            ],
            "path": "./prompt_files/data/cook_a_frozen_pie/subtask_10/seg_instance1_detect_surroundings.png"
        },
        "fridge_dszchb_0": {
            "ability": [
                [
                    "openable",
                    1
                ],
                [
                    "heatable",
                    0
                ],
                [
                    "freezable",
                    0
                ]
            ],
            "position_in_bot": {
                "rho": 1.4475445375304774,
                "theta_deg": -26.852213164442528,
                "phi_deg": 66.19228689851231
            },
            "orientation_in_bot": [
                0.010415381340300447,
                0.019160930509347186,
                0.5193085252402085,
                0.8543085122989188
            ],
            "position_in_world": [
                -6.848034381866455,
                -1.78300940990448,
                0.8840970396995544
            ],
            "bot_in_world": [
                -6.847606182098389,
                -0.48168033361434937,
                0.2501193881034851
            ],
            "path": "./prompt_files/data/cook_a_frozen_pie/subtask_10/seg_instance1_detect_surroundings.png"
        },
        "scene_graph": [],
        "inventory": [
            "cheese_tart_188"
        ]
    },