{
    "task": "putting_a_log_to_floor",
    "0_detect_surroundings": {
        "log_276": {
            "ability": [
                [
                    "heatable",
                    0
                ],
                [
                    "freezable",
                    0
                ]
            ],
            "position_in_bot": {
                "rho": 1.5897938577020345,
                "theta_deg": -133.066540107781,
                "phi_deg": 80.93462162372549
            },
            "orientation_in_bot": [
                -0.013871523373885699,
                -0.014683934466090572,
                -0.5503943943850373,
                0.8346603941348908
            ],
            "position_in_world": [
                13.252487182617188,
                12.875191688537598,
                0.28907039761543274
            ],
            "bot_in_world": [
                14.613773345947266,
                13.662708282470703,
                0.05634285509586334
            ],
            "path": "./prompt_files/data/putting_a_log_to_floor/subtask_1/seg_instance0_detect_surroundings.png"
        },
        "scene_graph": [],
        "inventory": []
    },
    "1_detect_surroundings": {
        "log_276": {
            "ability": [
                [
                    "heatable",
                    0
                ],
                [
                    "freezable",
                    0
                ]
            ],
            "position_in_bot": {
                "rho": 1.5897938577020345,
                "theta_deg": -133.066540107781,
                "phi_deg": 80.93462162372549
            },
            "orientation_in_bot": [
                -0.013871523373885699,
                -0.014683934466090572,
                -0.5503943943850373,
                0.8346603941348908
            ],
            "position_in_world": [
                13.252487182617188,
                12.875191688537598,
                0.28907039761543274
            ],
            "bot_in_world": [
                14.613773345947266,
                13.662708282470703,
                0.05634285509586334
            ],
            "path": "./prompt_files/data/putting_a_log_to_floor/subtask_1/seg_instance1_detect_surroundings.png"
        },
        "scene_graph": [],
        "inventory": []
    },
    "2_detect_surroundings": {
        "log_276": {
            "ability": [
                [
                    "heatable",
                    0
                ],
                [
                    "freezable",
                    0
                ]
            ],
            "position_in_bot": {
                "rho": 1.5897938577020345,
                "theta_deg": -133.066540107781,
                "phi_deg": 80.93462162372549
            },
            "orientation_in_bot": [
                -0.013871523373885699,
                -0.014683934466090572,
                -0.5503943943850373,
                0.8346603941348908
            ],
            "position_in_world": [
                13.252487182617188,
                12.875191688537598,
                0.28907039761543274
            ],
            "bot_in_world": [
                14.613773345947266,
                13.662708282470703,
                0.05634285509586334
            ],
            "path": "./prompt_files/data/putting_a_log_to_floor/subtask_1/seg_instance2_detect_surroundings.png"
        },
        "scene_graph": [],
        "inventory": []
    },
    "3_detect_surroundings": {
        "log_276": {
            "ability": [
                [
                    "heatable",
                    0
                ],
                [
                    "freezable",
                    0
                ]
            ],
            "position_in_bot": {
                "rho": 1.5897938577020345,
                "theta_deg": -133.066540107781,
                "phi_deg": 80.93462162372549
            },
            "orientation_in_bot": [
                -0.013871523373885699,
                -0.014683934466090572,
                -0.5503943943850373,
                0.8346603941348908
            ],
            "position_in_world": [
                13.252487182617188,
                12.875191688537598,
                0.28907039761543274
            ],
            "bot_in_world": [
                14.613773345947266,
                13.662708282470703,
                0.05634285509586334
            ],
            "path": "./prompt_files/data/putting_a_log_to_floor/subtask_1/seg_instance3_detect_surroundings.png"
        },
        "scene_graph": [],
        "inventory": []
    },
    "4_detect_surroundings": {
        "log_276": {
            "ability": [
                [
                    "heatable",
                    0
                ],
                [
                    "freezable",
                    0
                ]
            ],
            "position_in_bot": {
                "rho": 1.5897938577020345,
                "theta_deg": -133.066540107781,
                "phi_deg": 80.93462162372549
            },
            "orientation_in_bot": [
                -0.013871523373885699,
                -0.014683934466090572,
                -0.5503943943850373,
                0.8346603941348908
            ],
            "position_in_world": [
                13.252487182617188,
                12.875191688537598,
                0.28907039761543274
            ],
            "bot_in_world": [
                14.613773345947266,
                13.662708282470703,
                0.05634285509586334
            ],
            "path": "./prompt_files/data/putting_a_log_to_floor/subtask_1/seg_instance4_detect_surroundings.png"
        },
        "scene_graph": [],
        "inventory": []
    },
    "5_detect_surroundings": {
        "log_276": {
            "ability": [
                [
                    "heatable",
                    0
                ],
                [
                    "freezable",
                    0
                ]
            ],
            "position_in_bot": {
                "rho": 1.5897938577020345,
                "theta_deg": -133.066540107781,
                "phi_deg": 80.93462162372549
            },
            "orientation_in_bot": [
                -0.013871523373885699,
                -0.014683934466090572,
                -0.5503943943850373,
                0.8346603941348908
            ],
            "position_in_world": [
                13.252487182617188,
                12.875191688537598,
                0.28907039761543274
            ],
            "bot_in_world": [
                14.613773345947266,
                13.662708282470703,
                0.05634285509586334
            ],
            "path": "./prompt_files/data/putting_a_log_to_floor/subtask_1/seg_instance5_detect_surroundings.png"
        },
        "scene_graph": [],
        "inventory": []
    },
    "6_detect_surroundings": {
        "log_276": {
            "ability": [
                [
                    "heatable",
                    0
                ],
                [
                    "freezable",
                    0
                ]
            ],
            "position_in_bot": {
                "rho": 1.5897938577020345,
                "theta_deg": -133.066540107781,
                "phi_deg": 80.93462162372549
            },
            "orientation_in_bot": [
                -0.013871523373885699,
                -0.014683934466090572,
                -0.5503943943850373,
                0.8346603941348908
            ],
            "position_in_world": [
                13.252487182617188,
                12.875191688537598,
                0.28907039761543274
            ],
            "bot_in_world": [
                14.613773345947266,
                13.662708282470703,
                0.05634285509586334
            ],