{
    "task": "dispose_of_water_bottle",
    "0_detect_surroundings": {
        "recycling_bin_278": {
            "ability": [
                [
                    "openable",
                    0
                ],
                [
                    "heatable",
                    0
                ],
                [
                    "freezable",
                    0
                ]
            ],
            "position_in_bot": {
                "rho": 15.790285131660637,
                "theta_deg": -79.58810689215575,
                "phi_deg": 89.20328930504662
            },
            "orientation_in_bot": [
                -0.001883099290684355,
                0.02189259171256568,
                -0.0802936502512923,
                0.9965290252142641
            ],
            "position_in_world": [
                -10.521561622619629,
                0.31537798047065735,
                0.3415154814720154
            ],
            "bot_in_world": [
                1.3687399625778198,
                10.699862480163574,
                0.00048713386058807373
            ],
            "path": "./prompt_files/data/dispose_of_water_bottle/subtask_1/seg_instance0_detect_surroundings.png"
        },
        "water_bottle_275": {
            "ability": [
                [
                    "heatable",
                    0
                ],
                [
                    "freezable",
                    0
                ]
            ],
            "position_in_bot": {
                "rho": 15.489160165782367,
                "theta_deg": -83.7400988110729,
                "phi_deg": 89.84506646764076
            },
            "orientation_in_bot": [
                -0.00421091117048373,
                0.026896315694454158,
                0.077717417593137,
                0.9966036621605564
            ],
            "position_in_world": [
                -10.999152183532715,
                1.3758783340454102,
                0.11288049072027206
            ],
            "bot_in_world": [
                1.3687399625778198,
                10.699862480163574,
                0.00048713386058807373
            ],
            "path": "./prompt_files/data/dispose_of_water_bottle/subtask_1/seg_instance0_detect_surroundings.png"
        },
        "lawn_uinmme_0": {
            "ability": [
                [
                    "heatable",
                    0
                ],
                [
                    "freezable",
                    0
                ]
            ],
            "position_in_bot": {
                "rho": 14.028087440420212,
                "theta_deg": -82.21594907091185,
                "phi_deg": 91.59575683002352
            },
            "orientation_in_bot": [
                0.010756026240247057,
                0.019160538605818463,
                0.49409027614638373,
                0.8691328901137295
            ],
            "position_in_world": [
                -9.590114744188744,
                1.948030992984771,
                -0.30963798338357024
            ],
            "bot_in_world": [
                1.3687399625778198,
                10.699862480163574,
                0.00048713386058807373
            ],
            "path": "./prompt_files/data/dispose_of_water_bottle/subtask_1/seg_instance0_detect_surroundings.png"
        },
        "scene_graph": [
            [
                "recycling_bin_278",
                "ontop",
                "lawn_uinmme_0"
            ],
            [
                "water_bottle_275",
                "ontop",
                "lawn_uinmme_0"
            ]
        ],
        "inventory": []
    },
    "1_detect_surroundings": {
        "recycling_bin_278": {
            "ability": [
                [
                    "openable",
                    0
                ],
                [
                    "heatable",
                    0
                ],
                [
                    "freezable",
                    0
                ]
            ],
            "position_in_bot": {
                "rho": 15.790285131660637,
                "theta_deg": -79.58810689215575,
                "phi_deg": 89.20328930504662
            },
            "orientation_in_bot": [
                -0.001883099290684355,
                0.02189259171256568,
                -0.0802936502512923,
                0.9965290252142641
            ],
            "position_in_world": [
                -10.521561622619629,
                0.31537798047065735,
                0.3415154814720154
            ],
            "bot_in_world": [
                1.3687399625778198,
                10.699862480163574,
                0.00048713386058807373
            ],
            "path": "./prompt_files/data/dispose_of_water_bottle/subtask_1/seg_instance1_detect_surroundings.png"
        },
        "water_bottle_275": {
            "ability": [
                [
                    "heatable",
                    0
                ],
                [
                    "freezable",
                    0
                ]
            ],
            "position_in_bot": {
                "rho": 15.489160165782367,
                "theta_deg": -83.7400988110729,
                "phi_deg": 89.84506646764076
            },
            "orientation_in_bot": [
                -0.00421091117048373,
                0.026896315694454158,
                0.077717417593137,
                0.9966036621605564
            ],
            "position_in_world": [
                -10.999152183532715,
                1.3758783340454102,
                0.11288049072027206
            ],
            "bot_in_world": [
                1.3687399625778198,
                10.699862480163574,
                0.00048713386058807373
            ],
            "path": "./prompt_files/data/dispose_of_water_bottle/subtask_1/seg_instance1_detect_surroundings.png"
        },
        "lawn_uinmme_0": {
            "ability": [
                [
                    "heatable",
                    0
                ],
                [
                    "freezable",
                    0
                ]
            ],
            "position_in_bot": {
                "rho": 14.028087440420212,
                "theta_deg": -82.21594907091185,
                "phi_deg": 91.59575683002352
            },
            "orientation_in_bot": [
                0.010756026240247057,
                0.019160538605818463,
                0.49409027614638373,
                0.8691328901137295
            ],
            "position_in_world": [
                -9.590114744188744,
                1.948030992984771,
                -0.30963798338357024
            ],
            "bot_in_world": [
                1.3687399625778198,
                10.699862480163574,
                0.00048713386058807373
            ],
            "path": "./prompt_files/data/dispose_of_water_bottle/subtask_1/seg_instance1_detect_surroundings.png"
        },
        "scene_graph": [
            [
                "recycling_bin_278",
                "ontop",
                "lawn_uinmme_0"
            ],
            [
                "water_bottle_275",
                "ontop",
                "lawn_uinmme_0"
            ]
        ],
        "inventory": []
    },
    "2_detect_surroundings": {
        "recycling_bin_278": {
            "ability": [
                [
                    "openable",
                    0
                ],
                [
                    "heatable",
                    0
                ],
                [
                    "freezable",
                    0
                ]
            ],
            "position_in_bot": {
                "rho": 15.790285131660637,
                "theta_deg": -79.58810689215575,
                "phi_deg": 89.20328930504662
            },