{
    "task": "put_a_teaspoon_in_the_bowl",
    "0_detect_surroundings": {
        "bottom_cabinet_no_top_qudfwe_0": {
            "ability": [
                [
                    "openable",
                    0
                ],
                [
                    "heatable",
                    0
                ],
                [
                    "freezable",
                    0
                ]
            ],
            "position_in_bot": {
                "rho": 1.301717104281273,
                "theta_deg": -74.98540939051706,
                "phi_deg": 71.05518362410663
            },
            "orientation_in_bot": [
                0.021923339575732732,
                -0.0026358021740195484,
                0.9921487978163032,
                -0.12309826448984161
            ],
            "position_in_world": [
                -0.4690432846546173,
                -0.6071784496307373,
                0.4398816227912903
            ],
            "bot_in_world": [
                -0.4821549654006958,
                0.6192499399185181,
                0.0037979930639266968
            ],
            "path": "./prompt_files/data/put_a_teaspoon_in_the_bowl/subtask_14/seg_instance0_detect_surroundings.png"
        },
        "scene_graph": [],
        "inventory": []
    },
    "1_detect_surroundings": {
        "bottom_cabinet_no_top_qudfwe_0": {
            "ability": [
                [
                    "openable",
                    0
                ],
                [
                    "heatable",
                    0
                ],
                [
                    "freezable",
                    0
                ]
            ],
            "position_in_bot": {
                "rho": 1.301717104281273,
                "theta_deg": -74.98540939051706,
                "phi_deg": 71.05518362410663
            },
            "orientation_in_bot": [
                0.021923339575732732,
                -0.0026358021740195484,
                0.9921487978163032,
                -0.12309826448984161
            ],
            "position_in_world": [
                -0.4690432846546173,
                -0.6071784496307373,
                0.4398816227912903
            ],
            "bot_in_world": [
                -0.4821549654006958,
                0.6192499399185181,
                0.0037979930639266968
            ],
            "path": "./prompt_files/data/put_a_teaspoon_in_the_bowl/subtask_14/seg_instance1_detect_surroundings.png"
        },
        "scene_graph": [],
        "inventory": []
    },
    "2_detect_surroundings": {
        "bottom_cabinet_no_top_qudfwe_0": {
            "ability": [
                [
                    "openable",
                    0
                ],
                [
                    "heatable",
                    0
                ],
                [
                    "freezable",
                    0
                ]
            ],
            "position_in_bot": {
                "rho": 1.301717104281273,
                "theta_deg": -74.98540939051706,
                "phi_deg": 71.05518362410663
            },
            "orientation_in_bot": [
                0.021923339575732732,
                -0.0026358021740195484,
                0.9921487978163032,
                -0.12309826448984161
            ],
            "position_in_world": [
                -0.4690432846546173,
                -0.6071784496307373,
                0.4398816227912903
            ],
            "bot_in_world": [
                -0.4821549654006958,
                0.6192499399185181,
                0.0037979930639266968
            ],
            "path": "./prompt_files/data/put_a_teaspoon_in_the_bowl/subtask_14/seg_instance2_detect_surroundings.png"
        },
        "scene_graph": [],
        "inventory": []
    },
    "3_detect_surroundings": {
        "bottom_cabinet_no_top_qudfwe_0": {
            "ability": [
                [
                    "openable",
                    0
                ],
                [
                    "heatable",
                    0
                ],
                [
                    "freezable",
                    0
                ]
            ],
            "position_in_bot": {
                "rho": 1.301717104281273,
                "theta_deg": -74.98540939051706,
                "phi_deg": 71.05518362410663
            },
            "orientation_in_bot": [
                0.021923339575732732,
                -0.0026358021740195484,
                0.9921487978163032,
                -0.12309826448984161
            ],
            "position_in_world": [
                -0.4690432846546173,
                -0.6071784496307373,
                0.4398816227912903
            ],
            "bot_in_world": [
                -0.4821549654006958,
                0.6192499399185181,
                0.0037979930639266968
            ],
            "path": "./prompt_files/data/put_a_teaspoon_in_the_bowl/subtask_14/seg_instance3_detect_surroundings.png"
        },
        "scene_graph": [],
        "inventory": []
    },
    "4_detect_surroundings": {
        "bottom_cabinet_no_top_qudfwe_0": {
            "ability": [
                [
                    "openable",
                    0
                ],
                [
                    "heatable",
                    0
                ],
                [
                    "freezable",
                    0
                ]
            ],
            "position_in_bot": {
                "rho": 1.301717104281273,
                "theta_deg": -74.98540939051706,
                "phi_deg": 71.05518362410663
            },
            "orientation_in_bot": [
                0.021923339575732732,
                -0.0026358021740195484,
                0.9921487978163032,
                -0.12309826448984161
            ],
            "position_in_world": [
                -0.4690432846546173,
                -0.6071784496307373,
                0.4398816227912903
            ],
            "bot_in_world": [
                -0.4821549654006958,
                0.6192499399185181,
                0.0037979930639266968
            ],
            "path": "./prompt_files/data/put_a_teaspoon_in_the_bowl/subtask_14/seg_instance4_detect_surroundings.png"
        },
        "scene_graph": [],
        "inventory": []
    },
    "5_detect_surroundings": {
        "bottom_cabinet_no_top_qudfwe_0": {
            "ability": [
                [
                    "openable",
                    0
                ],
                [
                    "heatable",
                    0
                ],
                [
                    "freezable",
                    0
                ]
            ],
            "position_in_bot": {
                "rho": 1.301717104281273,
                "theta_deg": -74.98540939051706,
                "phi_deg": 71.05518362410663
            },
            "orientation_in_bot": [
                0.021923339575732732,
                -0.0026358021740195484,
                0.9921487978163032,
                -0.12309826448984161
            ],
            "position_in_world": [
                -0.4690432846546173,
                -0.6071784496307373,
                0.4398816227912903
            ],
            "bot_in_world": [
                -0.4821549654006958,
                0.6192499399185181,
                0.0037979930639266968
            ],
            "path": "./prompt_files/data/put_a_teaspoon_in_the_bowl/subtask_14/seg_instance5_detect_surroundings.png"
        },
        "scene_graph": [],
        "inventory": []
    },