{
    "task": "buy_a_air_conditioner",
    "0_detect_surroundings": {
        "shopping_cart_kmgltg_1": {
            "ability": [
                [
                    "heatable",
                    0
                ],
                [
                    "freezable",
                    0
                ]
            ],
            "position_in_bot": {
                "rho": 147.58263000830297,
                "theta_deg": 19.012756683414512,
                "phi_deg": 2.4669241707208798
            },
            "orientation_in_bot": [
                -0.001774162873793523,
                0.019579233868796658,
                0.0707515028571562,
                0.997300220991985
            ],
            "position_in_world": [
                3.391177177429199,
                -0.5582025051116943,
                0.43117740750312805
            ],
            "bot_in_world": [
                3.3911216259002686,
                -1.8382216691970825,
                -147.14590454101562
            ],
            "path": "./prompt_files/data/buy_a_air_conditioner/subtask_4/seg_instance0_detect_surroundings.png"
        },
        "checkout_counter_sckdal_0": {
            "ability": [
                [
                    "heatable",
                    0
                ],
                [
                    "freezable",
                    0
                ]
            ],
            "position_in_bot": {
                "rho": 147.74565192388985,
                "theta_deg": 54.93275342029473,
                "phi_deg": 2.0347825384275304
            },
            "orientation_in_bot": [
                0.9972710451502363,
                0.07073582556007886,
                -0.021104409558119454,
                0.001228570100808927
            ],
            "position_in_world": [
                0.7368888761418364,
                2.0660888102035844,
                0.5243021984952884
            ],
            "bot_in_world": [
                3.3911216259002686,
                -1.8382216691970825,
                -147.14590454101562
            ],
            "path": "./prompt_files/data/buy_a_air_conditioner/subtask_4/seg_instance0_detect_surroundings.png"
        },
        "ceiling_air_conditioner_143": {
            "ability": [
                [
                    "togglable",
                    0
                ],
                [
                    "heatable",
                    0
                ],
                [
                    "freezable",
                    0
                ]
            ],
            "position_in_bot": {
                "rho": 147.46896581494534,
                "theta_deg": 102.17350084840727,
                "phi_deg": 2.6268468390338495
            },
            "orientation_in_bot": [
                -0.01519603762625206,
                0.014361903657863986,
                -0.6169958908197031,
                0.786688557737676
            ],
            "position_in_world": [
                -3.313384771347046,
                4.982326030731201,
                0.012603465467691422
            ],
            "bot_in_world": [
                3.3911216259002686,
                -1.8382216691970825,
                -147.14590454101562
            ],
            "path": "./prompt_files/data/buy_a_air_conditioner/subtask_4/seg_instance0_detect_surroundings.png"
        },
        "money_142": {
            "ability": [
                [
                    "heatable",
                    0
                ],
                [
                    "freezable",
                    0
                ]
            ],
            "position_in_bot": {
                "rho": 147.55007300817095,
                "theta_deg": 18.48231196489955,
                "phi_deg": 2.4990117851541283
            },
            "orientation_in_bot": [
                -0.01050192709751875,
                0.004161770427004939,
                -0.40826796841837254,
                0.9127922300051016
            ],
            "position_in_world": [
                3.483302593231201,
                -0.6014155149459839,
                0.3989589512348175
            ],
            "bot_in_world": [
                3.3911216259002686,
                -1.8382216691970825,
                -147.14590454101562
            ],
            "path": "./prompt_files/data/buy_a_air_conditioner/subtask_4/seg_instance0_detect_surroundings.png"
        },
        "scene_graph": [
            [
                "money_142",
                "inside",
                "shopping_cart_kmgltg_1"
            ]
        ],
        "inventory": []
    },
    "1_detect_surroundings": {
        "shopping_cart_kmgltg_1": {
            "ability": [
                [
                    "heatable",
                    0
                ],
                [
                    "freezable",
                    0
                ]
            ],
            "position_in_bot": {
                "rho": 147.58263000830297,
                "theta_deg": 19.012756683414512,
                "phi_deg": 2.4669241707208798
            },
            "orientation_in_bot": [
                -0.001774162873793523,
                0.019579233868796658,
                0.0707515028571562,
                0.997300220991985
            ],
            "position_in_world": [
                3.391177177429199,
                -0.5582025051116943,
                0.43117740750312805
            ],
            "bot_in_world": [
                3.3911216259002686,
                -1.8382216691970825,
                -147.14590454101562
            ],
            "path": "./prompt_files/data/buy_a_air_conditioner/subtask_4/seg_instance1_detect_surroundings.png"
        },
        "checkout_counter_sckdal_0": {
            "ability": [
                [
                    "heatable",
                    0
                ],
                [
                    "freezable",
                    0
                ]
            ],
            "position_in_bot": {
                "rho": 147.74565192388985,
                "theta_deg": 54.93275342029473,
                "phi_deg": 2.0347825384275304
            },
            "orientation_in_bot": [
                0.9972710451502363,
                0.07073582556007886,
                -0.021104409558119454,
                0.001228570100808927
            ],
            "position_in_world": [
                0.7368888761418364,
                2.0660888102035844,
                0.5243021984952884
            ],
            "bot_in_world": [
                3.3911216259002686,
                -1.8382216691970825,
                -147.14590454101562
            ],
            "path": "./prompt_files/data/buy_a_air_conditioner/subtask_4/seg_instance1_detect_surroundings.png"
        },
        "ceiling_air_conditioner_143": {
            "ability": [
                [
                    "togglable",
                    0
                ],
                [
                    "heatable",
                    0
                ],
                [
                    "freezable",
                    0
                ]
            ],
            "position_in_bot": {
                "rho": 147.46896581494534,
                "theta_deg": 102.17350084840727,
                "phi_deg": 2.6268468390338495
            },
            "orientation_in_bot": [
                -0.01519603762625206,
                0.014361903657863986,
                -0.6169958908197031,
                0.786688557737676
            ],
            "position_in_world": [
                -3.313384771347046,
                4.982326030731201,
                0.012603465467691422
            ],
            "bot_in_world": [
                3.3911216259002686,
                -1.8382216691970825,
                -147.14590454101562
            ],