{
    "task": "dispose_of_water_bottle",
    "0_detect_surroundings": {
        "recycling_bin_278": {
            "ability": [
                [
                    "openable",
                    0
                ],
                [
                    "heatable",
                    0
                ],
                [
                    "freezable",
                    0
                ]
            ],
            "position_in_bot": {
                "rho": 1.2507306757663912,
                "theta_deg": 87.661742211634,
                "phi_deg": 95.96798729821087
            },
            "orientation_in_bot": [
                0.04563752362140069,
                0.7105610316877958,
                0.044996690516319944,
                0.7007107352731652
            ],
            "position_in_world": [
                -10.521559715270996,
                0.31537672877311707,
                0.34151536226272583
            ],
            "bot_in_world": [
                -11.75821590423584,
                0.13580143451690674,
                0.28896597027778625
            ],
            "path": "./prompt_files/data/dispose_of_water_bottle/subtask_8/seg_instance0_detect_surroundings.png"
        },
        "water_bottle_275": {
            "ability": [
                [
                    "heatable",
                    0
                ],
                [
                    "freezable",
                    0
                ]
            ],
            "position_in_bot": {
                "rho": 1.2460125928812147,
                "theta_deg": 87.28600751531876,
                "phi_deg": 96.47606752110126
            },
            "orientation_in_bot": [
                0.6072557552136629,
                -0.12200610468553127,
                0.18885147133772653,
                0.7620302355897193
            ],
            "position_in_world": [
                -10.525064468383789,
                0.3037797510623932,
                0.3495319187641144
            ],
            "bot_in_world": [
                -11.75821590423584,
                0.13580143451690674,
                0.28896597027778625
            ],
            "path": "./prompt_files/data/dispose_of_water_bottle/subtask_8/seg_instance0_detect_surroundings.png"
        },
        "lawn_uinmme_0": {
            "ability": [
                [
                    "heatable",
                    0
                ],
                [
                    "freezable",
                    0
                ]
            ],
            "position_in_bot": {
                "rho": 2.888453884009238,
                "theta_deg": 102.86151788914194,
                "phi_deg": 64.72761778259445
            },
            "orientation_in_bot": [
                0.43737876361794154,
                0.5618542516857223,
                0.4313088231834828,
                0.5540688730138131
            ],
            "position_in_world": [
                -9.590114744188744,
                1.948030992984771,
                -0.30963798338357024
            ],
            "bot_in_world": [
                -11.75821590423584,
                0.13580143451690674,
                0.28896597027778625
            ],
            "path": "./prompt_files/data/dispose_of_water_bottle/subtask_8/seg_instance0_detect_surroundings.png"
        },
        "scene_graph": [
            [
                "recycling_bin_278",
                "inside",
                "water_bottle_275"
            ],
            [
                "recycling_bin_278",
                "ontop",
                "lawn_uinmme_0"
            ],
            [
                "water_bottle_275",
                "inside",
                "recycling_bin_278"
            ]
        ],
        "inventory": []
    },
    "1_detect_surroundings": {
        "recycling_bin_278": {
            "ability": [
                [
                    "openable",
                    0
                ],
                [
                    "heatable",
                    0
                ],
                [
                    "freezable",
                    0
                ]
            ],
            "position_in_bot": {
                "rho": 1.2507306757663912,
                "theta_deg": 87.661742211634,
                "phi_deg": 95.96798729821087
            },
            "orientation_in_bot": [
                0.04563752362140069,
                0.7105610316877958,
                0.044996690516319944,
                0.7007107352731652
            ],
            "position_in_world": [
                -10.521559715270996,
                0.31537672877311707,
                0.34151536226272583
            ],
            "bot_in_world": [
                -11.75821590423584,
                0.13580143451690674,
                0.28896597027778625
            ],
            "path": "./prompt_files/data/dispose_of_water_bottle/subtask_8/seg_instance1_detect_surroundings.png"
        },
        "water_bottle_275": {
            "ability": [
                [
                    "heatable",
                    0
                ],
                [
                    "freezable",
                    0
                ]
            ],
            "position_in_bot": {
                "rho": 1.2460125928812147,
                "theta_deg": 87.28600751531876,
                "phi_deg": 96.47606752110126
            },
            "orientation_in_bot": [
                0.6072557552136629,
                -0.12200610468553127,
                0.18885147133772653,
                0.7620302355897193
            ],
            "position_in_world": [
                -10.525064468383789,
                0.3037797510623932,
                0.3495319187641144
            ],
            "bot_in_world": [
                -11.75821590423584,
                0.13580143451690674,
                0.28896597027778625
            ],
            "path": "./prompt_files/data/dispose_of_water_bottle/subtask_8/seg_instance1_detect_surroundings.png"
        },
        "lawn_uinmme_0": {
            "ability": [
                [
                    "heatable",
                    0
                ],
                [
                    "freezable",
                    0
                ]
            ],
            "position_in_bot": {
                "rho": 2.888453884009238,
                "theta_deg": 102.86151788914194,
                "phi_deg": 64.72761778259445
            },
            "orientation_in_bot": [
                0.43737876361794154,
                0.5618542516857223,
                0.4313088231834828,
                0.5540688730138131
            ],
            "position_in_world": [
                -9.590114744188744,
                1.948030992984771,
                -0.30963798338357024
            ],
            "bot_in_world": [
                -11.75821590423584,
                0.13580143451690674,
                0.28896597027778625
            ],
            "path": "./prompt_files/data/dispose_of_water_bottle/subtask_8/seg_instance1_detect_surroundings.png"
        },
        "scene_graph": [
            [
                "recycling_bin_278",
                "inside",
                "water_bottle_275"
            ],
            [
                "recycling_bin_278",
                "ontop",
                "lawn_uinmme_0"
            ],
            [
                "water_bottle_275",
                "inside",
                "recycling_bin_278"
            ]
        ],
        "inventory": []
    },
    "2_detect_surroundings": {
        "recycling_bin_278": {
            "ability": [
                [
                    "openable",
                    0
                ],
                [
                    "heatable",
                    0
                ],
                [
                    "freezable",
                    0
                ]
            ],