{
    "task": "put_a_teaspoon_in_the_bowl",
    "0_detect_surroundings": {
        "bottom_cabinet_no_top_qudfwe_0": {
            "ability": [
                [
                    "openable",
                    0
                ],
                [
                    "heatable",
                    0
                ],
                [
                    "freezable",
                    0
                ]
            ],
            "position_in_bot": {
                "rho": 1.5141530042491296,
                "theta_deg": -32.40279714857632,
                "phi_deg": 75.38836403858804
            },
            "orientation_in_bot": [
                0.021913283629509898,
                -0.0026912440351764587,
                0.9918744556724279,
                -0.12529018074310824
            ],
            "position_in_world": [
                -0.4690432846546173,
                -0.6071784496307373,
                0.4398816227912903
            ],
            "bot_in_world": [
                -1.4655739068984985,
                0.44610893726348877,
                0.0037947893142700195
            ],
            "path": "./prompt_files/data/put_a_teaspoon_in_the_bowl/subtask_6/seg_instance0_detect_surroundings.png"
        },
        "scene_graph": [],
        "inventory": []
    },
    "1_detect_surroundings": {
        "bottom_cabinet_no_top_qudfwe_0": {
            "ability": [
                [
                    "openable",
                    0
                ],
                [
                    "heatable",
                    0
                ],
                [
                    "freezable",
                    0
                ]
            ],
            "position_in_bot": {
                "rho": 1.5141530042491296,
                "theta_deg": -32.40279714857632,
                "phi_deg": 75.38836403858804
            },
            "orientation_in_bot": [
                0.021913283629509898,
                -0.0026912440351764587,
                0.9918744556724279,
                -0.12529018074310824
            ],
            "position_in_world": [
                -0.4690432846546173,
                -0.6071784496307373,
                0.4398816227912903
            ],
            "bot_in_world": [
                -1.4655739068984985,
                0.44610893726348877,
                0.0037947893142700195
            ],
            "path": "./prompt_files/data/put_a_teaspoon_in_the_bowl/subtask_6/seg_instance1_detect_surroundings.png"
        },
        "scene_graph": [],
        "inventory": []
    },
    "2_detect_surroundings": {
        "bottom_cabinet_no_top_qudfwe_0": {
            "ability": [
                [
                    "openable",
                    0
                ],
                [
                    "heatable",
                    0
                ],
                [
                    "freezable",
                    0
                ]
            ],
            "position_in_bot": {
                "rho": 1.5141530042491296,
                "theta_deg": -32.40279714857632,
                "phi_deg": 75.38836403858804
            },
            "orientation_in_bot": [
                0.021913283629509898,
                -0.0026912440351764587,
                0.9918744556724279,
                -0.12529018074310824
            ],
            "position_in_world": [
                -0.4690432846546173,
                -0.6071784496307373,
                0.4398816227912903
            ],
            "bot_in_world": [
                -1.4655739068984985,
                0.44610893726348877,
                0.0037947893142700195
            ],
            "path": "./prompt_files/data/put_a_teaspoon_in_the_bowl/subtask_6/seg_instance2_detect_surroundings.png"
        },
        "scene_graph": [],
        "inventory": []
    },
    "3_detect_surroundings": {
        "bottom_cabinet_no_top_qudfwe_0": {
            "ability": [
                [
                    "openable",
                    0
                ],
                [
                    "heatable",
                    0
                ],
                [
                    "freezable",
                    0
                ]
            ],
            "position_in_bot": {
                "rho": 1.5141530042491296,
                "theta_deg": -32.40279714857632,
                "phi_deg": 75.38836403858804
            },
            "orientation_in_bot": [
                0.021913283629509898,
                -0.0026912440351764587,
                0.9918744556724279,
                -0.12529018074310824
            ],
            "position_in_world": [
                -0.4690432846546173,
                -0.6071784496307373,
                0.4398816227912903
            ],
            "bot_in_world": [
                -1.4655739068984985,
                0.44610893726348877,
                0.0037947893142700195
            ],
            "path": "./prompt_files/data/put_a_teaspoon_in_the_bowl/subtask_6/seg_instance3_detect_surroundings.png"
        },
        "scene_graph": [],
        "inventory": []
    },
    "4_detect_surroundings": {
        "bottom_cabinet_no_top_qudfwe_0": {
            "ability": [
                [
                    "openable",
                    0
                ],
                [
                    "heatable",
                    0
                ],
                [
                    "freezable",
                    0
                ]
            ],
            "position_in_bot": {
                "rho": 1.5141530042491296,
                "theta_deg": -32.40279714857632,
                "phi_deg": 75.38836403858804
            },
            "orientation_in_bot": [
                0.021913283629509898,
                -0.0026912440351764587,
                0.9918744556724279,
                -0.12529018074310824
            ],
            "position_in_world": [
                -0.4690432846546173,
                -0.6071784496307373,
                0.4398816227912903
            ],
            "bot_in_world": [
                -1.4655739068984985,
                0.44610893726348877,
                0.0037947893142700195
            ],
            "path": "./prompt_files/data/put_a_teaspoon_in_the_bowl/subtask_6/seg_instance4_detect_surroundings.png"
        },
        "scene_graph": [],
        "inventory": []
    },
    "5_detect_surroundings": {
        "bottom_cabinet_no_top_qudfwe_0": {
            "ability": [
                [
                    "openable",
                    0
                ],
                [
                    "heatable",
                    0
                ],
                [
                    "freezable",
                    0
                ]
            ],
            "position_in_bot": {
                "rho": 1.5141530042491296,
                "theta_deg": -32.40279714857632,
                "phi_deg": 75.38836403858804
            },
            "orientation_in_bot": [
                0.021913283629509898,
                -0.0026912440351764587,
                0.9918744556724279,
                -0.12529018074310824
            ],
            "position_in_world": [
                -0.4690432846546173,
                -0.6071784496307373,
                0.4398816227912903
            ],
            "bot_in_world": [
                -1.4655739068984985,
                0.44610893726348877,
                0.0037947893142700195
            ],
            "path": "./prompt_files/data/put_a_teaspoon_in_the_bowl/subtask_6/seg_instance5_detect_surroundings.png"
        },
        "scene_graph": [],
        "inventory": []
    },