{
    "task": "put_a_teaspoon_in_the_bowl",
    "0_detect_surroundings": {
        "bottom_cabinet_no_top_qudfwe_0": {
            "ability": [
                [
                    "openable",
                    1
                ],
                [
                    "heatable",
                    0
                ],
                [
                    "freezable",
                    0
                ]
            ],
            "position_in_bot": {
                "rho": 1.3013223891235322,
                "theta_deg": -74.88442913997166,
                "phi_deg": 71.05331249167412
            },
            "orientation_in_bot": [
                0.021920498560330796,
                -0.0026630240156951973,
                0.9919926238077375,
                -0.12435044976597033
            ],
            "position_in_world": [
                -0.4690432846546173,
                -0.6071784496307373,
                0.4398816227912903
            ],
            "bot_in_world": [
                -0.4812200367450714,
                0.6188408136367798,
                0.003798574209213257
            ],
            "path": "./prompt_files/data/put_a_teaspoon_in_the_bowl/subtask_13/seg_instance0_detect_surroundings.png"
        },
        "scene_graph": [],
        "inventory": []
    },
    "1_detect_surroundings": {
        "bottom_cabinet_no_top_qudfwe_0": {
            "ability": [
                [
                    "openable",
                    1
                ],
                [
                    "heatable",
                    0
                ],
                [
                    "freezable",
                    0
                ]
            ],
            "position_in_bot": {
                "rho": 1.3013223891235322,
                "theta_deg": -74.88442913997166,
                "phi_deg": 71.05331249167412
            },
            "orientation_in_bot": [
                0.021920498560330796,
                -0.0026630240156951973,
                0.9919926238077375,
                -0.12435044976597033
            ],
            "position_in_world": [
                -0.4690432846546173,
                -0.6071784496307373,
                0.4398816227912903
            ],
            "bot_in_world": [
                -0.4812200367450714,
                0.6188408136367798,
                0.003798574209213257
            ],
            "path": "./prompt_files/data/put_a_teaspoon_in_the_bowl/subtask_13/seg_instance1_detect_surroundings.png"
        },
        "scene_graph": [],
        "inventory": []
    },
    "2_detect_surroundings": {
        "bottom_cabinet_no_top_qudfwe_0": {
            "ability": [
                [
                    "openable",
                    1
                ],
                [
                    "heatable",
                    0
                ],
                [
                    "freezable",
                    0
                ]
            ],
            "position_in_bot": {
                "rho": 1.3013223891235322,
                "theta_deg": -74.88442913997166,
                "phi_deg": 71.05331249167412
            },
            "orientation_in_bot": [
                0.021920498560330796,
                -0.0026630240156951973,
                0.9919926238077375,
                -0.12435044976597033
            ],
            "position_in_world": [
                -0.4690432846546173,
                -0.6071784496307373,
                0.4398816227912903
            ],
            "bot_in_world": [
                -0.4812200367450714,
                0.6188408136367798,
                0.003798574209213257
            ],
            "path": "./prompt_files/data/put_a_teaspoon_in_the_bowl/subtask_13/seg_instance2_detect_surroundings.png"
        },
        "scene_graph": [],
        "inventory": []
    },
    "3_detect_surroundings": {
        "bottom_cabinet_no_top_qudfwe_0": {
            "ability": [
                [
                    "openable",
                    1
                ],
                [
                    "heatable",
                    0
                ],
                [
                    "freezable",
                    0
                ]
            ],
            "position_in_bot": {
                "rho": 1.3013223891235322,
                "theta_deg": -74.88442913997166,
                "phi_deg": 71.05331249167412
            },
            "orientation_in_bot": [
                0.021920498560330796,
                -0.0026630240156951973,
                0.9919926238077375,
                -0.12435044976597033
            ],
            "position_in_world": [
                -0.4690432846546173,
                -0.6071784496307373,
                0.4398816227912903
            ],
            "bot_in_world": [
                -0.4812200367450714,
                0.6188408136367798,
                0.003798574209213257
            ],
            "path": "./prompt_files/data/put_a_teaspoon_in_the_bowl/subtask_13/seg_instance3_detect_surroundings.png"
        },
        "scene_graph": [],
        "inventory": []
    },
    "4_detect_surroundings": {
        "bottom_cabinet_no_top_qudfwe_0": {
            "ability": [
                [
                    "openable",
                    1
                ],
                [
                    "heatable",
                    0
                ],
                [
                    "freezable",
                    0
                ]
            ],
            "position_in_bot": {
                "rho": 1.3013223891235322,
                "theta_deg": -74.88442913997166,
                "phi_deg": 71.05331249167412
            },
            "orientation_in_bot": [
                0.021920498560330796,
                -0.0026630240156951973,
                0.9919926238077375,
                -0.12435044976597033
            ],
            "position_in_world": [
                -0.4690432846546173,
                -0.6071784496307373,
                0.4398816227912903
            ],
            "bot_in_world": [
                -0.4812200367450714,
                0.6188408136367798,
                0.003798574209213257
            ],
            "path": "./prompt_files/data/put_a_teaspoon_in_the_bowl/subtask_13/seg_instance4_detect_surroundings.png"
        },
        "scene_graph": [],
        "inventory": []
    },
    "5_detect_surroundings": {
        "bottom_cabinet_no_top_qudfwe_0": {
            "ability": [
                [
                    "openable",
                    1
                ],
                [
                    "heatable",
                    0
                ],
                [
                    "freezable",
                    0
                ]
            ],
            "position_in_bot": {
                "rho": 1.3013223891235322,
                "theta_deg": -74.88442913997166,
                "phi_deg": 71.05331249167412
            },
            "orientation_in_bot": [
                0.021920498560330796,
                -0.0026630240156951973,
                0.9919926238077375,
                -0.12435044976597033
            ],
            "position_in_world": [
                -0.4690432846546173,
                -0.6071784496307373,
                0.4398816227912903
            ],
            "bot_in_world": [
                -0.4812200367450714,
                0.6188408136367798,
                0.003798574209213257
            ],
            "path": "./prompt_files/data/put_a_teaspoon_in_the_bowl/subtask_13/seg_instance5_detect_surroundings.png"
        },
        "scene_graph": [],
        "inventory": []
    },