{
    "task": "place_towel_on_the_floor",
    "0_detect_surroundings": {
        "hand_towel_84": {
            "ability": [
                [
                    "heatable",
                    0
                ],
                [
                    "freezable",
                    0
                ],
                [
                    "unfoldable",
                    1
                ],
                [
                    "foldable",
                    0
                ]
            ],
            "position_in_bot": {
                "rho": 3.2473464090000657,
                "theta_deg": 136.38904292812325,
                "phi_deg": 87.52133462424489
            },
            "orientation_in_bot": [
                0.017801600423118336,
                -0.012995424056070912,
                0.8057282159102283,
                -0.5918752098729082
            ],
            "position_in_world": [
                -0.16616302951240491,
                -4.664251044032816,
                0.041849355573183374
            ],
            "bot_in_world": [
                -0.7548068761825562,
                -7.8575849533081055,
                0.004774555563926697
            ],
            "path": "./prompt_files/data/place_towel_on_the_floor/subtask_1/seg_instance0_detect_surroundings.png"
        },
        "scene_graph": [],
        "inventory": []
    },
    "1_detect_surroundings": {
        "hand_towel_84": {
            "ability": [
                [
                    "heatable",
                    0
                ],
                [
                    "freezable",
                    0
                ],
                [
                    "unfoldable",
                    1
                ],
                [
                    "foldable",
                    0
                ]
            ],
            "position_in_bot": {
                "rho": 3.2473464090000657,
                "theta_deg": 136.38904292812325,
                "phi_deg": 87.52133462424489
            },
            "orientation_in_bot": [
                0.017801600423118336,
                -0.012995424056070912,
                0.8057282159102283,
                -0.5918752098729082
            ],
            "position_in_world": [
                -0.16616302951240491,
                -4.664251044032816,
                0.041849355573183374
            ],
            "bot_in_world": [
                -0.7548068761825562,
                -7.8575849533081055,
                0.004774555563926697
            ],
            "path": "./prompt_files/data/place_towel_on_the_floor/subtask_1/seg_instance1_detect_surroundings.png"
        },
        "scene_graph": [],
        "inventory": []
    },
    "2_detect_surroundings": {
        "hand_towel_84": {
            "ability": [
                [
                    "heatable",
                    0
                ],
                [
                    "freezable",
                    0
                ],
                [
                    "unfoldable",
                    1
                ],
                [
                    "foldable",
                    0
                ]
            ],
            "position_in_bot": {
                "rho": 3.2473464090000657,
                "theta_deg": 136.38904292812325,
                "phi_deg": 87.52133462424489
            },
            "orientation_in_bot": [
                0.017801600423118336,
                -0.012995424056070912,
                0.8057282159102283,
                -0.5918752098729082
            ],
            "position_in_world": [
                -0.16616302951240491,
                -4.664251044032816,
                0.041849355573183374
            ],
            "bot_in_world": [
                -0.7548068761825562,
                -7.8575849533081055,
                0.004774555563926697
            ],
            "path": "./prompt_files/data/place_towel_on_the_floor/subtask_1/seg_instance2_detect_surroundings.png"
        },
        "scene_graph": [],
        "inventory": []
    },
    "3_detect_surroundings": {
        "hand_towel_84": {
            "ability": [
                [
                    "heatable",
                    0
                ],
                [
                    "freezable",
                    0
                ],
                [
                    "unfoldable",
                    1
                ],
                [
                    "foldable",
                    0
                ]
            ],
            "position_in_bot": {
                "rho": 3.2473464090000657,
                "theta_deg": 136.38904292812325,
                "phi_deg": 87.52133462424489
            },
            "orientation_in_bot": [
                0.017801600423118336,
                -0.012995424056070912,
                0.8057282159102283,
                -0.5918752098729082
            ],
            "position_in_world": [
                -0.16616302951240491,
                -4.664251044032816,
                0.041849355573183374
            ],
            "bot_in_world": [
                -0.7548068761825562,
                -7.8575849533081055,
                0.004774555563926697
            ],
            "path": "./prompt_files/data/place_towel_on_the_floor/subtask_1/seg_instance3_detect_surroundings.png"
        },
        "scene_graph": [],
        "inventory": []
    },
    "4_detect_surroundings": {
        "hand_towel_84": {
            "ability": [
                [
                    "heatable",
                    0
                ],
                [
                    "freezable",
                    0
                ],
                [
                    "unfoldable",
                    1
                ],
                [
                    "foldable",
                    0
                ]
            ],
            "position_in_bot": {
                "rho": 3.2473464090000657,
                "theta_deg": 136.38904292812325,
                "phi_deg": 87.52133462424489
            },
            "orientation_in_bot": [
                0.017801600423118336,
                -0.012995424056070912,
                0.8057282159102283,
                -0.5918752098729082
            ],
            "position_in_world": [
                -0.16616302951240491,
                -4.664251044032816,
                0.041849355573183374
            ],
            "bot_in_world": [
                -0.7548068761825562,
                -7.8575849533081055,
                0.004774555563926697
            ],
            "path": "./prompt_files/data/place_towel_on_the_floor/subtask_1/seg_instance4_detect_surroundings.png"
        },
        "scene_graph": [],
        "inventory": []
    },
    "5_detect_surroundings": {
        "hand_towel_84": {
            "ability": [
                [
                    "heatable",
                    0
                ],
                [
                    "freezable",
                    0
                ],
                [
                    "unfoldable",
                    1
                ],
                [
                    "foldable",
                    0
                ]
            ],
            "position_in_bot": {
                "rho": 3.2473464090000657,
                "theta_deg": 136.38904292812325,
                "phi_deg": 87.52133462424489
            },
            "orientation_in_bot": [
                0.017801600423118336,
                -0.012995424056070912,
                0.8057282159102283,
                -0.5918752098729082
            ],
            "position_in_world": [
                -0.16616302951240491,
                -4.664251044032816,
                0.041849355573183374
            ],
            "bot_in_world": [
                -0.7548068761825562,
                -7.8575849533081055,
                0.004774555563926697
            ],