{
    "task": "cook_a_frozen_pie",
    "0_detect_surroundings": {
        "cheese_tart_188": {
            "ability": [
                [
                    "heatable",
                    0
                ],
                [
                    "freezable",
                    1
                ],
                [
                    "burnable",
                    0
                ],
                [
                    "cookable",
                    1
                ]
            ],
            "position_in_bot": {
                "rho": 1.4373845078353278,
                "theta_deg": -27.162486860821442,
                "phi_deg": 68.4213558829002
            },
            "orientation_in_bot": [
                0.003432964444140242,
                0.021530272948077717,
                0.20867896639237282,
                0.9777411472814864
            ],
            "position_in_world": [
                -6.85243034362793,
                -1.7942537069320679,
                0.8291825652122498
            ],
            "bot_in_world": [
                -6.8461012840271,
                -0.47850340604782104,
                0.25053298473358154
            ],
            "path": "./prompt_files/data/cook_a_frozen_pie/subtask_13/seg_instance0_detect_surroundings.png"
        },
        "oven_wuinhm_0": {
            "ability": [
                [
                    "openable",
                    1
                ],
                [
                    "togglable",
                    0
                ],
                [
                    "heatable",
                    0
                ],
                [
                    "freezable",
                    0
                ]
            ],
            "position_in_bot": {
                "rho": 1.7096539649268554,
                "theta_deg": 7.239626357899751,
                "phi_deg": 69.74078172087627
            },
            "orientation_in_bot": [
                0.010415381340300447,
                0.019160930509347186,
                0.5193085252402085,
                0.8543085122989188
            ],
            "position_in_world": [
                -5.947904109954834,
                -1.7742741107940674,
                0.911696195602417
            ],
            "bot_in_world": [
                -6.8461012840271,
                -0.47850340604782104,
                0.25053298473358154
            ],
            "path": "./prompt_files/data/cook_a_frozen_pie/subtask_13/seg_instance0_detect_surroundings.png"
        },
        "fridge_dszchb_0": {
            "ability": [
                [
                    "openable",
                    1
                ],
                [
                    "heatable",
                    0
                ],
                [
                    "freezable",
                    0
                ]
            ],
            "position_in_bot": {
                "rho": 1.4502217209035906,
                "theta_deg": -26.91892584589923,
                "phi_deg": 66.26052687948355
            },
            "orientation_in_bot": [
                0.010415381340300447,
                0.019160930509347186,
                0.5193085252402085,
                0.8543085122989188
            ],
            "position_in_world": [
                -6.848034381866455,
                -1.78300940990448,
                0.8840970396995544
            ],
            "bot_in_world": [
                -6.8461012840271,
                -0.47850340604782104,
                0.25053298473358154
            ],
            "path": "./prompt_files/data/cook_a_frozen_pie/subtask_13/seg_instance0_detect_surroundings.png"
        },
        "scene_graph": [
            [
                "cheese_tart_188",
                "inside",
                "fridge_dszchb_0"
            ]
        ],
        "inventory": []
    },
    "1_detect_surroundings": {
        "cheese_tart_188": {
            "ability": [
                [
                    "heatable",
                    0
                ],
                [
                    "freezable",
                    1
                ],
                [
                    "burnable",
                    0
                ],
                [
                    "cookable",
                    1
                ]
            ],
            "position_in_bot": {
                "rho": 1.4373845078353278,
                "theta_deg": -27.162486860821442,
                "phi_deg": 68.4213558829002
            },
            "orientation_in_bot": [
                0.003432964444140242,
                0.021530272948077717,
                0.20867896639237282,
                0.9777411472814864
            ],
            "position_in_world": [
                -6.85243034362793,
                -1.7942537069320679,
                0.8291825652122498
            ],
            "bot_in_world": [
                -6.8461012840271,
                -0.47850340604782104,
                0.25053298473358154
            ],
            "path": "./prompt_files/data/cook_a_frozen_pie/subtask_13/seg_instance1_detect_surroundings.png"
        },
        "oven_wuinhm_0": {
            "ability": [
                [
                    "openable",
                    1
                ],
                [
                    "togglable",
                    0
                ],
                [
                    "heatable",
                    0
                ],
                [
                    "freezable",
                    0
                ]
            ],
            "position_in_bot": {
                "rho": 1.7096539649268554,
                "theta_deg": 7.239626357899751,
                "phi_deg": 69.74078172087627
            },
            "orientation_in_bot": [
                0.010415381340300447,
                0.019160930509347186,
                0.5193085252402085,
                0.8543085122989188
            ],
            "position_in_world": [
                -5.947904109954834,
                -1.7742741107940674,
                0.911696195602417
            ],
            "bot_in_world": [
                -6.8461012840271,
                -0.47850340604782104,
                0.25053298473358154
            ],
            "path": "./prompt_files/data/cook_a_frozen_pie/subtask_13/seg_instance1_detect_surroundings.png"
        },
        "fridge_dszchb_0": {
            "ability": [
                [
                    "openable",
                    1
                ],
                [
                    "heatable",
                    0
                ],
                [
                    "freezable",
                    0
                ]
            ],
            "position_in_bot": {
                "rho": 1.4502217209035906,
                "theta_deg": -26.91892584589923,
                "phi_deg": 66.26052687948355
            },
            "orientation_in_bot": [
                0.010415381340300447,
                0.019160930509347186,
                0.5193085252402085,
                0.8543085122989188
            ],
            "position_in_world": [
                -6.848034381866455,
                -1.78300940990448,
                0.8840970396995544
            ],
            "bot_in_world": [
                -6.8461012840271,
                -0.47850340604782104,
                0.25053298473358154
            ],
            "path": "./prompt_files/data/cook_a_frozen_pie/subtask_13/seg_instance1_detect_surroundings.png"
        },
        "scene_graph": [
            [
                "cheese_tart_188",
                "inside",
                "fridge_dszchb_0"
            ]
        ],
        "inventory": []
    },