{
    "task": "cook_a_frozen_pie",
    "0_detect_surroundings": {
        "fridge_dszchb_0": {
            "ability": [
                [
                    "openable",
                    1
                ],
                [
                    "heatable",
                    0
                ],
                [
                    "freezable",
                    0
                ]
            ],
            "position_in_bot": {
                "rho": 1.6282746878967502,
                "theta_deg": -63.12795360912431,
                "phi_deg": 68.12877430290187
            },
            "orientation_in_bot": [
                0.010808999603643695,
                0.01902899232079588,
                0.5211971676390618,
                0.8531556572067276
            ],
            "position_in_world": [
                -6.848034381866455,
                -1.78300940990448,
                0.8840970396995544
            ],
            "bot_in_world": [
                -5.947330474853516,
                -0.5838109254837036,
                0.25011447072029114
            ],
            "path": "./prompt_files/data/cook_a_frozen_pie/subtask_6/seg_instance0_detect_surroundings.png"
        },
        "oven_wuinhm_0": {
            "ability": [
                [
                    "togglable",
                    0
                ],
                [
                    "openable",
                    0
                ],
                [
                    "heatable",
                    0
                ],
                [
                    "freezable",
                    0
                ]
            ],
            "position_in_bot": {
                "rho": 1.3619447009411025,
                "theta_deg": -26.54640366601449,
                "phi_deg": 63.13777377789488
            },
            "orientation_in_bot": [
                0.010808999603643695,
                0.01902899232079588,
                0.5211971676390618,
                0.8531556572067276
            ],
            "position_in_world": [
                -5.947904109954834,
                -1.7742741107940674,
                0.911696195602417
            ],
            "bot_in_world": [
                -5.947330474853516,
                -0.5838109254837036,
                0.25011447072029114
            ],
            "path": "./prompt_files/data/cook_a_frozen_pie/subtask_6/seg_instance0_detect_surroundings.png"
        },
        "cheese_tart_188": {
            "ability": [
                [
                    "heatable",
                    0
                ],
                [
                    "freezable",
                    1
                ],
                [
                    "burnable",
                    0
                ],
                [
                    "cookable",
                    0
                ]
            ],
            "position_in_bot": {
                "rho": 0.22045773019102274,
                "theta_deg": -30.85792159085305,
                "phi_deg": 174.5659707520595
            },
            "orientation_in_bot": [
                0.0010472878230707071,
                0.021578038775912158,
                0.0024452917872031196,
                0.9997636280535895
            ],
            "position_in_world": [
                -5.944032669067383,
                -0.6130309700965881,
                0.03162664920091629
            ],
            "bot_in_world": [
                -5.947330474853516,
                -0.5838109254837036,
                0.25011447072029114
            ],
            "path": "./prompt_files/data/cook_a_frozen_pie/subtask_6/seg_instance0_detect_surroundings.png"
        },
        "scene_graph": [],
        "inventory": [
            "cheese_tart_188"
        ]
    },
    "1_detect_surroundings": {
        "fridge_dszchb_0": {
            "ability": [
                [
                    "openable",
                    1
                ],
                [
                    "heatable",
                    0
                ],
                [
                    "freezable",
                    0
                ]
            ],
            "position_in_bot": {
                "rho": 1.6282746878967502,
                "theta_deg": -63.12795360912431,
                "phi_deg": 68.12877430290187
            },
            "orientation_in_bot": [
                0.010808999603643695,
                0.01902899232079588,
                0.5211971676390618,
                0.8531556572067276
            ],
            "position_in_world": [
                -6.848034381866455,
                -1.78300940990448,
                0.8840970396995544
            ],
            "bot_in_world": [
                -5.947330474853516,
                -0.5838109254837036,
                0.25011447072029114
            ],
            "path": "./prompt_files/data/cook_a_frozen_pie/subtask_6/seg_instance1_detect_surroundings.png"
        },
        "oven_wuinhm_0": {
            "ability": [
                [
                    "togglable",
                    0
                ],
                [
                    "openable",
                    0
                ],
                [
                    "heatable",
                    0
                ],
                [
                    "freezable",
                    0
                ]
            ],
            "position_in_bot": {
                "rho": 1.3619447009411025,
                "theta_deg": -26.54640366601449,
                "phi_deg": 63.13777377789488
            },
            "orientation_in_bot": [
                0.010808999603643695,
                0.01902899232079588,
                0.5211971676390618,
                0.8531556572067276
            ],
            "position_in_world": [
                -5.947904109954834,
                -1.7742741107940674,
                0.911696195602417
            ],
            "bot_in_world": [
                -5.947330474853516,
                -0.5838109254837036,
                0.25011447072029114
            ],
            "path": "./prompt_files/data/cook_a_frozen_pie/subtask_6/seg_instance1_detect_surroundings.png"
        },
        "cheese_tart_188": {
            "ability": [
                [
                    "heatable",
                    0
                ],
                [
                    "freezable",
                    1
                ],
                [
                    "burnable",
                    0
                ],
                [
                    "cookable",
                    0
                ]
            ],
            "position_in_bot": {
                "rho": 0.22045773019102274,
                "theta_deg": -30.85792159085305,
                "phi_deg": 174.5659707520595
            },
            "orientation_in_bot": [
                0.0010472878230707071,
                0.021578038775912158,
                0.0024452917872031196,
                0.9997636280535895
            ],
            "position_in_world": [
                -5.944032669067383,
                -0.6130309700965881,
                0.03162664920091629
            ],
            "bot_in_world": [
                -5.947330474853516,
                -0.5838109254837036,
                0.25011447072029114
            ],
            "path": "./prompt_files/data/cook_a_frozen_pie/subtask_6/seg_instance1_detect_surroundings.png"
        },
        "scene_graph": [],
        "inventory": [
            "cheese_tart_188"
        ]
    },
    "2_detect_surroundings": {
        "fridge_dszchb_0": {
            "ability": [
                [
                    "openable",
                    1
                ],
                [
                    "heatable",
                    0
                ],
                [
                    "freezable",
                    0
                ]
            ],