{
    "task": "cook_a_frozen_pie",
    "0_detect_surroundings": {
        "cheese_tart_188": {
            "ability": [
                [
                    "heatable",
                    0
                ],
                [
                    "freezable",
                    1
                ],
                [
                    "burnable",
                    0
                ],
                [
                    "cookable",
                    0
                ]
            ],
            "position_in_bot": {
                "rho": 1.7887862416042586,
                "theta_deg": 8.475887506526863,
                "phi_deg": 68.1777900471439
            },
            "orientation_in_bot": [
                0.003414014178752385,
                0.024270778366354284,
                0.21536439530550927,
                0.9762261270112427
            ],
            "position_in_world": [
                -5.88970422744751,
                -1.797865390777588,
                0.987065851688385
            ],
            "bot_in_world": [
                -6.844844341278076,
                -0.47682297229766846,
                0.2506484389305115
            ],
            "path": "./prompt_files/data/cook_a_frozen_pie/subtask_6/seg_instance0_detect_surroundings.png"
        },
        "oven_wuinhm_0": {
            "ability": [
                [
                    "openable",
                    1
                ],
                [
                    "togglable",
                    0
                ],
                [
                    "heatable",
                    0
                ],
                [
                    "freezable",
                    0
                ]
            ],
            "position_in_bot": {
                "rho": 1.710223750926305,
                "theta_deg": 7.294009384172654,
                "phi_deg": 69.75518420999413
            },
            "orientation_in_bot": [
                0.010640212927064715,
                0.019081457018865294,
                0.520330608893363,
                0.8536853877837937
            ],
            "position_in_world": [
                -5.947904109954834,
                -1.7742741107940674,
                0.911696195602417
            ],
            "bot_in_world": [
                -6.844844341278076,
                -0.47682297229766846,
                0.2506484389305115
            ],
            "path": "./prompt_files/data/cook_a_frozen_pie/subtask_6/seg_instance0_detect_surroundings.png"
        },
        "fridge_dszchb_0": {
            "ability": [
                [
                    "openable",
                    1
                ],
                [
                    "heatable",
                    0
                ],
                [
                    "freezable",
                    0
                ]
            ],
            "position_in_bot": {
                "rho": 1.4516853145484456,
                "theta_deg": -26.847796640273046,
                "phi_deg": 66.3110244129881
            },
            "orientation_in_bot": [
                0.010640212927064715,
                0.019081457018865294,
                0.520330608893363,
                0.8536853877837937
            ],
            "position_in_world": [
                -6.848034381866455,
                -1.78300940990448,
                0.8840970396995544
            ],
            "bot_in_world": [
                -6.844844341278076,
                -0.47682297229766846,
                0.2506484389305115
            ],
            "path": "./prompt_files/data/cook_a_frozen_pie/subtask_6/seg_instance0_detect_surroundings.png"
        },
        "scene_graph": [
            [
                "cheese_tart_188",
                "inside",
                "oven_wuinhm_0"
            ]
        ],
        "inventory": []
    },
    "1_detect_surroundings": {
        "cheese_tart_188": {
            "ability": [
                [
                    "heatable",
                    0
                ],
                [
                    "freezable",
                    1
                ],
                [
                    "burnable",
                    0
                ],
                [
                    "cookable",
                    0
                ]
            ],
            "position_in_bot": {
                "rho": 1.7887862416042586,
                "theta_deg": 8.475887506526863,
                "phi_deg": 68.1777900471439
            },
            "orientation_in_bot": [
                0.003414014178752385,
                0.024270778366354284,
                0.21536439530550927,
                0.9762261270112427
            ],
            "position_in_world": [
                -5.88970422744751,
                -1.797865390777588,
                0.987065851688385
            ],
            "bot_in_world": [
                -6.844844341278076,
                -0.47682297229766846,
                0.2506484389305115
            ],
            "path": "./prompt_files/data/cook_a_frozen_pie/subtask_6/seg_instance1_detect_surroundings.png"
        },
        "oven_wuinhm_0": {
            "ability": [
                [
                    "openable",
                    1
                ],
                [
                    "togglable",
                    0
                ],
                [
                    "heatable",
                    0
                ],
                [
                    "freezable",
                    0
                ]
            ],
            "position_in_bot": {
                "rho": 1.710223750926305,
                "theta_deg": 7.294009384172654,
                "phi_deg": 69.75518420999413
            },
            "orientation_in_bot": [
                0.010640212927064715,
                0.019081457018865294,
                0.520330608893363,
                0.8536853877837937
            ],
            "position_in_world": [
                -5.947904109954834,
                -1.7742741107940674,
                0.911696195602417
            ],
            "bot_in_world": [
                -6.844844341278076,
                -0.47682297229766846,
                0.2506484389305115
            ],
            "path": "./prompt_files/data/cook_a_frozen_pie/subtask_6/seg_instance1_detect_surroundings.png"
        },
        "fridge_dszchb_0": {
            "ability": [
                [
                    "openable",
                    1
                ],
                [
                    "heatable",
                    0
                ],
                [
                    "freezable",
                    0
                ]
            ],
            "position_in_bot": {
                "rho": 1.4516853145484456,
                "theta_deg": -26.847796640273046,
                "phi_deg": 66.3110244129881
            },
            "orientation_in_bot": [
                0.010640212927064715,
                0.019081457018865294,
                0.520330608893363,
                0.8536853877837937
            ],
            "position_in_world": [
                -6.848034381866455,
                -1.78300940990448,
                0.8840970396995544
            ],
            "bot_in_world": [
                -6.844844341278076,
                -0.47682297229766846,
                0.2506484389305115
            ],
            "path": "./prompt_files/data/cook_a_frozen_pie/subtask_6/seg_instance1_detect_surroundings.png"
        },
        "scene_graph": [
            [
                "cheese_tart_188",
                "inside",
                "oven_wuinhm_0"
            ]
        ],
        "inventory": []
    },