{
    "task": "buy_a_air_conditioner",
    "0_detect_surroundings": {
        "shopping_cart_kmgltg_1": {
            "ability": [
                [
                    "heatable",
                    0
                ],
                [
                    "freezable",
                    0
                ]
            ],
            "position_in_bot": {
                "rho": 206.44139918516348,
                "theta_deg": 17.67555359105358,
                "phi_deg": 2.4400753197322733
            },
            "orientation_in_bot": [
                -0.002466080371840576,
                0.019387740190804435,
                0.0707393875460814,
                0.9973033505546338
            ],
            "position_in_world": [
                3.391177177429199,
                -0.5582025051116943,
                0.43117740750312805
            ],
            "bot_in_world": [
                3.3911142349243164,
                -1.838220477104187,
                -206.00625610351562
            ],
            "path": "./prompt_files/data/buy_a_air_conditioner/subtask_12/seg_instance0_detect_surroundings.png"
        },
        "checkout_counter_sckdal_0": {
            "ability": [
                [
                    "heatable",
                    0
                ],
                [
                    "freezable",
                    0
                ]
            ],
            "position_in_bot": {
                "rho": 206.58450800967245,
                "theta_deg": 42.27428522729563,
                "phi_deg": 2.017840776969467
            },
            "orientation_in_bot": [
                0.9972749100287006,
                0.07072280902019062,
                -0.02091291274380854,
                0.0019204666387980112
            ],
            "position_in_world": [
                0.7368888761418364,
                2.0660888102035844,
                0.5243021984952884
            ],
            "bot_in_world": [
                3.3911142349243164,
                -1.838220477104187,
                -206.00625610351562
            ],
            "path": "./prompt_files/data/buy_a_air_conditioner/subtask_12/seg_instance0_detect_surroundings.png"
        },
        "ceiling_air_conditioner_143": {
            "ability": [
                [
                    "togglable",
                    0
                ],
                [
                    "heatable",
                    0
                ],
                [
                    "freezable",
                    0
                ]
            ],
            "position_in_bot": {
                "rho": 206.24073207727483,
                "theta_deg": 82.54218931791372,
                "phi_deg": 2.0192934066755814
            },
            "orientation_in_bot": [
                -0.0155803467953034,
                0.013755518692783367,
                -0.6170078572653688,
                0.7866824915885879
            ],
            "position_in_world": [
                -3.313384771347046,
                4.982326030731201,
                0.012603465467691422
            ],
            "bot_in_world": [
                3.3911142349243164,
                -1.838220477104187,
                -206.00625610351562
            ],
            "path": "./prompt_files/data/buy_a_air_conditioner/subtask_12/seg_instance0_detect_surroundings.png"
        },
        "money_142": {
            "ability": [
                [
                    "heatable",
                    0
                ],
                [
                    "freezable",
                    0
                ]
            ],
            "position_in_bot": {
                "rho": 206.40893847932927,
                "theta_deg": 17.302849367121055,
                "phi_deg": 2.463363146505921
            },
            "orientation_in_bot": [
                -0.011021657408491273,
                0.003666381870500898,
                -0.4082717583529155,
                0.9127865314756611
            ],
            "position_in_world": [
                3.483302593231201,
                -0.6014155149459839,
                0.3989589512348175
            ],
            "bot_in_world": [
                3.3911142349243164,
                -1.838220477104187,
                -206.00625610351562
            ],
            "path": "./prompt_files/data/buy_a_air_conditioner/subtask_12/seg_instance0_detect_surroundings.png"
        },
        "scene_graph": [
            [
                "money_142",
                "inside",
                "shopping_cart_kmgltg_1"
            ]
        ],
        "inventory": []
    },
    "1_detect_surroundings": {
        "shopping_cart_kmgltg_1": {
            "ability": [
                [
                    "heatable",
                    0
                ],
                [
                    "freezable",
                    0
                ]
            ],
            "position_in_bot": {
                "rho": 206.44139918516348,
                "theta_deg": 17.67555359105358,
                "phi_deg": 2.4400753197322733
            },
            "orientation_in_bot": [
                -0.002466080371840576,
                0.019387740190804435,
                0.0707393875460814,
                0.9973033505546338
            ],
            "position_in_world": [
                3.391177177429199,
                -0.5582025051116943,
                0.43117740750312805
            ],
            "bot_in_world": [
                3.3911142349243164,
                -1.838220477104187,
                -206.00625610351562
            ],
            "path": "./prompt_files/data/buy_a_air_conditioner/subtask_12/seg_instance1_detect_surroundings.png"
        },
        "checkout_counter_sckdal_0": {
            "ability": [
                [
                    "heatable",
                    0
                ],
                [
                    "freezable",
                    0
                ]
            ],
            "position_in_bot": {
                "rho": 206.58450800967245,
                "theta_deg": 42.27428522729563,
                "phi_deg": 2.017840776969467
            },
            "orientation_in_bot": [
                0.9972749100287006,
                0.07072280902019062,
                -0.02091291274380854,
                0.0019204666387980112
            ],
            "position_in_world": [
                0.7368888761418364,
                2.0660888102035844,
                0.5243021984952884
            ],
            "bot_in_world": [
                3.3911142349243164,
                -1.838220477104187,
                -206.00625610351562
            ],
            "path": "./prompt_files/data/buy_a_air_conditioner/subtask_12/seg_instance1_detect_surroundings.png"
        },
        "ceiling_air_conditioner_143": {
            "ability": [
                [
                    "togglable",
                    0
                ],
                [
                    "heatable",
                    0
                ],
                [
                    "freezable",
                    0
                ]
            ],
            "position_in_bot": {
                "rho": 206.24073207727483,
                "theta_deg": 82.54218931791372,
                "phi_deg": 2.0192934066755814
            },
            "orientation_in_bot": [
                -0.0155803467953034,
                0.013755518692783367,
                -0.6170078572653688,
                0.7866824915885879
            ],
            "position_in_world": [
                -3.313384771347046,
                4.982326030731201,
                0.012603465467691422
            ],
            "bot_in_world": [
                3.3911142349243164,
                -1.838220477104187,
                -206.00625610351562
            ],