{
    "task": "put_a_rubbish_on_the_floor",
    "0_detect_surroundings": {
        "bag_of_rubbish_276": {
            "ability": [
                [
                    "heatable",
                    0
                ],
                [
                    "freezable",
                    0
                ]
            ],
            "position_in_bot": {
                "rho": 1.6639437625237476,
                "theta_deg": 100.30932814558241,
                "phi_deg": 81.5287038016187
            },
            "orientation_in_bot": [
                0.5392270367451223,
                0.5910334456230355,
                -0.06974561550686721,
                0.5958600658842689
            ],
            "position_in_world": [
                4.831146240234375,
                4.7255048751831055,
                0.2207283079624176
            ],
            "bot_in_world": [
                3.8483426570892334,
                3.4007482528686523,
                0.0020372122526168823
            ],
            "path": "./prompt_files/data/put_a_rubbish_on_the_floor/subtask_1/seg_instance0_detect_surroundings.png"
        },
        "scene_graph": [],
        "inventory": []
    },
    "1_detect_surroundings": {
        "bag_of_rubbish_276": {
            "ability": [
                [
                    "heatable",
                    0
                ],
                [
                    "freezable",
                    0
                ]
            ],
            "position_in_bot": {
                "rho": 1.6639437625237476,
                "theta_deg": 100.30932814558241,
                "phi_deg": 81.5287038016187
            },
            "orientation_in_bot": [
                0.5392270367451223,
                0.5910334456230355,
                -0.06974561550686721,
                0.5958600658842689
            ],
            "position_in_world": [
                4.831146240234375,
                4.7255048751831055,
                0.2207283079624176
            ],
            "bot_in_world": [
                3.8483426570892334,
                3.4007482528686523,
                0.0020372122526168823
            ],
            "path": "./prompt_files/data/put_a_rubbish_on_the_floor/subtask_1/seg_instance1_detect_surroundings.png"
        },
        "scene_graph": [],
        "inventory": []
    },
    "2_detect_surroundings": {
        "bag_of_rubbish_276": {
            "ability": [
                [
                    "heatable",
                    0
                ],
                [
                    "freezable",
                    0
                ]
            ],
            "position_in_bot": {
                "rho": 1.6639437625237476,
                "theta_deg": 100.30932814558241,
                "phi_deg": 81.5287038016187
            },
            "orientation_in_bot": [
                0.5392270367451223,
                0.5910334456230355,
                -0.06974561550686721,
                0.5958600658842689
            ],
            "position_in_world": [
                4.831146240234375,
                4.7255048751831055,
                0.2207283079624176
            ],
            "bot_in_world": [
                3.8483426570892334,
                3.4007482528686523,
                0.0020372122526168823
            ],
            "path": "./prompt_files/data/put_a_rubbish_on_the_floor/subtask_1/seg_instance2_detect_surroundings.png"
        },
        "scene_graph": [],
        "inventory": []
    },
    "3_detect_surroundings": {
        "bag_of_rubbish_276": {
            "ability": [
                [
                    "heatable",
                    0
                ],
                [
                    "freezable",
                    0
                ]
            ],
            "position_in_bot": {
                "rho": 1.6639437625237476,
                "theta_deg": 100.30932814558241,
                "phi_deg": 81.5287038016187
            },
            "orientation_in_bot": [
                0.5392270367451223,
                0.5910334456230355,
                -0.06974561550686721,
                0.5958600658842689
            ],
            "position_in_world": [
                4.831146240234375,
                4.7255048751831055,
                0.2207283079624176
            ],
            "bot_in_world": [
                3.8483426570892334,
                3.4007482528686523,
                0.0020372122526168823
            ],
            "path": "./prompt_files/data/put_a_rubbish_on_the_floor/subtask_1/seg_instance3_detect_surroundings.png"
        },
        "scene_graph": [],
        "inventory": []
    },
    "4_detect_surroundings": {
        "bag_of_rubbish_276": {
            "ability": [
                [
                    "heatable",
                    0
                ],
                [
                    "freezable",
                    0
                ]
            ],
            "position_in_bot": {
                "rho": 1.6639437625237476,
                "theta_deg": 100.30932814558241,
                "phi_deg": 81.5287038016187
            },
            "orientation_in_bot": [
                0.5392270367451223,
                0.5910334456230355,
                -0.06974561550686721,
                0.5958600658842689
            ],
            "position_in_world": [
                4.831146240234375,
                4.7255048751831055,
                0.2207283079624176
            ],
            "bot_in_world": [
                3.8483426570892334,
                3.4007482528686523,
                0.0020372122526168823
            ],
            "path": "./prompt_files/data/put_a_rubbish_on_the_floor/subtask_1/seg_instance4_detect_surroundings.png"
        },
        "scene_graph": [],
        "inventory": []
    },
    "5_detect_surroundings": {
        "bag_of_rubbish_276": {
            "ability": [
                [
                    "heatable",
                    0
                ],
                [
                    "freezable",
                    0
                ]
            ],
            "position_in_bot": {
                "rho": 1.6639437625237476,
                "theta_deg": 100.30932814558241,
                "phi_deg": 81.5287038016187
            },
            "orientation_in_bot": [
                0.5392270367451223,
                0.5910334456230355,
                -0.06974561550686721,
                0.5958600658842689
            ],
            "position_in_world": [
                4.831146240234375,
                4.7255048751831055,
                0.2207283079624176
            ],
            "bot_in_world": [
                3.8483426570892334,
                3.4007482528686523,
                0.0020372122526168823
            ],
            "path": "./prompt_files/data/put_a_rubbish_on_the_floor/subtask_1/seg_instance5_detect_surroundings.png"
        },
        "scene_graph": [],
        "inventory": []
    },
    "6_detect_surroundings": {
        "bag_of_rubbish_276": {
            "ability": [
                [
                    "heatable",
                    0
                ],
                [
                    "freezable",
                    0
                ]
            ],
            "position_in_bot": {
                "rho": 1.6639437625237476,
                "theta_deg": 100.30932814558241,
                "phi_deg": 81.5287038016187
            },
            "orientation_in_bot": [
                0.5392270367451223,
                0.5910334456230355,
                -0.06974561550686721,
                0.5958600658842689
            ],
            "position_in_world": [
                4.831146240234375,
                4.7255048751831055,
                0.2207283079624176
            ],
            "bot_in_world": [
                3.8483426570892334,
                3.4007482528686523,
                0.0020372122526168823
            ],